,0,1,2,3,4,5,6,7,8,9,10,11,12,13,14,15,16,17,18,19,20,21,22,23,24,25,26,27,28,29,30,31,32,33,34,35,36,37,38,39,40,41,42,43,44,45,46,47,48,49,50,51,52,53,54,55,56,57,58,59,60,61,62,63,64,65,66,67,68,69,70,71,72,73,74,75,76,77,78,79,80,81,82,83,84,85,86,87,88,89,90,91
0,9.0,7.0,18.0,8.0,17.0,3.0,19.0,9.0,13.0,18.0,63.0,0.0,30.0,25.0,0.0,6.0,4.0,0.0,49.0,10.0,0.0,6.0,25.0,16.0,5.0,10.0,4.0,12.0,0.0,1.0,8.0,2.0,6.0,8.0,0.0,16.0,7.0,11.0,0.0,0.0,0.0,0.0,0.0,0.0,0.0,4.0,,,,,,,,,,,,,,,,,,,,,,,,,,,,,,,,,,,,,,,,,,,,,,
1,13.0,1.0,41.0,0.0,20.0,0.0,0.0,18.0,56.0,29.0,16.0,0.0,14.0,0.0,0.0,4.0,0.0,16.0,14.0,32.0,15.0,28.0,0.0,0.0,0.0,0.0,0.0,0.0,0.0,,,,,,,,,,,,,,,,,,,,,,,,,,,,,,,,,,,,,,,,,,,,,,,,,,,,,,,,,,,,,,,
2,23.0,4.0,10.0,0.0,0.0,6.0,9.0,0.0,0.0,3.0,12.0,13.0,5.0,5.0,14.0,0.0,3.0,1.0,0.0,31.0,0.0,31.0,11.0,,,,,,,,,,,,,,,,,,,,,,,,,,,,,,,,,,,,,,,,,,,,,,,,,,,,,,,,,,,,,,,,,,,,,
3,10.0,9.0,13.0,25.0,10.0,5.0,4.0,19.0,33.0,72.0,17.0,82.0,7.0,0.0,34.0,0.0,11.0,1.0,16.0,0.0,43.0,20.0,0.0,10.0,0.0,16.0,11.0,39.0,34.0,16.0,22.0,0.0,32.0,0.0,0.0,0.0,15.0,0.0,17.0,12.0,76.0,48.0,56.0,16.0,73.0,12.0,0.0,0.0,8.0,0.0,13.0,,,,,,,,,,,,,,,,,,,,,,,,,,,,,,,,,,,,,,,,,
4,5.0,0.0,21.0,11.0,3.0,0.0,41.0,10.0,0.0,52.0,0.0,0.0,15.0,7.0,5.0,0.0,3.0,14.0,0.0,9.0,0.0,0.0,0.0,0.0,0.0,1.0,0.0,0.0,0.0,0.0,0.0,0.0,0.0,0.0,0.0,0.0,,,,,,,,,,,,,,,,,,,,,,,,,,,,,,,,,,,,,,,,,,,,,,,,,,,,,,,,
5,4.0,33.0,7.0,8.0,19.0,5.0,8.0,5.0,13.0,12.0,5.0,0.0,7.0,9.0,11.0,15.0,2.0,21.0,10.0,30.0,2.0,57.0,21.0,17.0,15.0,3.0,17.0,12.0,54.0,12.0,0.0,0.0,6.0,21.0,0.0,89.0,7.0,18.0,1.0,0.0,0.0,5.0,6.0,3.0,2.0,9.0,0.0,27.0,6.0,0.0,0.0,0.0,7.0,12.0,0.0,1.0,0.0,1.0,11.0,11.0,36.0,26.0,12.0,0.0,34.0,6.0,0.0,2.0,41.0,15.0,8.0,0.0,6.0,0.0,5.0,1.0,3.0,0.0,0.0,51.0,0.0,0.0,0.0,,,,,,,,,
6,29.0,20.0,7.0,25.0,0.0,8.0,8.0,15.0,0.0,0.0,80.0,25.0,5.0,10.0,0.0,0.0,8.0,0.0,16.0,0.0,0.0,0.0,0.0,9.0,1.0,0.0,5.0,9.0,11.0,2.0,2.0,4.0,0.0,0.0,0.0,0.0,0.0,,,,,,,,,,,,,,,,,,,,,,,,,,,,,,,,,,,,,,,,,,,,,,,,,,,,,,,
7,14.0,0.0,0.0,0.0,50.0,13.0,0.0,11.0,10.0,50.0,5.0,0.0,0.0,0.0,21.0,18.0,20.0,39.0,0.0,19.0,0.0,46.0,8.0,5.0,8.0,37.0,0.0,4.0,0.0,0.0,2.0,0.0,0.0,0.0,0.0,0.0,0.0,0.0,0.0,,,,,,,,,,,,,,,,,,,,,,,,,,,,,,,,,,,,,,,,,,,,,,,,,,,,,
8,16.0,4.0,0.0,12.0,20.0,9.0,21.0,6.0,17.0,4.0,0.0,0.0,0.0,0.0,0.0,22.0,6.0,0.0,4.0,0.0,0.0,12.0,0.0,0.0,0.0,0.0,0.0,0.0,0.0,0.0,0.0,0.0,0.0,0.0,0.0,,,,,,,,,,,,,,,,,,,,,,,,,,,,,,,,,,,,,,,,,,,,,,,,,,,,,,,,,
9,28.0,5.0,16.0,0.0,1.0,9.0,22.0,12.0,78.0,11.0,0.0,3.0,27.0,0.0,17.0,55.0,14.0,3.0,26.0,22.0,28.0,79.0,0.0,0.0,50.0,51.0,21.0,62.0,0.0,79.0,53.0,52.0,10.0,0.0,6.0,0.0,50.0,246.0,0.0,76.0,57.0,42.0,0.0,745.0,94.0,38.0,499.0,115.0,0.0,253.0,114.0,218.0,171.0,37.0,17.0,4.0,204.0,35.0,14.0,0.0,2.0,75.0,18.0,235.0,10.0,0.0,0.0,0.0,0.0,0.0,0.0,,,,,,,,,,,,,,,,,,,,,
10,4.0,24.0,0.0,27.0,29.0,32.0,1.0,0.0,34.0,16.0,19.0,22.0,22.0,0.0,0.0,5.0,80.0,20.0,0.0,10.0,0.0,5.0,10.0,57.0,35.0,31.0,21.0,45.0,0.0,25.0,39.0,0.0,19.0,,,,,,,,,,,,,,,,,,,,,,,,,,,,,,,,,,,,,,,,,,,,,,,,,,,,,,,,,,,
11,36.0,9.0,10.0,10.0,5.0,15.0,0.0,12.0,5.0,4.0,4.0,20.0,1.0,10.0,10.0,67.0,24.0,0.0,0.0,2.0,7.0,22.0,29.0,17.0,0.0,21.0,20.0,1.0,9.0,0.0,6.0,3.0,7.0,0.0,23.0,8.0,94.0,75.0,0.0,21.0,4.0,0.0,0.0,0.0,0.0,30.0,,,,,,,,,,,,,,,,,,,,,,,,,,,,,,,,,,,,,,,,,,,,,,
12,17.0,4.0,22.0,20.0,5.0,17.0,0.0,15.0,10.0,24.0,0.0,18.0,2.0,17.0,10.0,1.0,15.0,18.0,13.0,0.0,4.0,0.0,0.0,0.0,19.0,57.0,7.0,0.0,71.0,209.0,5.0,2.0,0.0,0.0,4.0,0.0,0.0,0.0,0.0,0.0,1.0,0.0,0.0,0.0,0.0,,,,,,,,,,,,,,,,,,,,,,,,,,,,,,,,,,,,,,,,,,,,,,,
13,6.0,35.0,10.0,20.0,21.0,10.0,5.0,0.0,5.0,22.0,0.0,11.0,0.0,5.0,61.0,7.0,20.0,18.0,3.0,10.0,6.0,0.0,0.0,16.0,16.0,0.0,155.0,0.0,0.0,0.0,44.0,0.0,,,,,,,,,,,,,,,,,,,,,,,,,,,,,,,,,,,,,,,,,,,,,,,,,,,,,,,,,,,,
14,10.0,19.0,24.0,19.0,18.0,0.0,14.0,2.0,8.0,15.0,3.0,7.0,19.0,24.0,168.0,31.0,96.0,49.0,46.0,44.0,111.0,0.0,20.0,0.0,46.0,3.0,33.0,3.0,59.0,,,,,,,,,,,,,,,,,,,,,,,,,,,,,,,,,,,,,,,,,,,,,,,,,,,,,,,,,,,,,,,
15,42.0,22.0,0.0,19.0,0.0,4.0,0.0,0.0,0.0,0.0,47.0,18.0,24.0,24.0,34.0,10.0,11.0,12.0,37.0,3.0,51.0,18.0,7.0,43.0,68.0,9.0,0.0,0.0,10.0,,,,,,,,,,,,,,,,,,,,,,,,,,,,,,,,,,,,,,,,,,,,,,,,,,,,,,,,,,,,,,,
16,14.0,10.0,13.0,7.0,0.0,11.0,23.0,37.0,47.0,23.0,0.0,21.0,38.0,15.0,0.0,0.0,6.0,2.0,10.0,33.0,25.0,0.0,19.0,0.0,64.0,18.0,,,,,,,,,,,,,,,,,,,,,,,,,,,,,,,,,,,,,,,,,,,,,,,,,,,,,,,,,,,,,,,,,,
17,27.0,29.0,22.0,7.0,0.0,1.0,28.0,8.0,9.0,11.0,0.0,0.0,0.0,17.0,6.0,9.0,7.0,35.0,12.0,6.0,5.0,0.0,0.0,18.0,21.0,10.0,54.0,0.0,0.0,9.0,8.0,34.0,,,,,,,,,,,,,,,,,,,,,,,,,,,,,,,,,,,,,,,,,,,,,,,,,,,,,,,,,,,,
18,10.0,0.0,6.0,0.0,0.0,4.0,0.0,58.0,25.0,15.0,22.0,57.0,15.0,2.0,0.0,70.0,23.0,15.0,0.0,192.0,45.0,9.0,0.0,114.0,15.0,301.0,0.0,62.0,0.0,23.0,0.0,0.0,1.0,0.0,326.0,0.0,36.0,43.0,0.0,0.0,25.0,0.0,0.0,0.0,0.0,0.0,,,,,,,,,,,,,,,,,,,,,,,,,,,,,,,,,,,,,,,,,,,,,,
19,6.0,12.0,12.0,22.0,6.0,0.0,3.0,0.0,5.0,0.0,6.0,17.0,2.0,0.0,65.0,39.0,8.0,123.0,9.0,11.0,129.0,15.0,30.0,46.0,53.0,41.0,0.0,81.0,46.0,11.0,23.0,15.0,0.0,21.0,17.0,28.0,22.0,16.0,69.0,48.0,8.0,33.0,46.0,71.0,3.0,55.0,10.0,5.0,45.0,92.0,52.0,0.0,0.0,0.0,0.0,3.0,0.0,0.0,0.0,0.0,0.0,0.0,,,,,,,,,,,,,,,,,,,,,,,,,,,,,,
20,9.0,0.0,0.0,0.0,10.0,0.0,0.0,12.0,4.0,23.0,27.0,11.0,15.0,50.0,12.0,9.0,0.0,29.0,200.0,19.0,15.0,10.0,0.0,0.0,0.0,0.0,0.0,0.0,0.0,,,,,,,,,,,,,,,,,,,,,,,,,,,,,,,,,,,,,,,,,,,,,,,,,,,,,,,,,,,,,,,
21,48.0,0.0,0.0,1.0,22.0,14.0,20.0,4.0,19.0,1.0,48.0,43.0,2.0,35.0,40.0,59.0,27.0,66.0,0.0,8.0,13.0,104.0,72.0,50.0,35.0,503.0,0.0,,,,,,,,,,,,,,,,,,,,,,,,,,,,,,,,,,,,,,,,,,,,,,,,,,,,,,,,,,,,,,,,,
22,12.0,42.0,5.0,2.0,47.0,6.0,0.0,30.0,53.0,54.0,111.0,16.0,10.0,1.0,15.0,35.0,95.0,0.0,30.0,13.0,0.0,56.0,11.0,3.0,6.0,0.0,9.0,10.0,39.0,0.0,21.0,0.0,45.0,66.0,14.0,0.0,28.0,0.0,41.0,,,,,,,,,,,,,,,,,,,,,,,,,,,,,,,,,,,,,,,,,,,,,,,,,,,,,
23,14.0,10.0,7.0,0.0,0.0,10.0,22.0,49.0,7.0,0.0,63.0,54.0,0.0,19.0,93.0,0.0,30.0,24.0,8.0,2.0,5.0,0.0,36.0,5.0,33.0,45.0,0.0,0.0,0.0,10.0,1.0,19.0,,,,,,,,,,,,,,,,,,,,,,,,,,,,,,,,,,,,,,,,,,,,,,,,,,,,,,,,,,,,
24,11.0,9.0,22.0,14.0,10.0,11.0,16.0,20.0,2.0,16.0,19.0,49.0,38.0,0.0,29.0,9.0,2.0,4.0,51.0,0.0,3.0,0.0,3.0,3.0,4.0,0.0,14.0,7.0,24.0,59.0,18.0,37.0,7.0,41.0,3.0,,,,,,,,,,,,,,,,,,,,,,,,,,,,,,,,,,,,,,,,,,,,,,,,,,,,,,,,,
25,5.0,0.0,14.0,0.0,0.0,11.0,7.0,4.0,16.0,3.0,37.0,31.0,12.0,12.0,17.0,1.0,1.0,0.0,11.0,3.0,0.0,7.0,8.0,0.0,2.0,2.0,5.0,9.0,0.0,0.0,0.0,0.0,0.0,0.0,0.0,0.0,0.0,,,,,,,,,,,,,,,,,,,,,,,,,,,,,,,,,,,,,,,,,,,,,,,,,,,,,,,
26,4.0,8.0,7.0,1.0,6.0,6.0,0.0,6.0,9.0,24.0,0.0,0.0,110.0,56.0,5.0,0.0,12.0,7.0,0.0,0.0,28.0,14.0,26.0,0.0,0.0,10.0,0.0,2.0,10.0,3.0,3.0,14.0,7.0,13.0,0.0,86.0,5.0,0.0,5.0,17.0,242.0,0.0,126.0,0.0,0.0,15.0,109.0,113.0,0.0,0.0,164.0,0.0,0.0,0.0,32.0,398.0,207.0,0.0,5.0,5.0,0.0,4.0,2.0,385.0,2.0,34.0,20.0,0.0,2.0,0.0,0.0,0.0,,,,,,,,,,,,,,,,,,,,
27,5.0,23.0,2.0,19.0,17.0,10.0,13.0,15.0,4.0,15.0,0.0,23.0,61.0,123.0,0.0,1.0,151.0,17.0,41.0,102.0,19.0,9.0,49.0,0.0,0.0,53.0,65.0,0.0,13.0,430.0,35.0,52.0,26.0,8.0,45.0,0.0,11.0,23.0,0.0,14.0,6.0,0.0,0.0,266.0,5.0,0.0,42.0,0.0,0.0,79.0,0.0,327.0,0.0,159.0,0.0,41.0,0.0,0.0,0.0,0.0,,,,,,,,,,,,,,,,,,,,,,,,,,,,,,,,
28,14.0,6.0,14.0,3.0,16.0,13.0,15.0,61.0,0.0,0.0,22.0,0.0,26.0,15.0,0.0,27.0,67.0,11.0,30.0,46.0,0.0,11.0,151.0,25.0,11.0,0.0,8.0,0.0,0.0,4.0,0.0,0.0,6.0,3.0,0.0,0.0,2.0,1.0,0.0,0.0,1.0,0.0,,,,,,,,,,,,,,,,,,,,,,,,,,,,,,,,,,,,,,,,,,,,,,,,,,
29,2.0,8.0,18.0,18.0,16.0,0.0,2.0,0.0,22.0,0.0,37.0,2.0,140.0,16.0,43.0,8.0,0.0,32.0,0.0,15.0,0.0,115.0,0.0,4.0,,,,,,,,,,,,,,,,,,,,,,,,,,,,,,,,,,,,,,,,,,,,,,,,,,,,,,,,,,,,,,,,,,,,
30,0.0,0.0,0.0,12.0,21.0,11.0,22.0,25.0,41.0,4.0,18.0,22.0,34.0,14.0,10.0,144.0,0.0,97.0,21.0,67.0,26.0,0.0,4.0,44.0,16.0,212.0,111.0,22.0,5.0,233.0,0.0,41.0,0.0,0.0,492.0,30.0,1.0,30.0,0.0,,,,,,,,,,,,,,,,,,,,,,,,,,,,,,,,,,,,,,,,,,,,,,,,,,,,,
31,0.0,2.0,8.0,22.0,32.0,2.0,5.0,0.0,27.0,10.0,3.0,84.0,20.0,44.0,46.0,2.0,0.0,0.0,65.0,26.0,0.0,11.0,15.0,48.0,13.0,5.0,16.0,6.0,,,,,,,,,,,,,,,,,,,,,,,,,,,,,,,,,,,,,,,,,,,,,,,,,,,,,,,,,,,,,,,,
32,16.0,1.0,3.0,0.0,14.0,9.0,3.0,24.0,19.0,26.0,41.0,16.0,45.0,28.0,0.0,37.0,40.0,0.0,0.0,19.0,6.0,1.0,50.0,17.0,0.0,118.0,24.0,0.0,25.0,16.0,16.0,72.0,0.0,17.0,12.0,0.0,35.0,91.0,68.0,0.0,4.0,0.0,0.0,0.0,0.0,,,,,,,,,,,,,,,,,,,,,,,,,,,,,,,,,,,,,,,,,,,,,,,
33,15.0,0.0,17.0,0.0,0.0,23.0,12.0,7.0,69.0,33.0,10.0,19.0,14.0,41.0,33.0,48.0,0.0,17.0,7.0,41.0,117.0,119.0,31.0,9.0,66.0,0.0,0.0,15.0,0.0,64.0,31.0,1.0,14.0,38.0,0.0,4.0,0.0,0.0,0.0,0.0,0.0,0.0,0.0,0.0,0.0,0.0,,,,,,,,,,,,,,,,,,,,,,,,,,,,,,,,,,,,,,,,,,,,,,
34,38.0,0.0,7.0,24.0,26.0,2.0,0.0,8.0,26.0,31.0,0.0,16.0,0.0,38.0,17.0,2.0,0.0,54.0,21.0,0.0,14.0,6.0,1.0,0.0,6.0,0.0,0.0,0.0,0.0,10.0,1.0,3.0,0.0,1.0,10.0,3.0,5.0,6.0,4.0,2.0,4.0,7.0,4.0,6.0,0.0,0.0,1.0,2.0,2.0,1.0,0.0,0.0,2.0,0.0,3.0,0.0,0.0,0.0,0.0,0.0,0.0,0.0,44.0,0.0,0.0,,,,,,,,,,,,,,,,,,,,,,,,,,,
35,1.0,0.0,13.0,6.0,5.0,13.0,6.0,0.0,0.0,20.0,0.0,7.0,47.0,21.0,28.0,37.0,84.0,15.0,37.0,66.0,7.0,93.0,54.0,0.0,45.0,86.0,199.0,0.0,80.0,32.0,0.0,0.0,122.0,0.0,36.0,0.0,29.0,0.0,0.0,0.0,,,,,,,,,,,,,,,,,,,,,,,,,,,,,,,,,,,,,,,,,,,,,,,,,,,,
36,18.0,23.0,5.0,5.0,0.0,12.0,3.0,0.0,19.0,0.0,3.0,0.0,0.0,0.0,11.0,23.0,0.0,32.0,21.0,0.0,30.0,6.0,20.0,137.0,22.0,0.0,44.0,16.0,15.0,12.0,37.0,3.0,0.0,4.0,103.0,0.0,0.0,12.0,0.0,0.0,6.0,3.0,0.0,0.0,0.0,0.0,0.0,0.0,0.0,0.0,3.0,2.0,0.0,0.0,0.0,0.0,0.0,0.0,0.0,0.0,1.0,0.0,0.0,0.0,0.0,,,,,,,,,,,,,,,,,,,,,,,,,,,
37,8.0,41.0,4.0,37.0,11.0,10.0,0.0,34.0,7.0,0.0,33.0,0.0,29.0,12.0,5.0,0.0,0.0,43.0,15.0,99.0,35.0,0.0,11.0,1.0,4.0,0.0,91.0,13.0,0.0,117.0,84.0,0.0,5.0,10.0,1.0,2.0,0.0,1.0,0.0,4.0,24.0,11.0,0.0,0.0,0.0,0.0,0.0,0.0,0.0,,,,,,,,,,,,,,,,,,,,,,,,,,,,,,,,,,,,,,,,,,,
38,32.0,27.0,3.0,8.0,3.0,31.0,0.0,7.0,16.0,11.0,27.0,0.0,17.0,10.0,26.0,21.0,103.0,46.0,70.0,16.0,76.0,56.0,357.0,,,,,,,,,,,,,,,,,,,,,,,,,,,,,,,,,,,,,,,,,,,,,,,,,,,,,,,,,,,,,,,,,,,,,
39,9.0,1.0,18.0,24.0,0.0,3.0,9.0,9.0,0.0,12.0,69.0,23.0,0.0,7.0,28.0,0.0,72.0,14.0,22.0,32.0,19.0,216.0,5.0,8.0,20.0,69.0,129.0,36.0,34.0,5.0,0.0,1.0,12.0,7.0,18.0,0.0,0.0,16.0,8.0,30.0,0.0,0.0,25.0,0.0,2.0,3.0,36.0,6.0,0.0,0.0,50.0,0.0,12.0,,,,,,,,,,,,,,,,,,,,,,,,,,,,,,,,,,,,,,,
40,0.0,35.0,28.0,5.0,11.0,12.0,5.0,4.0,2.0,5.0,10.0,2.0,39.0,0.0,0.0,28.0,31.0,28.0,46.0,18.0,8.0,11.0,5.0,29.0,0.0,35.0,0.0,6.0,41.0,10.0,27.0,58.0,0.0,0.0,9.0,1.0,0.0,9.0,5.0,10.0,10.0,4.0,12.0,33.0,48.0,2.0,24.0,0.0,6.0,4.0,0.0,44.0,0.0,0.0,5.0,0.0,6.0,,,,,,,,,,,,,,,,,,,,,,,,,,,,,,,,,,,
41,0.0,6.0,44.0,10.0,25.0,12.0,17.0,21.0,26.0,0.0,10.0,12.0,1.0,19.0,0.0,4.0,7.0,0.0,12.0,23.0,0.0,0.0,0.0,2.0,0.0,0.0,3.0,0.0,0.0,0.0,0.0,17.0,54.0,11.0,0.0,13.0,5.0,25.0,10.0,0.0,14.0,0.0,3.0,12.0,3.0,0.0,0.0,0.0,1.0,3.0,0.0,0.0,0.0,0.0,54.0,,,,,,,,,,,,,,,,,,,,,,,,,,,,,,,,,,,,,
42,34.0,3.0,10.0,10.0,16.0,13.0,28.0,0.0,3.0,0.0,0.0,0.0,30.0,0.0,10.0,11.0,31.0,35.0,7.0,43.0,6.0,66.0,9.0,30.0,19.0,87.0,3.0,311.0,149.0,27.0,36.0,30.0,0.0,45.0,24.0,270.0,0.0,127.0,0.0,0.0,0.0,46.0,28.0,526.0,22.0,482.0,,,,,,,,,,,,,,,,,,,,,,,,,,,,,,,,,,,,,,,,,,,,,,
43,26.0,40.0,9.0,18.0,8.0,5.0,0.0,6.0,21.0,62.0,59.0,68.0,0.0,52.0,0.0,10.0,22.0,51.0,0.0,25.0,35.0,3.0,138.0,0.0,13.0,0.0,23.0,72.0,129.0,0.0,2.0,71.0,335.0,66.0,0.0,0.0,45.0,14.0,26.0,0.0,65.0,28.0,7.0,51.0,37.0,25.0,0.0,0.0,0.0,0.0,0.0,36.0,,,,,,,,,,,,,,,,,,,,,,,,,,,,,,,,,,,,,,,,
44,40.0,0.0,10.0,24.0,25.0,11.0,0.0,23.0,109.0,27.0,117.0,56.0,42.0,43.0,0.0,79.0,0.0,1.0,0.0,0.0,0.0,34.0,0.0,0.0,0.0,0.0,0.0,0.0,0.0,0.0,0.0,0.0,,,,,,,,,,,,,,,,,,,,,,,,,,,,,,,,,,,,,,,,,,,,,,,,,,,,,,,,,,,,
45,26.0,15.0,34.0,35.0,0.0,0.0,0.0,9.0,18.0,17.0,18.0,7.0,42.0,42.0,8.0,32.0,26.0,22.0,23.0,15.0,0.0,0.0,0.0,0.0,0.0,0.0,0.0,0.0,,,,,,,,,,,,,,,,,,,,,,,,,,,,,,,,,,,,,,,,,,,,,,,,,,,,,,,,,,,,,,,,
46,17.0,15.0,0.0,0.0,9.0,24.0,0.0,1.0,0.0,11.0,0.0,11.0,31.0,32.0,26.0,0.0,56.0,0.0,0.0,208.0,27.0,185.0,0.0,58.0,239.0,39.0,9.0,0.0,11.0,0.0,0.0,0.0,0.0,4.0,0.0,0.0,0.0,0.0,0.0,,,,,,,,,,,,,,,,,,,,,,,,,,,,,,,,,,,,,,,,,,,,,,,,,,,,,
47,21.0,17.0,7.0,29.0,9.0,19.0,9.0,3.0,17.0,36.0,0.0,6.0,8.0,6.0,5.0,0.0,29.0,25.0,14.0,37.0,33.0,46.0,69.0,6.0,14.0,10.0,46.0,64.0,248.0,0.0,28.0,50.0,54.0,2.0,0.0,16.0,24.0,14.0,1.0,0.0,0.0,93.0,0.0,332.0,56.0,0.0,10.0,25.0,228.0,,,,,,,,,,,,,,,,,,,,,,,,,,,,,,,,,,,,,,,,,,,
48,17.0,3.0,35.0,13.0,18.0,16.0,7.0,18.0,0.0,29.0,5.0,0.0,29.0,0.0,7.0,150.0,6.0,90.0,31.0,0.0,5.0,50.0,128.0,4.0,8.0,66.0,15.0,15.0,42.0,0.0,8.0,154.0,91.0,18.0,202.0,43.0,109.0,0.0,32.0,30.0,219.0,,,,,,,,,,,,,,,,,,,,,,,,,,,,,,,,,,,,,,,,,,,,,,,,,,,
49,0.0,42.0,4.0,2.0,9.0,39.0,3.0,7.0,27.0,0.0,49.0,0.0,0.0,226.0,4.0,0.0,3.0,,,,,,,,,,,,,,,,,,,,,,,,,,,,,,,,,,,,,,,,,,,,,,,,,,,,,,,,,,,,,,,,,,,,,,,,,,,
50,7.0,22.0,0.0,0.0,52.0,11.0,12.0,27.0,2.0,30.0,56.0,20.0,0.0,2.0,52.0,22.0,0.0,0.0,1.0,0.0,18.0,6.0,35.0,5.0,9.0,5.0,37.0,0.0,69.0,102.0,0.0,105.0,0.0,38.0,0.0,12.0,88.0,89.0,90.0,9.0,5.0,0.0,14.0,16.0,2.0,1.0,,,,,,,,,,,,,,,,,,,,,,,,,,,,,,,,,,,,,,,,,,,,,,
51,4.0,18.0,6.0,24.0,13.0,11.0,7.0,5.0,0.0,0.0,6.0,0.0,0.0,39.0,0.0,108.0,27.0,0.0,13.0,70.0,65.0,26.0,30.0,2.0,43.0,0.0,24.0,33.0,49.0,10.0,9.0,6.0,63.0,13.0,32.0,8.0,89.0,95.0,300.0,71.0,0.0,292.0,57.0,17.0,5.0,221.0,102.0,6.0,235.0,156.0,,,,,,,,,,,,,,,,,,,,,,,,,,,,,,,,,,,,,,,,,,
52,2.0,16.0,0.0,4.0,13.0,10.0,0.0,7.0,39.0,14.0,21.0,12.0,26.0,9.0,28.0,22.0,0.0,0.0,16.0,38.0,43.0,52.0,12.0,7.0,54.0,12.0,68.0,14.0,46.0,30.0,20.0,41.0,0.0,10.0,0.0,13.0,14.0,124.0,138.0,31.0,63.0,4.0,0.0,0.0,0.0,0.0,0.0,0.0,0.0,0.0,0.0,0.0,0.0,33.0,0.0,0.0,0.0,0.0,0.0,0.0,0.0,0.0,0.0,0.0,0.0,0.0,0.0,0.0,0.0,0.0,,,,,,,,,,,,,,,,,,,,,,
53,0.0,0.0,6.0,17.0,14.0,14.0,12.0,0.0,8.0,11.0,9.0,0.0,77.0,0.0,17.0,44.0,0.0,18.0,35.0,25.0,0.0,111.0,36.0,0.0,1.0,4.0,15.0,0.0,80.0,9.0,37.0,241.0,0.0,0.0,0.0,0.0,0.0,0.0,0.0,0.0,0.0,0.0,0.0,0.0,0.0,0.0,,,,,,,,,,,,,,,,,,,,,,,,,,,,,,,,,,,,,,,,,,,,,,
54,24.0,8.0,0.0,8.0,9.0,0.0,2.0,0.0,31.0,12.0,19.0,16.0,91.0,13.0,48.0,30.0,15.0,23.0,38.0,0.0,0.0,88.0,45.0,8.0,8.0,0.0,0.0,0.0,44.0,24.0,14.0,0.0,,,,,,,,,,,,,,,,,,,,,,,,,,,,,,,,,,,,,,,,,,,,,,,,,,,,,,,,,,,,
55,24.0,14.0,21.0,0.0,28.0,9.0,0.0,22.0,0.0,67.0,32.0,9.0,126.0,49.0,18.0,99.0,287.0,0.0,45.0,102.0,98.0,0.0,29.0,27.0,37.0,126.0,5.0,11.0,41.0,5.0,53.0,376.0,40.0,38.0,91.0,105.0,29.0,10.0,0.0,65.0,48.0,696.0,32.0,,,,,,,,,,,,,,,,,,,,,,,,,,,,,,,,,,,,,,,,,,,,,,,,,
56,9.0,40.0,2.0,3.0,10.0,5.0,0.0,1.0,38.0,15.0,31.0,0.0,13.0,0.0,0.0,31.0,16.0,25.0,32.0,0.0,5.0,24.0,28.0,14.0,0.0,12.0,9.0,0.0,30.0,0.0,71.0,66.0,28.0,13.0,89.0,13.0,37.0,113.0,65.0,8.0,19.0,17.0,5.0,2.0,0.0,0.0,3.0,0.0,0.0,,,,,,,,,,,,,,,,,,,,,,,,,,,,,,,,,,,,,,,,,,,
57,37.0,6.0,21.0,0.0,12.0,5.0,16.0,0.0,18.0,5.0,24.0,11.0,29.0,12.0,0.0,3.0,12.0,28.0,0.0,0.0,10.0,20.0,0.0,7.0,0.0,3.0,8.0,18.0,0.0,18.0,0.0,0.0,20.0,0.0,8.0,0.0,0.0,0.0,10.0,0.0,11.0,0.0,0.0,0.0,0.0,,,,,,,,,,,,,,,,,,,,,,,,,,,,,,,,,,,,,,,,,,,,,,,
58,46.0,21.0,16.0,0.0,0.0,27.0,21.0,8.0,11.0,0.0,21.0,9.0,2.0,25.0,26.0,11.0,19.0,0.0,9.0,22.0,26.0,13.0,11.0,19.0,34.0,4.0,0.0,,,,,,,,,,,,,,,,,,,,,,,,,,,,,,,,,,,,,,,,,,,,,,,,,,,,,,,,,,,,,,,,,
59,24.0,1.0,9.0,9.0,13.0,0.0,0.0,0.0,24.0,0.0,98.0,4.0,0.0,80.0,68.0,13.0,0.0,15.0,0.0,0.0,0.0,24.0,39.0,28.0,37.0,67.0,19.0,5.0,0.0,48.0,0.0,71.0,0.0,16.0,17.0,4.0,75.0,0.0,0.0,0.0,1.0,2.0,0.0,10.0,9.0,0.0,0.0,0.0,0.0,0.0,0.0,0.0,0.0,,,,,,,,,,,,,,,,,,,,,,,,,,,,,,,,,,,,,,,
60,23.0,21.0,14.0,16.0,6.0,14.0,36.0,13.0,7.0,2.0,15.0,14.0,6.0,3.0,12.0,0.0,,,,,,,,,,,,,,,,,,,,,,,,,,,,,,,,,,,,,,,,,,,,,,,,,,,,,,,,,,,,,,,,,,,,,,,,,,,,
61,15.0,0.0,16.0,22.0,0.0,29.0,15.0,14.0,33.0,18.0,8.0,26.0,7.0,10.0,53.0,0.0,0.0,16.0,23.0,4.0,0.0,20.0,0.0,0.0,0.0,54.0,38.0,2.0,81.0,16.0,14.0,5.0,0.0,12.0,12.0,0.0,3.0,0.0,9.0,6.0,4.0,1.0,8.0,0.0,0.0,0.0,2.0,0.0,0.0,0.0,0.0,0.0,0.0,0.0,0.0,,,,,,,,,,,,,,,,,,,,,,,,,,,,,,,,,,,,,
62,3.0,13.0,0.0,12.0,9.0,3.0,17.0,3.0,18.0,1.0,27.0,5.0,5.0,0.0,9.0,0.0,35.0,8.0,16.0,32.0,46.0,26.0,19.0,13.0,33.0,22.0,19.0,23.0,9.0,7.0,34.0,0.0,63.0,,,,,,,,,,,,,,,,,,,,,,,,,,,,,,,,,,,,,,,,,,,,,,,,,,,,,,,,,,,
63,37.0,0.0,0.0,0.0,3.0,0.0,12.0,10.0,5.0,2.0,0.0,29.0,0.0,108.0,23.0,16.0,0.0,10.0,0.0,9.0,0.0,7.0,0.0,0.0,13.0,10.0,7.0,6.0,1.0,8.0,0.0,5.0,3.0,0.0,0.0,0.0,0.0,0.0,0.0,0.0,0.0,0.0,0.0,0.0,8.0,0.0,27.0,36.0,48.0,,,,,,,,,,,,,,,,,,,,,,,,,,,,,,,,,,,,,,,,,,,
64,9.0,10.0,15.0,4.0,30.0,23.0,0.0,4.0,6.0,2.0,7.0,12.0,0.0,0.0,3.0,2.0,25.0,10.0,0.0,4.0,14.0,12.0,7.0,8.0,0.0,0.0,0.0,0.0,0.0,0.0,0.0,0.0,0.0,0.0,,,,,,,,,,,,,,,,,,,,,,,,,,,,,,,,,,,,,,,,,,,,,,,,,,,,,,,,,,
65,14.0,0.0,14.0,6.0,0.0,0.0,19.0,9.0,38.0,0.0,0.0,0.0,36.0,0.0,30.0,25.0,21.0,4.0,0.0,10.0,0.0,12.0,42.0,13.0,30.0,3.0,13.0,25.0,7.0,6.0,0.0,7.0,40.0,11.0,10.0,0.0,3.0,0.0,0.0,11.0,7.0,0.0,0.0,0.0,0.0,0.0,0.0,0.0,,,,,,,,,,,,,,,,,,,,,,,,,,,,,,,,,,,,,,,,,,,,
66,0.0,41.0,0.0,0.0,24.0,8.0,47.0,0.0,41.0,31.0,14.0,8.0,0.0,26.0,7.0,35.0,0.0,41.0,0.0,1.0,0.0,67.0,39.0,0.0,0.0,0.0,0.0,0.0,28.0,0.0,0.0,,,,,,,,,,,,,,,,,,,,,,,,,,,,,,,,,,,,,,,,,,,,,,,,,,,,,,,,,,,,,
67,22.0,17.0,0.0,0.0,0.0,14.0,13.0,0.0,11.0,11.0,47.0,0.0,1.0,0.0,0.0,1.0,7.0,0.0,13.0,1.0,0.0,46.0,0.0,9.0,12.0,2.0,5.0,1.0,0.0,0.0,0.0,0.0,0.0,0.0,0.0,0.0,0.0,0.0,0.0,0.0,,,,,,,,,,,,,,,,,,,,,,,,,,,,,,,,,,,,,,,,,,,,,,,,,,,,
68,2.0,28.0,5.0,11.0,4.0,13.0,15.0,10.0,15.0,13.0,12.0,31.0,16.0,0.0,0.0,0.0,37.0,12.0,267.0,0.0,0.0,0.0,0.0,0.0,0.0,,,,,,,,,,,,,,,,,,,,,,,,,,,,,,,,,,,,,,,,,,,,,,,,,,,,,,,,,,,,,,,,,,,
69,30.0,12.0,3.0,5.0,0.0,47.0,0.0,11.0,10.0,15.0,18.0,0.0,0.0,0.0,28.0,0.0,9.0,42.0,6.0,24.0,14.0,10.0,0.0,46.0,0.0,18.0,4.0,22.0,0.0,,,,,,,,,,,,,,,,,,,,,,,,,,,,,,,,,,,,,,,,,,,,,,,,,,,,,,,,,,,,,,,
70,1.0,7.0,1.0,9.0,18.0,0.0,6.0,13.0,0.0,0.0,13.0,7.0,3.0,5.0,8.0,14.0,4.0,0.0,12.0,5.0,16.0,6.0,0.0,2.0,0.0,0.0,11.0,0.0,0.0,0.0,0.0,5.0,0.0,0.0,0.0,0.0,,,,,,,,,,,,,,,,,,,,,,,,,,,,,,,,,,,,,,,,,,,,,,,,,,,,,,,,
71,26.0,11.0,24.0,24.0,1.0,30.0,7.0,0.0,9.0,88.0,12.0,5.0,30.0,34.0,37.0,34.0,83.0,21.0,1.0,0.0,0.0,43.0,32.0,0.0,2.0,82.0,16.0,0.0,92.0,0.0,140.0,0.0,0.0,3.0,,,,,,,,,,,,,,,,,,,,,,,,,,,,,,,,,,,,,,,,,,,,,,,,,,,,,,,,,,
72,15.0,11.0,1.0,14.0,7.0,0.0,5.0,17.0,0.0,0.0,4.0,8.0,7.0,13.0,0.0,62.0,25.0,0.0,13.0,20.0,0.0,0.0,0.0,0.0,2.0,2.0,0.0,0.0,0.0,0.0,0.0,7.0,1.0,1.0,0.0,0.0,0.0,0.0,3.0,0.0,3.0,,,,,,,,,,,,,,,,,,,,,,,,,,,,,,,,,,,,,,,,,,,,,,,,,,,
73,0.0,13.0,13.0,4.0,7.0,0.0,57.0,27.0,11.0,3.0,17.0,107.0,85.0,15.0,0.0,7.0,30.0,8.0,0.0,31.0,0.0,11.0,169.0,0.0,0.0,0.0,0.0,0.0,0.0,0.0,,,,,,,,,,,,,,,,,,,,,,,,,,,,,,,,,,,,,,,,,,,,,,,,,,,,,,,,,,,,,,
74,18.0,7.0,8.0,12.0,16.0,5.0,0.0,22.0,0.0,0.0,23.0,0.0,12.0,84.0,0.0,77.0,98.0,23.0,93.0,32.0,36.0,0.0,0.0,75.0,37.0,0.0,0.0,0.0,0.0,,,,,,,,,,,,,,,,,,,,,,,,,,,,,,,,,,,,,,,,,,,,,,,,,,,,,,,,,,,,,,,
75,16.0,24.0,8.0,20.0,9.0,0.0,6.0,4.0,13.0,2.0,39.0,5.0,18.0,0.0,6.0,2.0,0.0,1.0,12.0,0.0,30.0,3.0,10.0,6.0,0.0,,,,,,,,,,,,,,,,,,,,,,,,,,,,,,,,,,,,,,,,,,,,,,,,,,,,,,,,,,,,,,,,,,,
76,4.0,13.0,2.0,18.0,0.0,23.0,0.0,5.0,30.0,9.0,17.0,11.0,24.0,6.0,18.0,84.0,0.0,0.0,21.0,43.0,0.0,222.0,0.0,48.0,0.0,62.0,47.0,0.0,138.0,37.0,9.0,0.0,0.0,27.0,15.0,11.0,16.0,0.0,0.0,28.0,0.0,63.0,57.0,138.0,55.0,,,,,,,,,,,,,,,,,,,,,,,,,,,,,,,,,,,,,,,,,,,,,,,
77,21.0,14.0,10.0,5.0,0.0,18.0,105.0,48.0,5.0,35.0,0.0,27.0,109.0,0.0,7.0,0.0,0.0,11.0,33.0,0.0,47.0,34.0,34.0,0.0,0.0,5.0,66.0,0.0,17.0,0.0,0.0,0.0,,,,,,,,,,,,,,,,,,,,,,,,,,,,,,,,,,,,,,,,,,,,,,,,,,,,,,,,,,,,
78,11.0,4.0,11.0,9.0,7.0,0.0,7.0,4.0,24.0,13.0,63.0,0.0,134.0,51.0,0.0,11.0,0.0,0.0,1.0,7.0,19.0,18.0,29.0,7.0,0.0,0.0,0.0,0.0,0.0,0.0,11.0,0.0,0.0,0.0,27.0,31.0,2.0,2.0,0.0,5.0,0.0,9.0,5.0,29.0,0.0,0.0,8.0,0.0,0.0,0.0,,,,,,,,,,,,,,,,,,,,,,,,,,,,,,,,,,,,,,,,,,
79,14.0,4.0,0.0,13.0,10.0,1.0,16.0,6.0,24.0,33.0,0.0,5.0,11.0,8.0,29.0,0.0,1.0,11.0,0.0,22.0,0.0,0.0,0.0,0.0,36.0,0.0,16.0,31.0,12.0,2.0,0.0,,,,,,,,,,,,,,,,,,,,,,,,,,,,,,,,,,,,,,,,,,,,,,,,,,,,,,,,,,,,,
80,0.0,0.0,12.0,39.0,6.0,51.0,47.0,2.0,10.0,5.0,3.0,11.0,16.0,19.0,31.0,7.0,1.0,0.0,8.0,1.0,19.0,2.0,7.0,6.0,0.0,5.0,5.0,13.0,12.0,6.0,17.0,8.0,10.0,22.0,0.0,0.0,,,,,,,,,,,,,,,,,,,,,,,,,,,,,,,,,,,,,,,,,,,,,,,,,,,,,,,,
81,25.0,40.0,0.0,12.0,12.0,8.0,0.0,23.0,15.0,10.0,9.0,0.0,5.0,6.0,21.0,3.0,5.0,8.0,40.0,66.0,21.0,6.0,21.0,22.0,0.0,7.0,0.0,0.0,0.0,,,,,,,,,,,,,,,,,,,,,,,,,,,,,,,,,,,,,,,,,,,,,,,,,,,,,,,,,,,,,,,
82,14.0,17.0,0.0,18.0,0.0,13.0,22.0,6.0,24.0,45.0,76.0,0.0,48.0,16.0,0.0,17.0,0.0,4.0,24.0,0.0,58.0,33.0,40.0,7.0,168.0,81.0,0.0,71.0,20.0,39.0,33.0,37.0,31.0,0.0,0.0,13.0,27.0,7.0,0.0,0.0,0.0,0.0,116.0,72.0,0.0,0.0,100.0,24.0,0.0,11.0,33.0,0.0,52.0,0.0,0.0,0.0,,,,,,,,,,,,,,,,,,,,,,,,,,,,,,,,,,,,
83,3.0,0.0,0.0,30.0,10.0,27.0,7.0,12.0,11.0,30.0,52.0,10.0,0.0,0.0,0.0,0.0,54.0,0.0,15.0,13.0,5.0,2.0,3.0,14.0,25.0,0.0,12.0,19.0,42.0,21.0,48.0,4.0,19.0,8.0,6.0,12.0,9.0,24.0,19.0,0.0,0.0,0.0,2.0,0.0,0.0,0.0,8.0,0.0,0.0,,,,,,,,,,,,,,,,,,,,,,,,,,,,,,,,,,,,,,,,,,,
84,0.0,20.0,0.0,1.0,6.0,0.0,28.0,0.0,3.0,2.0,12.0,1.0,0.0,9.0,5.0,19.0,11.0,15.0,26.0,84.0,46.0,9.0,39.0,13.0,0.0,0.0,20.0,31.0,46.0,42.0,13.0,72.0,4.0,6.0,14.0,93.0,22.0,0.0,0.0,10.0,0.0,0.0,26.0,6.0,23.0,0.0,0.0,10.0,61.0,37.0,0.0,0.0,0.0,0.0,,,,,,,,,,,,,,,,,,,,,,,,,,,,,,,,,,,,,,
85,0.0,30.0,6.0,15.0,5.0,10.0,27.0,0.0,12.0,84.0,10.0,38.0,4.0,0.0,57.0,26.0,40.0,0.0,0.0,176.0,322.0,65.0,54.0,100.0,1.0,4.0,0.0,141.0,61.0,81.0,0.0,0.0,0.0,0.0,0.0,5.0,0.0,18.0,21.0,,,,,,,,,,,,,,,,,,,,,,,,,,,,,,,,,,,,,,,,,,,,,,,,,,,,,
86,22.0,6.0,14.0,27.0,6.0,61.0,28.0,74.0,36.0,11.0,19.0,57.0,55.0,9.0,30.0,55.0,19.0,36.0,25.0,4.0,21.0,13.0,8.0,21.0,39.0,15.0,12.0,30.0,29.0,58.0,0.0,50.0,16.0,0.0,16.0,18.0,11.0,149.0,1.0,57.0,0.0,0.0,0.0,21.0,21.0,0.0,126.0,5.0,91.0,0.0,0.0,3.0,0.0,43.0,158.0,0.0,0.0,0.0,0.0,0.0,0.0,0.0,0.0,,,,,,,,,,,,,,,,,,,,,,,,,,,,,
87,15.0,5.0,15.0,2.0,5.0,25.0,58.0,23.0,28.0,61.0,17.0,5.0,27.0,37.0,12.0,20.0,12.0,9.0,0.0,14.0,43.0,23.0,311.0,31.0,95.0,68.0,0.0,46.0,0.0,,,,,,,,,,,,,,,,,,,,,,,,,,,,,,,,,,,,,,,,,,,,,,,,,,,,,,,,,,,,,,,
88,2.0,9.0,13.0,8.0,27.0,14.0,6.0,6.0,16.0,9.0,36.0,8.0,21.0,0.0,5.0,0.0,23.0,59.0,22.0,14.0,8.0,4.0,2.0,2.0,0.0,0.0,9.0,8.0,31.0,14.0,32.0,14.0,0.0,10.0,0.0,33.0,0.0,8.0,104.0,0.0,0.0,0.0,,,,,,,,,,,,,,,,,,,,,,,,,,,,,,,,,,,,,,,,,,,,,,,,,,
89,8.0,0.0,0.0,17.0,22.0,8.0,11.0,16.0,33.0,11.0,24.0,86.0,64.0,69.0,2.0,15.0,127.0,81.0,54.0,0.0,169.0,43.0,106.0,0.0,0.0,14.0,0.0,146.0,91.0,9.0,30.0,0.0,117.0,27.0,107.0,58.0,0.0,0.0,0.0,0.0,0.0,0.0,0.0,3.0,18.0,0.0,,,,,,,,,,,,,,,,,,,,,,,,,,,,,,,,,,,,,,,,,,,,,,
90,2.0,19.0,0.0,3.0,5.0,21.0,4.0,6.0,25.0,21.0,6.0,9.0,17.0,18.0,2.0,35.0,24.0,38.0,19.0,0.0,46.0,35.0,14.0,4.0,6.0,10.0,11.0,1.0,2.0,0.0,0.0,0.0,0.0,30.0,0.0,21.0,80.0,11.0,48.0,24.0,3.0,0.0,10.0,0.0,10.0,36.0,141.0,0.0,0.0,64.0,0.0,0.0,14.0,5.0,0.0,0.0,0.0,0.0,0.0,18.0,15.0,0.0,0.0,0.0,,,,,,,,,,,,,,,,,,,,,,,,,,,,
91,20.0,4.0,0.0,11.0,51.0,13.0,7.0,12.0,0.0,0.0,16.0,42.0,21.0,77.0,19.0,86.0,19.0,0.0,50.0,32.0,0.0,6.0,25.0,4.0,180.0,168.0,67.0,161.0,0.0,24.0,36.0,0.0,49.0,0.0,7.0,0.0,27.0,23.0,21.0,2.0,9.0,0.0,0.0,0.0,0.0,0.0,0.0,0.0,7.0,0.0,0.0,0.0,0.0,0.0,0.0,0.0,,,,,,,,,,,,,,,,,,,,,,,,,,,,,,,,,,,,
92,11.0,9.0,27.0,28.0,4.0,5.0,0.0,0.0,0.0,9.0,54.0,23.0,0.0,46.0,23.0,18.0,5.0,3.0,9.0,9.0,7.0,0.0,26.0,13.0,0.0,81.0,7.0,0.0,0.0,,,,,,,,,,,,,,,,,,,,,,,,,,,,,,,,,,,,,,,,,,,,,,,,,,,,,,,,,,,,,,,
93,4.0,18.0,16.0,7.0,19.0,11.0,22.0,18.0,33.0,0.0,7.0,0.0,0.0,0.0,59.0,57.0,113.0,8.0,3.0,113.0,0.0,110.0,13.0,16.0,14.0,1.0,40.0,0.0,32.0,0.0,0.0,115.0,961.0,11.0,19.0,,,,,,,,,,,,,,,,,,,,,,,,,,,,,,,,,,,,,,,,,,,,,,,,,,,,,,,,,
94,14.0,16.0,3.0,9.0,5.0,23.0,0.0,0.0,12.0,5.0,41.0,5.0,18.0,21.0,77.0,54.0,3.0,15.0,16.0,47.0,24.0,42.0,21.0,30.0,0.0,8.0,35.0,10.0,6.0,9.0,0.0,3.0,16.0,3.0,0.0,0.0,62.0,,,,,,,,,,,,,,,,,,,,,,,,,,,,,,,,,,,,,,,,,,,,,,,,,,,,,,,
95,18.0,1.0,23.0,18.0,25.0,0.0,17.0,0.0,3.0,48.0,16.0,34.0,41.0,55.0,24.0,15.0,40.0,26.0,23.0,8.0,0.0,9.0,3.0,81.0,13.0,37.0,12.0,0.0,5.0,73.0,0.0,0.0,14.0,36.0,0.0,20.0,1.0,11.0,57.0,0.0,0.0,60.0,0.0,36.0,30.0,23.0,185.0,79.0,9.0,0.0,11.0,8.0,0.0,58.0,0.0,2.0,0.0,27.0,0.0,9.0,1.0,0.0,0.0,0.0,0.0,0.0,0.0,0.0,0.0,0.0,0.0,0.0,0.0,0.0,0.0,10.0,0.0,14.0,0.0,,,,,,,,,,,,,
96,4.0,21.0,16.0,0.0,0.0,17.0,21.0,14.0,5.0,36.0,24.0,4.0,0.0,36.0,34.0,0.0,10.0,0.0,0.0,0.0,33.0,106.0,0.0,0.0,119.0,12.0,9.0,0.0,0.0,0.0,0.0,0.0,12.0,30.0,0.0,2.0,0.0,,,,,,,,,,,,,,,,,,,,,,,,,,,,,,,,,,,,,,,,,,,,,,,,,,,,,,,
97,4.0,16.0,18.0,20.0,27.0,0.0,22.0,0.0,65.0,50.0,0.0,32.0,78.0,21.0,1.0,43.0,0.0,0.0,124.0,45.0,0.0,0.0,37.0,0.0,70.0,241.0,0.0,0.0,2.0,282.0,2.0,34.0,0.0,38.0,796.0,63.0,,,,,,,,,,,,,,,,,,,,,,,,,,,,,,,,,,,,,,,,,,,,,,,,,,,,,,,,
98,20.0,13.0,17.0,30.0,0.0,73.0,17.0,8.0,25.0,2.0,25.0,16.0,79.0,0.0,0.0,0.0,87.0,3.0,29.0,52.0,0.0,99.0,41.0,30.0,0.0,112.0,0.0,18.0,12.0,6.0,30.0,9.0,118.0,30.0,107.0,6.0,0.0,31.0,0.0,0.0,0.0,4.0,4.0,0.0,35.0,20.0,24.0,6.0,0.0,0.0,1.0,2.0,3.0,0.0,0.0,0.0,0.0,23.0,0.0,0.0,0.0,0.0,0.0,,,,,,,,,,,,,,,,,,,,,,,,,,,,,
99,22.0,29.0,15.0,20.0,1.0,19.0,63.0,47.0,0.0,135.0,25.0,15.0,63.0,12.0,14.0,3.0,12.0,42.0,3.0,35.0,12.0,0.0,0.0,6.0,12.0,1.0,4.0,16.0,13.0,95.0,2.0,7.0,0.0,2.0,10.0,26.0,25.0,12.0,0.0,19.0,22.0,0.0,7.0,28.0,4.0,0.0,0.0,16.0,114.0,0.0,181.0,63.0,0.0,0.0,0.0,,,,,,,,,,,,,,,,,,,,,,,,,,,,,,,,,,,,,
100,10.0,47.0,25.0,21.0,0.0,6.0,0.0,21.0,28.0,1.0,0.0,17.0,6.0,31.0,95.0,36.0,5.0,15.0,119.0,0.0,0.0,80.0,110.0,16.0,32.0,0.0,105.0,2.0,66.0,22.0,92.0,4.0,0.0,64.0,0.0,0.0,292.0,0.0,,,,,,,,,,,,,,,,,,,,,,,,,,,,,,,,,,,,,,,,,,,,,,,,,,,,,,
101,8.0,0.0,1.0,13.0,18.0,18.0,0.0,14.0,13.0,11.0,1.0,2.0,2.0,7.0,24.0,102.0,28.0,13.0,15.0,13.0,17.0,0.0,0.0,3.0,0.0,0.0,2.0,7.0,0.0,0.0,4.0,0.0,3.0,0.0,,,,,,,,,,,,,,,,,,,,,,,,,,,,,,,,,,,,,,,,,,,,,,,,,,,,,,,,,,
102,14.0,10.0,0.0,3.0,0.0,0.0,28.0,0.0,25.0,2.0,11.0,4.0,0.0,39.0,49.0,10.0,120.0,42.0,0.0,0.0,1.0,16.0,0.0,10.0,58.0,24.0,24.0,44.0,53.0,0.0,48.0,8.0,0.0,24.0,0.0,11.0,41.0,0.0,0.0,0.0,2.0,0.0,0.0,841.0,925.0,49.0,35.0,0.0,0.0,3.0,0.0,0.0,9.0,99.0,114.0,35.0,34.0,5.0,532.0,0.0,12.0,5.0,0.0,9.0,57.0,0.0,33.0,12.0,3.0,3.0,0.0,0.0,1.0,54.0,,,,,,,,,,,,,,,,,,
103,6.0,10.0,7.0,7.0,11.0,0.0,0.0,18.0,2.0,15.0,44.0,0.0,63.0,66.0,85.0,40.0,77.0,83.0,63.0,128.0,12.0,57.0,77.0,103.0,163.0,24.0,326.0,392.0,19.0,13.0,0.0,44.0,16.0,32.0,71.0,9.0,0.0,82.0,553.0,0.0,120.0,57.0,24.0,66.0,61.0,19.0,64.0,82.0,130.0,9.0,145.0,135.0,149.0,91.0,0.0,0.0,0.0,0.0,0.0,,,,,,,,,,,,,,,,,,,,,,,,,,,,,,,,,
104,3.0,8.0,0.0,13.0,0.0,14.0,7.0,42.0,31.0,23.0,38.0,31.0,14.0,0.0,15.0,29.0,12.0,11.0,0.0,6.0,5.0,0.0,0.0,0.0,0.0,0.0,19.0,33.0,4.0,0.0,1.0,0.0,6.0,0.0,55.0,0.0,0.0,157.0,0.0,0.0,1.0,0.0,0.0,0.0,0.0,0.0,0.0,0.0,0.0,0.0,0.0,0.0,,,,,,,,,,,,,,,,,,,,,,,,,,,,,,,,,,,,,,,,
105,0.0,28.0,6.0,48.0,19.0,0.0,25.0,9.0,10.0,16.0,21.0,37.0,30.0,81.0,31.0,67.0,154.0,12.0,19.0,9.0,8.0,0.0,0.0,0.0,0.0,,,,,,,,,,,,,,,,,,,,,,,,,,,,,,,,,,,,,,,,,,,,,,,,,,,,,,,,,,,,,,,,,,,
106,14.0,21.0,4.0,29.0,7.0,0.0,12.0,44.0,16.0,13.0,2.0,14.0,36.0,4.0,2.0,12.0,24.0,128.0,81.0,171.0,179.0,0.0,52.0,12.0,26.0,7.0,16.0,41.0,21.0,3.0,129.0,15.0,6.0,25.0,0.0,,,,,,,,,,,,,,,,,,,,,,,,,,,,,,,,,,,,,,,,,,,,,,,,,,,,,,,,,
107,22.0,31.0,0.0,28.0,10.0,19.0,3.0,0.0,19.0,19.0,11.0,142.0,90.0,7.0,0.0,28.0,13.0,2.0,6.0,21.0,14.0,13.0,75.0,19.0,9.0,9.0,40.0,0.0,0.0,18.0,12.0,10.0,9.0,23.0,20.0,0.0,,,,,,,,,,,,,,,,,,,,,,,,,,,,,,,,,,,,,,,,,,,,,,,,,,,,,,,,
108,16.0,25.0,22.0,13.0,14.0,12.0,13.0,19.0,10.0,15.0,104.0,22.0,25.0,21.0,52.0,4.0,1.0,0.0,16.0,0.0,0.0,114.0,39.0,24.0,23.0,19.0,11.0,3.0,34.0,0.0,0.0,36.0,0.0,0.0,8.0,29.0,30.0,121.0,9.0,0.0,12.0,5.0,0.0,2.0,0.0,15.0,0.0,3.0,33.0,7.0,0.0,,,,,,,,,,,,,,,,,,,,,,,,,,,,,,,,,,,,,,,,,
109,12.0,9.0,10.0,0.0,11.0,0.0,0.0,0.0,10.0,1.0,1.0,44.0,22.0,23.0,17.0,3.0,17.0,0.0,10.0,25.0,21.0,30.0,70.0,,,,,,,,,,,,,,,,,,,,,,,,,,,,,,,,,,,,,,,,,,,,,,,,,,,,,,,,,,,,,,,,,,,,,
110,17.0,15.0,0.0,11.0,12.0,0.0,0.0,9.0,1.0,0.0,7.0,18.0,0.0,14.0,41.0,64.0,0.0,0.0,26.0,0.0,39.0,0.0,21.0,2.0,0.0,36.0,0.0,0.0,38.0,21.0,18.0,18.0,0.0,51.0,10.0,29.0,0.0,0.0,0.0,0.0,,,,,,,,,,,,,,,,,,,,,,,,,,,,,,,,,,,,,,,,,,,,,,,,,,,,
111,9.0,1.0,11.0,30.0,0.0,14.0,12.0,0.0,0.0,17.0,35.0,10.0,16.0,0.0,6.0,13.0,14.0,0.0,21.0,2.0,7.0,0.0,22.0,23.0,0.0,8.0,73.0,17.0,0.0,0.0,0.0,0.0,38.0,29.0,0.0,0.0,2.0,0.0,0.0,0.0,0.0,3.0,3.0,1.0,0.0,0.0,2.0,0.0,0.0,9.0,4.0,2.0,0.0,29.0,0.0,18.0,0.0,,,,,,,,,,,,,,,,,,,,,,,,,,,,,,,,,,,
112,2.0,9.0,20.0,0.0,0.0,34.0,13.0,0.0,3.0,9.0,12.0,0.0,0.0,16.0,18.0,6.0,9.0,0.0,0.0,0.0,20.0,12.0,9.0,20.0,1.0,0.0,20.0,3.0,0.0,0.0,0.0,0.0,0.0,0.0,0.0,0.0,0.0,0.0,0.0,,,,,,,,,,,,,,,,,,,,,,,,,,,,,,,,,,,,,,,,,,,,,,,,,,,,,
113,6.0,9.0,13.0,22.0,17.0,2.0,8.0,11.0,17.0,29.0,53.0,13.0,0.0,4.0,18.0,22.0,0.0,21.0,1.0,38.0,2.0,6.0,0.0,0.0,0.0,0.0,8.0,20.0,0.0,2.0,1.0,0.0,0.0,0.0,4.0,0.0,6.0,0.0,0.0,0.0,3.0,0.0,0.0,0.0,0.0,0.0,0.0,0.0,0.0,,,,,,,,,,,,,,,,,,,,,,,,,,,,,,,,,,,,,,,,,,,
114,16.0,15.0,12.0,7.0,14.0,10.0,19.0,20.0,7.0,19.0,5.0,10.0,4.0,0.0,3.0,0.0,3.0,2.0,20.0,0.0,4.0,7.0,17.0,0.0,,,,,,,,,,,,,,,,,,,,,,,,,,,,,,,,,,,,,,,,,,,,,,,,,,,,,,,,,,,,,,,,,,,,
115,16.0,13.0,4.0,0.0,13.0,61.0,7.0,16.0,0.0,0.0,12.0,15.0,13.0,0.0,0.0,3.0,0.0,16.0,8.0,7.0,0.0,4.0,30.0,0.0,31.0,2.0,0.0,0.0,1.0,0.0,0.0,0.0,0.0,0.0,0.0,0.0,0.0,,,,,,,,,,,,,,,,,,,,,,,,,,,,,,,,,,,,,,,,,,,,,,,,,,,,,,,
116,10.0,3.0,19.0,25.0,2.0,1.0,7.0,19.0,68.0,17.0,3.0,7.0,23.0,0.0,0.0,0.0,2.0,29.0,0.0,17.0,68.0,59.0,10.0,27.0,79.0,67.0,0.0,90.0,93.0,31.0,0.0,0.0,17.0,11.0,128.0,17.0,163.0,0.0,4.0,10.0,209.0,20.0,317.0,20.0,0.0,127.0,7.0,36.0,0.0,53.0,22.0,49.0,90.0,3.0,171.0,15.0,27.0,3.0,9.0,0.0,0.0,153.0,0.0,20.0,0.0,0.0,0.0,0.0,0.0,0.0,0.0,0.0,0.0,,,,,,,,,,,,,,,,,,,
117,18.0,7.0,16.0,41.0,11.0,5.0,19.0,24.0,0.0,0.0,34.0,11.0,21.0,0.0,25.0,21.0,6.0,6.0,4.0,15.0,3.0,0.0,0.0,85.0,0.0,4.0,10.0,123.0,81.0,96.0,0.0,366.0,0.0,165.0,74.0,190.0,138.0,45.0,1.0,138.0,65.0,0.0,137.0,237.0,28.0,82.0,877.0,0.0,0.0,958.0,157.0,222.0,,,,,,,,,,,,,,,,,,,,,,,,,,,,,,,,,,,,,,,,
118,43.0,13.0,20.0,9.0,0.0,0.0,17.0,30.0,18.0,0.0,16.0,0.0,0.0,0.0,16.0,18.0,16.0,0.0,12.0,6.0,11.0,0.0,0.0,5.0,5.0,18.0,26.0,0.0,11.0,34.0,23.0,0.0,0.0,36.0,0.0,60.0,,,,,,,,,,,,,,,,,,,,,,,,,,,,,,,,,,,,,,,,,,,,,,,,,,,,,,,,
119,6.0,0.0,8.0,9.0,13.0,0.0,5.0,25.0,16.0,15.0,0.0,3.0,0.0,26.0,11.0,51.0,28.0,17.0,5.0,93.0,0.0,65.0,0.0,0.0,0.0,30.0,0.0,8.0,1.0,25.0,105.0,0.0,0.0,0.0,0.0,16.0,0.0,0.0,0.0,0.0,0.0,0.0,0.0,0.0,0.0,0.0,0.0,0.0,0.0,,,,,,,,,,,,,,,,,,,,,,,,,,,,,,,,,,,,,,,,,,,
120,8.0,33.0,12.0,14.0,6.0,18.0,6.0,13.0,24.0,36.0,59.0,0.0,0.0,0.0,49.0,49.0,48.0,58.0,11.0,209.0,20.0,0.0,44.0,40.0,223.0,41.0,37.0,34.0,33.0,,,,,,,,,,,,,,,,,,,,,,,,,,,,,,,,,,,,,,,,,,,,,,,,,,,,,,,,,,,,,,,
121,25.0,37.0,14.0,0.0,0.0,53.0,63.0,15.0,22.0,0.0,0.0,32.0,0.0,37.0,59.0,47.0,52.0,0.0,0.0,110.0,31.0,46.0,57.0,26.0,9.0,12.0,38.0,0.0,34.0,29.0,52.0,31.0,0.0,0.0,32.0,0.0,0.0,67.0,0.0,0.0,0.0,0.0,,,,,,,,,,,,,,,,,,,,,,,,,,,,,,,,,,,,,,,,,,,,,,,,,,
122,46.0,3.0,0.0,3.0,19.0,10.0,1.0,4.0,13.0,2.0,1.0,0.0,20.0,4.0,7.0,22.0,3.0,6.0,0.0,10.0,3.0,0.0,31.0,21.0,0.0,13.0,18.0,4.0,0.0,10.0,0.0,5.0,23.0,0.0,0.0,0.0,0.0,69.0,1.0,8.0,0.0,0.0,15.0,2.0,0.0,5.0,147.0,0.0,236.0,133.0,43.0,0.0,0.0,0.0,542.0,17.0,101.0,208.0,0.0,0.0,269.0,308.0,0.0,451.0,0.0,21.0,20.0,15.0,4.0,12.0,0.0,0.0,2.0,0.0,0.0,7.0,12.0,,,,,,,,,,,,,,,
123,27.0,0.0,2.0,16.0,2.0,23.0,4.0,28.0,33.0,33.0,61.0,5.0,46.0,2.0,0.0,8.0,0.0,7.0,115.0,9.0,75.0,4.0,0.0,7.0,0.0,0.0,0.0,0.0,24.0,44.0,10.0,0.0,7.0,0.0,0.0,27.0,1.0,23.0,0.0,0.0,0.0,5.0,7.0,22.0,25.0,0.0,9.0,5.0,0.0,0.0,46.0,0.0,0.0,0.0,0.0,0.0,0.0,61.0,203.0,1.0,0.0,147.0,,,,,,,,,,,,,,,,,,,,,,,,,,,,,,
124,1.0,47.0,0.0,17.0,9.0,0.0,22.0,9.0,0.0,6.0,8.0,9.0,2.0,21.0,14.0,38.0,46.0,68.0,13.0,0.0,81.0,86.0,111.0,1.0,5.0,51.0,42.0,59.0,67.0,10.0,15.0,13.0,12.0,9.0,27.0,21.0,23.0,7.0,17.0,0.0,5.0,91.0,71.0,7.0,11.0,7.0,0.0,0.0,21.0,0.0,19.0,0.0,0.0,4.0,8.0,0.0,0.0,0.0,0.0,0.0,0.0,0.0,0.0,0.0,,,,,,,,,,,,,,,,,,,,,,,,,,,,
125,23.0,21.0,13.0,21.0,0.0,15.0,11.0,4.0,9.0,11.0,4.0,43.0,0.0,30.0,0.0,10.0,1.0,163.0,55.0,2.0,34.0,7.0,56.0,88.0,63.0,12.0,85.0,21.0,34.0,61.0,141.0,90.0,29.0,0.0,7.0,3.0,0.0,0.0,15.0,12.0,3.0,4.0,11.0,38.0,33.0,18.0,84.0,30.0,50.0,16.0,10.0,0.0,14.0,11.0,22.0,0.0,0.0,6.0,10.0,0.0,0.0,0.0,0.0,0.0,6.0,0.0,0.0,0.0,0.0,0.0,0.0,0.0,35.0,0.0,15.0,5.0,0.0,0.0,5.0,0.0,0.0,0.0,2.0,2.0,0.0,9.0,1.0,0.0,0.0,0.0,0.0,
126,26.0,11.0,8.0,0.0,19.0,10.0,7.0,17.0,12.0,50.0,23.0,19.0,0.0,76.0,31.0,33.0,9.0,79.0,11.0,18.0,191.0,23.0,14.0,0.0,23.0,109.0,32.0,28.0,62.0,27.0,27.0,0.0,0.0,36.0,97.0,53.0,75.0,71.0,32.0,17.0,61.0,10.0,425.0,4.0,0.0,0.0,112.0,198.0,,,,,,,,,,,,,,,,,,,,,,,,,,,,,,,,,,,,,,,,,,,,
127,0.0,5.0,14.0,10.0,15.0,25.0,9.0,8.0,6.0,1.0,16.0,5.0,4.0,15.0,4.0,0.0,14.0,11.0,14.0,0.0,8.0,0.0,0.0,3.0,1.0,0.0,0.0,109.0,16.0,1.0,3.0,0.0,5.0,10.0,24.0,0.0,2.0,0.0,14.0,0.0,0.0,0.0,0.0,0.0,0.0,,,,,,,,,,,,,,,,,,,,,,,,,,,,,,,,,,,,,,,,,,,,,,,
128,9.0,20.0,13.0,6.0,25.0,14.0,0.0,14.0,0.0,0.0,0.0,18.0,13.0,2.0,9.0,76.0,7.0,33.0,84.0,0.0,35.0,99.0,10.0,25.0,5.0,0.0,5.0,30.0,24.0,0.0,5.0,0.0,0.0,0.0,36.0,16.0,14.0,898.0,,,,,,,,,,,,,,,,,,,,,,,,,,,,,,,,,,,,,,,,,,,,,,,,,,,,,,
129,6.0,11.0,5.0,9.0,6.0,11.0,5.0,6.0,41.0,0.0,22.0,0.0,10.0,51.0,17.0,47.0,11.0,28.0,106.0,0.0,21.0,83.0,148.0,54.0,0.0,0.0,34.0,137.0,0.0,40.0,0.0,182.0,37.0,62.0,56.0,0.0,487.0,17.0,160.0,265.0,12.0,0.0,,,,,,,,,,,,,,,,,,,,,,,,,,,,,,,,,,,,,,,,,,,,,,,,,,
130,41.0,0.0,24.0,4.0,0.0,16.0,6.0,19.0,4.0,3.0,7.0,24.0,104.0,17.0,0.0,76.0,114.0,112.0,0.0,28.0,129.0,106.0,43.0,71.0,28.0,202.0,48.0,4.0,126.0,141.0,218.0,12.0,,,,,,,,,,,,,,,,,,,,,,,,,,,,,,,,,,,,,,,,,,,,,,,,,,,,,,,,,,,,
131,8.0,14.0,49.0,35.0,5.0,0.0,0.0,16.0,12.0,18.0,28.0,32.0,67.0,15.0,44.0,52.0,1.0,28.0,29.0,19.0,111.0,10.0,140.0,66.0,19.0,395.0,3.0,17.0,33.0,74.0,14.0,39.0,31.0,174.0,11.0,13.0,42.0,0.0,4.0,0.0,89.0,44.0,66.0,10.0,2.0,0.0,57.0,97.0,58.0,44.0,44.0,71.0,0.0,0.0,0.0,0.0,0.0,0.0,0.0,,,,,,,,,,,,,,,,,,,,,,,,,,,,,,,,,
132,0.0,62.0,7.0,0.0,46.0,22.0,11.0,27.0,2.0,3.0,47.0,0.0,37.0,39.0,6.0,0.0,0.0,0.0,121.0,151.0,228.0,15.0,0.0,0.0,7.0,17.0,86.0,27.0,0.0,0.0,0.0,2.0,25.0,0.0,17.0,86.0,124.0,80.0,86.0,31.0,0.0,0.0,0.0,29.0,0.0,0.0,35.0,0.0,0.0,0.0,0.0,0.0,,,,,,,,,,,,,,,,,,,,,,,,,,,,,,,,,,,,,,,,
133,26.0,5.0,1.0,14.0,0.0,22.0,14.0,4.0,18.0,0.0,4.0,59.0,13.0,17.0,32.0,5.0,26.0,0.0,15.0,4.0,0.0,52.0,0.0,33.0,0.0,0.0,35.0,36.0,38.0,56.0,68.0,64.0,74.0,0.0,129.0,118.0,78.0,39.0,87.0,50.0,57.0,50.0,93.0,60.0,,,,,,,,,,,,,,,,,,,,,,,,,,,,,,,,,,,,,,,,,,,,,,,,
134,27.0,33.0,7.0,0.0,41.0,28.0,7.0,18.0,7.0,11.0,10.0,13.0,22.0,9.0,8.0,19.0,0.0,12.0,11.0,0.0,0.0,5.0,150.0,16.0,0.0,3.0,21.0,17.0,0.0,89.0,0.0,0.0,0.0,0.0,,,,,,,,,,,,,,,,,,,,,,,,,,,,,,,,,,,,,,,,,,,,,,,,,,,,,,,,,,
135,19.0,10.0,3.0,63.0,6.0,5.0,7.0,20.0,0.0,0.0,57.0,0.0,16.0,6.0,10.0,10.0,140.0,12.0,81.0,3.0,12.0,56.0,116.0,25.0,35.0,50.0,33.0,0.0,145.0,66.0,30.0,358.0,463.0,165.0,23.0,,,,,,,,,,,,,,,,,,,,,,,,,,,,,,,,,,,,,,,,,,,,,,,,,,,,,,,,,
136,2.0,9.0,14.0,41.0,38.0,1.0,0.0,5.0,21.0,10.0,0.0,0.0,8.0,32.0,74.0,4.0,9.0,9.0,0.0,46.0,0.0,140.0,3.0,35.0,0.0,5.0,2.0,1.0,12.0,0.0,10.0,0.0,0.0,0.0,25.0,0.0,0.0,0.0,0.0,0.0,0.0,0.0,3.0,0.0,0.0,0.0,13.0,31.0,8.0,4.0,2.0,23.0,13.0,0.0,115.0,0.0,73.0,0.0,0.0,0.0,0.0,0.0,0.0,,,,,,,,,,,,,,,,,,,,,,,,,,,,,
137,22.0,7.0,6.0,48.0,14.0,6.0,34.0,14.0,9.0,0.0,52.0,10.0,29.0,36.0,0.0,8.0,18.0,0.0,9.0,0.0,8.0,8.0,4.0,7.0,15.0,,,,,,,,,,,,,,,,,,,,,,,,,,,,,,,,,,,,,,,,,,,,,,,,,,,,,,,,,,,,,,,,,,,
138,3.0,0.0,20.0,13.0,0.0,21.0,8.0,26.0,0.0,45.0,15.0,32.0,13.0,33.0,5.0,64.0,2.0,28.0,28.0,7.0,13.0,30.0,18.0,183.0,19.0,79.0,78.0,222.0,160.0,2.0,7.0,26.0,102.0,140.0,34.0,64.0,38.0,36.0,2.0,100.0,0.0,240.0,108.0,172.0,67.0,36.0,46.0,72.0,97.0,172.0,162.0,74.0,25.0,,,,,,,,,,,,,,,,,,,,,,,,,,,,,,,,,,,,,,,
139,33.0,18.0,22.0,6.0,8.0,16.0,4.0,10.0,4.0,18.0,38.0,8.0,47.0,3.0,0.0,51.0,10.0,0.0,135.0,48.0,24.0,67.0,6.0,45.0,1.0,0.0,241.0,3.0,3.0,0.0,0.0,15.0,,,,,,,,,,,,,,,,,,,,,,,,,,,,,,,,,,,,,,,,,,,,,,,,,,,,,,,,,,,,
140,5.0,0.0,13.0,0.0,0.0,14.0,10.0,6.0,44.0,26.0,19.0,79.0,1.0,3.0,131.0,14.0,17.0,9.0,58.0,0.0,8.0,34.0,0.0,39.0,0.0,22.0,36.0,170.0,23.0,28.0,31.0,0.0,60.0,10.0,0.0,0.0,32.0,0.0,0.0,0.0,222.0,101.0,3.0,6.0,80.0,33.0,27.0,0.0,1.0,0.0,77.0,0.0,0.0,290.0,0.0,32.0,0.0,0.0,0.0,407.0,66.0,0.0,0.0,,,,,,,,,,,,,,,,,,,,,,,,,,,,,
141,23.0,0.0,0.0,0.0,10.0,39.0,14.0,0.0,29.0,32.0,60.0,114.0,9.0,93.0,10.0,15.0,0.0,0.0,42.0,15.0,115.0,30.0,27.0,14.0,10.0,0.0,365.0,0.0,0.0,130.0,42.0,94.0,309.0,0.0,5.0,55.0,106.0,99.0,0.0,144.0,29.0,14.0,9.0,6.0,0.0,0.0,3.0,23.0,1.0,77.0,55.0,27.0,0.0,0.0,63.0,35.0,17.0,41.0,0.0,0.0,0.0,0.0,14.0,0.0,0.0,36.0,0.0,0.0,0.0,36.0,42.0,0.0,0.0,22.0,0.0,0.0,0.0,0.0,0.0,0.0,0.0,0.0,0.0,0.0,0.0,0.0,0.0,,,,,
142,12.0,15.0,7.0,8.0,0.0,17.0,4.0,21.0,0.0,23.0,21.0,15.0,34.0,0.0,8.0,0.0,7.0,8.0,0.0,8.0,22.0,4.0,15.0,5.0,0.0,,,,,,,,,,,,,,,,,,,,,,,,,,,,,,,,,,,,,,,,,,,,,,,,,,,,,,,,,,,,,,,,,,,
143,0.0,0.0,18.0,46.0,24.0,0.0,23.0,19.0,50.0,73.0,0.0,53.0,251.0,107.0,248.0,19.0,41.0,34.0,0.0,0.0,16.0,37.0,,,,,,,,,,,,,,,,,,,,,,,,,,,,,,,,,,,,,,,,,,,,,,,,,,,,,,,,,,,,,,,,,,,,,,
144,0.0,8.0,7.0,6.0,19.0,18.0,40.0,27.0,48.0,33.0,5.0,0.0,4.0,0.0,6.0,0.0,19.0,11.0,5.0,0.0,15.0,11.0,22.0,20.0,7.0,29.0,1.0,0.0,66.0,0.0,7.0,0.0,0.0,16.0,0.0,9.0,0.0,0.0,7.0,1.0,5.0,6.0,14.0,26.0,2.0,23.0,5.0,7.0,3.0,13.0,3.0,0.0,434.0,36.0,542.0,14.0,0.0,4.0,49.0,0.0,0.0,0.0,0.0,0.0,0.0,0.0,0.0,0.0,0.0,0.0,0.0,0.0,0.0,0.0,0.0,0.0,0.0,1000.0,0.0,,,,,,,,,,,,,
145,18.0,17.0,0.0,26.0,53.0,11.0,47.0,0.0,5.0,4.0,32.0,75.0,0.0,34.0,10.0,65.0,11.0,0.0,11.0,10.0,16.0,33.0,19.0,3.0,32.0,8.0,24.0,26.0,0.0,16.0,0.0,8.0,1.0,0.0,221.0,1.0,14.0,8.0,0.0,10.0,,,,,,,,,,,,,,,,,,,,,,,,,,,,,,,,,,,,,,,,,,,,,,,,,,,,
146,11.0,14.0,15.0,9.0,0.0,48.0,0.0,0.0,8.0,111.0,14.0,81.0,22.0,17.0,27.0,15.0,12.0,67.0,43.0,0.0,101.0,140.0,17.0,82.0,0.0,70.0,311.0,786.0,454.0,,,,,,,,,,,,,,,,,,,,,,,,,,,,,,,,,,,,,,,,,,,,,,,,,,,,,,,,,,,,,,,
147,10.0,46.0,0.0,7.0,47.0,27.0,12.0,0.0,3.0,2.0,0.0,5.0,5.0,11.0,54.0,31.0,33.0,80.0,15.0,0.0,38.0,0.0,6.0,29.0,13.0,3.0,27.0,65.0,0.0,83.0,0.0,13.0,0.0,166.0,2.0,68.0,3.0,0.0,3.0,0.0,,,,,,,,,,,,,,,,,,,,,,,,,,,,,,,,,,,,,,,,,,,,,,,,,,,,
148,24.0,14.0,15.0,5.0,11.0,12.0,7.0,10.0,24.0,21.0,9.0,0.0,8.0,0.0,44.0,3.0,0.0,6.0,14.0,55.0,18.0,3.0,24.0,66.0,71.0,38.0,57.0,5.0,0.0,0.0,3.0,17.0,0.0,0.0,0.0,8.0,0.0,24.0,6.0,2.0,0.0,0.0,0.0,0.0,38.0,0.0,0.0,66.0,75.0,0.0,0.0,36.0,78.0,0.0,0.0,0.0,87.0,34.0,,,,,,,,,,,,,,,,,,,,,,,,,,,,,,,,,,
149,31.0,0.0,56.0,0.0,0.0,17.0,6.0,2.0,40.0,4.0,19.0,12.0,47.0,34.0,11.0,0.0,86.0,59.0,13.0,0.0,0.0,2.0,9.0,0.0,71.0,14.0,0.0,43.0,46.0,132.0,152.0,0.0,294.0,66.0,46.0,44.0,0.0,33.0,17.0,0.0,0.0,0.0,23.0,44.0,12.0,0.0,0.0,,,,,,,,,,,,,,,,,,,,,,,,,,,,,,,,,,,,,,,,,,,,,
150,30.0,13.0,1.0,13.0,6.0,9.0,13.0,12.0,9.0,0.0,4.0,0.0,17.0,206.0,24.0,95.0,0.0,42.0,0.0,0.0,19.0,5.0,0.0,6.0,64.0,8.0,51.0,2.0,49.0,17.0,74.0,0.0,38.0,4.0,61.0,0.0,0.0,32.0,3.0,47.0,0.0,19.0,306.0,6.0,181.0,0.0,241.0,0.0,117.0,26.0,51.0,40.0,21.0,0.0,0.0,0.0,119.0,0.0,315.0,0.0,,,,,,,,,,,,,,,,,,,,,,,,,,,,,,,,
151,9.0,51.0,46.0,47.0,6.0,6.0,0.0,16.0,67.0,8.0,38.0,18.0,4.0,0.0,8.0,10.0,0.0,33.0,0.0,17.0,47.0,13.0,7.0,268.0,0.0,5.0,0.0,1.0,0.0,10.0,0.0,47.0,8.0,2.0,,,,,,,,,,,,,,,,,,,,,,,,,,,,,,,,,,,,,,,,,,,,,,,,,,,,,,,,,,
152,21.0,53.0,2.0,0.0,0.0,0.0,23.0,0.0,41.0,29.0,1.0,0.0,120.0,52.0,28.0,47.0,96.0,11.0,0.0,10.0,4.0,21.0,0.0,0.0,7.0,0.0,,,,,,,,,,,,,,,,,,,,,,,,,,,,,,,,,,,,,,,,,,,,,,,,,,,,,,,,,,,,,,,,,,
153,5.0,13.0,8.0,0.0,13.0,26.0,9.0,75.0,0.0,3.0,0.0,12.0,44.0,50.0,0.0,9.0,66.0,5.0,0.0,0.0,0.0,27.0,271.0,0.0,0.0,147.0,257.0,,,,,,,,,,,,,,,,,,,,,,,,,,,,,,,,,,,,,,,,,,,,,,,,,,,,,,,,,,,,,,,,,
154,12.0,39.0,14.0,0.0,8.0,2.0,0.0,21.0,9.0,24.0,28.0,0.0,9.0,8.0,0.0,31.0,24.0,28.0,15.0,26.0,15.0,37.0,9.0,45.0,40.0,38.0,26.0,35.0,31.0,24.0,0.0,44.0,0.0,43.0,0.0,0.0,0.0,,,,,,,,,,,,,,,,,,,,,,,,,,,,,,,,,,,,,,,,,,,,,,,,,,,,,,,
155,10.0,29.0,11.0,46.0,31.0,16.0,0.0,0.0,23.0,8.0,86.0,40.0,0.0,39.0,2.0,0.0,43.0,84.0,40.0,18.0,57.0,66.0,0.0,0.0,17.0,0.0,16.0,16.0,21.0,18.0,7.0,26.0,5.0,0.0,0.0,7.0,7.0,34.0,0.0,14.0,58.0,0.0,8.0,9.0,0.0,0.0,0.0,174.0,0.0,,,,,,,,,,,,,,,,,,,,,,,,,,,,,,,,,,,,,,,,,,,
156,13.0,9.0,0.0,7.0,1.0,17.0,0.0,0.0,26.0,0.0,18.0,6.0,0.0,4.0,10.0,8.0,2.0,4.0,1.0,6.0,1.0,0.0,0.0,0.0,20.0,10.0,30.0,14.0,19.0,0.0,0.0,0.0,0.0,0.0,0.0,0.0,0.0,,,,,,,,,,,,,,,,,,,,,,,,,,,,,,,,,,,,,,,,,,,,,,,,,,,,,,,
157,0.0,14.0,2.0,25.0,21.0,37.0,16.0,27.0,4.0,0.0,14.0,65.0,18.0,26.0,27.0,1.0,2.0,109.0,169.0,0.0,0.0,5.0,0.0,17.0,48.0,7.0,38.0,42.0,219.0,35.0,536.0,6.0,13.0,7.0,43.0,29.0,0.0,18.0,0.0,3.0,0.0,0.0,0.0,16.0,,,,,,,,,,,,,,,,,,,,,,,,,,,,,,,,,,,,,,,,,,,,,,,,
158,0.0,12.0,13.0,9.0,0.0,7.0,0.0,13.0,1.0,21.0,24.0,22.0,0.0,0.0,20.0,0.0,3.0,4.0,73.0,21.0,0.0,0.0,0.0,0.0,0.0,0.0,0.0,0.0,0.0,0.0,,,,,,,,,,,,,,,,,,,,,,,,,,,,,,,,,,,,,,,,,,,,,,,,,,,,,,,,,,,,,,
159,12.0,0.0,12.0,12.0,52.0,17.0,27.0,6.0,0.0,6.0,5.0,18.0,0.0,0.0,118.0,32.0,21.0,17.0,8.0,110.0,16.0,26.0,47.0,50.0,28.0,39.0,5.0,,,,,,,,,,,,,,,,,,,,,,,,,,,,,,,,,,,,,,,,,,,,,,,,,,,,,,,,,,,,,,,,,
160,28.0,0.0,14.0,27.0,20.0,1.0,13.0,2.0,0.0,0.0,37.0,46.0,10.0,31.0,14.0,11.0,0.0,0.0,25.0,0.0,0.0,8.0,53.0,12.0,127.0,0.0,44.0,42.0,42.0,355.0,5.0,30.0,50.0,79.0,4.0,31.0,0.0,0.0,9.0,2.0,0.0,23.0,38.0,0.0,94.0,,,,,,,,,,,,,,,,,,,,,,,,,,,,,,,,,,,,,,,,,,,,,,,
161,11.0,5.0,8.0,0.0,24.0,0.0,9.0,25.0,132.0,0.0,52.0,33.0,116.0,87.0,0.0,241.0,16.0,24.0,152.0,12.0,0.0,32.0,19.0,26.0,38.0,26.0,77.0,0.0,196.0,25.0,428.0,0.0,368.0,20.0,342.0,0.0,0.0,0.0,,,,,,,,,,,,,,,,,,,,,,,,,,,,,,,,,,,,,,,,,,,,,,,,,,,,,,
162,4.0,0.0,10.0,10.0,29.0,17.0,9.0,0.0,7.0,25.0,39.0,13.0,23.0,19.0,8.0,0.0,0.0,20.0,0.0,5.0,19.0,13.0,30.0,37.0,0.0,13.0,16.0,2.0,19.0,0.0,0.0,0.0,0.0,0.0,0.0,0.0,5.0,0.0,37.0,1.0,0.0,0.0,40.0,0.0,0.0,0.0,,,,,,,,,,,,,,,,,,,,,,,,,,,,,,,,,,,,,,,,,,,,,,
163,0.0,37.0,12.0,11.0,22.0,17.0,0.0,14.0,6.0,12.0,20.0,28.0,13.0,6.0,0.0,10.0,14.0,7.0,7.0,8.0,5.0,29.0,0.0,14.0,16.0,7.0,55.0,0.0,17.0,33.0,48.0,40.0,0.0,19.0,104.0,0.0,0.0,19.0,0.0,9.0,3.0,0.0,0.0,17.0,0.0,0.0,10.0,19.0,24.0,0.0,0.0,25.0,0.0,25.0,2.0,11.0,2.0,0.0,32.0,14.0,7.0,0.0,1.0,6.0,9.0,4.0,1.0,0.0,3.0,0.0,0.0,0.0,0.0,0.0,0.0,0.0,0.0,0.0,0.0,0.0,,,,,,,,,,,,
164,9.0,2.0,0.0,11.0,27.0,0.0,4.0,22.0,31.0,0.0,72.0,75.0,3.0,24.0,553.0,20.0,24.0,0.0,0.0,110.0,124.0,0.0,0.0,0.0,0.0,0.0,46.0,0.0,0.0,0.0,0.0,0.0,0.0,92.0,196.0,21.0,28.0,10.0,5.0,0.0,0.0,0.0,,,,,,,,,,,,,,,,,,,,,,,,,,,,,,,,,,,,,,,,,,,,,,,,,,
165,37.0,6.0,23.0,0.0,8.0,0.0,2.0,0.0,11.0,30.0,2.0,2.0,1.0,36.0,0.0,0.0,0.0,89.0,3.0,0.0,3.0,32.0,0.0,198.0,52.0,75.0,31.0,0.0,30.0,0.0,5.0,51.0,39.0,10.0,0.0,16.0,22.0,5.0,,,,,,,,,,,,,,,,,,,,,,,,,,,,,,,,,,,,,,,,,,,,,,,,,,,,,,
166,12.0,0.0,11.0,22.0,27.0,0.0,4.0,3.0,9.0,12.0,12.0,14.0,4.0,0.0,29.0,6.0,42.0,2.0,20.0,19.0,0.0,1.0,11.0,0.0,4.0,11.0,9.0,0.0,0.0,0.0,0.0,,,,,,,,,,,,,,,,,,,,,,,,,,,,,,,,,,,,,,,,,,,,,,,,,,,,,,,,,,,,,
167,5.0,26.0,16.0,23.0,16.0,20.0,19.0,8.0,48.0,16.0,47.0,0.0,31.0,16.0,2.0,66.0,44.0,54.0,0.0,21.0,8.0,11.0,54.0,54.0,0.0,50.0,0.0,245.0,9.0,0.0,126.0,0.0,79.0,0.0,0.0,113.0,415.0,4.0,27.0,0.0,317.0,,,,,,,,,,,,,,,,,,,,,,,,,,,,,,,,,,,,,,,,,,,,,,,,,,,
168,19.0,0.0,10.0,14.0,19.0,60.0,7.0,0.0,22.0,2.0,27.0,13.0,8.0,0.0,1.0,23.0,0.0,48.0,19.0,1.0,45.0,0.0,24.0,110.0,170.0,121.0,26.0,25.0,287.0,0.0,49.0,0.0,28.0,78.0,0.0,41.0,97.0,77.0,405.0,25.0,26.0,2.0,47.0,0.0,0.0,0.0,94.0,0.0,67.0,98.0,89.0,60.0,8.0,31.0,81.0,10.0,148.0,504.0,,,,,,,,,,,,,,,,,,,,,,,,,,,,,,,,,,
169,13.0,28.0,0.0,0.0,1.0,7.0,10.0,0.0,14.0,0.0,10.0,0.0,0.0,8.0,11.0,0.0,17.0,6.0,17.0,13.0,27.0,14.0,14.0,0.0,4.0,0.0,0.0,0.0,,,,,,,,,,,,,,,,,,,,,,,,,,,,,,,,,,,,,,,,,,,,,,,,,,,,,,,,,,,,,,,,
170,12.0,1.0,11.0,14.0,0.0,5.0,10.0,5.0,21.0,0.0,0.0,0.0,4.0,93.0,0.0,6.0,0.0,3.0,4.0,10.0,11.0,11.0,5.0,0.0,0.0,0.0,0.0,6.0,0.0,5.0,0.0,0.0,5.0,18.0,12.0,0.0,3.0,6.0,6.0,0.0,0.0,0.0,1.0,0.0,7.0,39.0,40.0,0.0,0.0,0.0,0.0,0.0,0.0,0.0,0.0,,,,,,,,,,,,,,,,,,,,,,,,,,,,,,,,,,,,,
171,30.0,12.0,9.0,9.0,22.0,12.0,0.0,10.0,2.0,1.0,6.0,0.0,12.0,0.0,15.0,2.0,1.0,0.0,0.0,7.0,6.0,0.0,2.0,12.0,5.0,32.0,5.0,3.0,0.0,0.0,25.0,25.0,7.0,8.0,9.0,0.0,0.0,0.0,0.0,0.0,0.0,0.0,0.0,0.0,0.0,,,,,,,,,,,,,,,,,,,,,,,,,,,,,,,,,,,,,,,,,,,,,,,
172,0.0,25.0,13.0,3.0,22.0,15.0,23.0,13.0,40.0,13.0,4.0,8.0,0.0,15.0,30.0,0.0,55.0,23.0,4.0,69.0,33.0,20.0,48.0,7.0,20.0,10.0,41.0,11.0,15.0,27.0,0.0,9.0,0.0,10.0,0.0,0.0,10.0,26.0,12.0,25.0,50.0,110.0,38.0,41.0,65.0,37.0,40.0,38.0,16.0,0.0,0.0,0.0,0.0,0.0,0.0,0.0,0.0,0.0,0.0,0.0,0.0,26.0,0.0,,,,,,,,,,,,,,,,,,,,,,,,,,,,,
173,13.0,17.0,9.0,16.0,5.0,8.0,0.0,0.0,26.0,20.0,8.0,29.0,8.0,10.0,10.0,2.0,1.0,6.0,0.0,52.0,5.0,15.0,89.0,171.0,0.0,0.0,111.0,19.0,0.0,0.0,0.0,0.0,4.0,0.0,0.0,0.0,0.0,31.0,0.0,4.0,25.0,5.0,22.0,0.0,29.0,24.0,0.0,0.0,0.0,0.0,0.0,9.0,0.0,486.0,163.0,0.0,0.0,70.0,31.0,0.0,0.0,0.0,0.0,0.0,42.0,0.0,0.0,0.0,0.0,0.0,,,,,,,,,,,,,,,,,,,,,,
174,15.0,13.0,14.0,20.0,5.0,2.0,5.0,0.0,15.0,16.0,2.0,21.0,62.0,3.0,0.0,0.0,58.0,10.0,55.0,65.0,0.0,0.0,0.0,14.0,3.0,9.0,4.0,3.0,0.0,0.0,1.0,0.0,7.0,8.0,0.0,12.0,3.0,6.0,2.0,0.0,0.0,0.0,3.0,1.0,0.0,0.0,0.0,0.0,0.0,0.0,1.0,2.0,0.0,0.0,0.0,0.0,0.0,0.0,0.0,0.0,0.0,0.0,0.0,0.0,0.0,0.0,0.0,0.0,0.0,0.0,0.0,0.0,0.0,0.0,0.0,0.0,0.0,,,,,,,,,,,,,,,
175,3.0,12.0,2.0,45.0,37.0,35.0,7.0,44.0,16.0,31.0,11.0,10.0,106.0,1.0,81.0,3.0,6.0,51.0,11.0,7.0,28.0,15.0,0.0,41.0,48.0,0.0,0.0,21.0,17.0,34.0,0.0,0.0,0.0,61.0,25.0,24.0,6.0,,,,,,,,,,,,,,,,,,,,,,,,,,,,,,,,,,,,,,,,,,,,,,,,,,,,,,,
176,0.0,20.0,28.0,6.0,15.0,42.0,12.0,0.0,29.0,5.0,19.0,0.0,28.0,24.0,8.0,30.0,1.0,15.0,8.0,10.0,77.0,125.0,10.0,8.0,1.0,0.0,25.0,26.0,0.0,0.0,6.0,20.0,0.0,0.0,114.0,46.0,15.0,46.0,3.0,0.0,6.0,30.0,0.0,0.0,0.0,9.0,0.0,0.0,0.0,45.0,18.0,17.0,0.0,0.0,0.0,29.0,32.0,156.0,1.0,32.0,0.0,0.0,0.0,0.0,0.0,0.0,0.0,0.0,,,,,,,,,,,,,,,,,,,,,,,,
177,42.0,0.0,1.0,1.0,4.0,11.0,8.0,6.0,11.0,0.0,8.0,0.0,5.0,7.0,24.0,6.0,33.0,11.0,63.0,6.0,22.0,26.0,26.0,14.0,0.0,0.0,0.0,0.0,5.0,11.0,24.0,8.0,9.0,4.0,11.0,4.0,0.0,0.0,0.0,7.0,10.0,4.0,0.0,1.0,2.0,0.0,20.0,0.0,7.0,1.0,14.0,0.0,0.0,0.0,0.0,0.0,0.0,0.0,0.0,0.0,0.0,0.0,0.0,0.0,0.0,0.0,0.0,0.0,0.0,0.0,0.0,0.0,0.0,,,,,,,,,,,,,,,,,,,
178,8.0,25.0,12.0,0.0,21.0,3.0,26.0,18.0,18.0,25.0,29.0,18.0,0.0,4.0,25.0,11.0,22.0,37.0,41.0,101.0,75.0,0.0,48.0,116.0,44.0,33.0,42.0,0.0,197.0,36.0,14.0,0.0,48.0,22.0,12.0,9.0,6.0,0.0,83.0,0.0,5.0,0.0,0.0,0.0,0.0,0.0,0.0,0.0,1.0,0.0,5.0,0.0,0.0,0.0,0.0,0.0,0.0,0.0,0.0,0.0,0.0,0.0,0.0,0.0,0.0,,,,,,,,,,,,,,,,,,,,,,,,,,,
179,17.0,17.0,9.0,5.0,25.0,11.0,2.0,14.0,8.0,26.0,0.0,0.0,43.0,21.0,31.0,18.0,10.0,29.0,63.0,0.0,378.0,25.0,435.0,24.0,41.0,0.0,29.0,,,,,,,,,,,,,,,,,,,,,,,,,,,,,,,,,,,,,,,,,,,,,,,,,,,,,,,,,,,,,,,,,
180,5.0,7.0,0.0,6.0,19.0,7.0,10.0,1.0,8.0,0.0,4.0,0.0,13.0,12.0,4.0,0.0,29.0,0.0,27.0,0.0,13.0,0.0,3.0,0.0,15.0,2.0,10.0,8.0,9.0,9.0,5.0,5.0,0.0,0.0,12.0,24.0,0.0,0.0,0.0,19.0,0.0,0.0,0.0,0.0,0.0,0.0,,,,,,,,,,,,,,,,,,,,,,,,,,,,,,,,,,,,,,,,,,,,,,
181,3.0,13.0,0.0,4.0,6.0,9.0,16.0,7.0,18.0,0.0,4.0,20.0,29.0,0.0,9.0,13.0,14.0,47.0,0.0,0.0,0.0,41.0,7.0,87.0,15.0,0.0,10.0,0.0,21.0,50.0,3.0,0.0,101.0,83.0,0.0,0.0,32.0,0.0,0.0,,,,,,,,,,,,,,,,,,,,,,,,,,,,,,,,,,,,,,,,,,,,,,,,,,,,,
182,11.0,5.0,8.0,8.0,11.0,17.0,11.0,0.0,12.0,28.0,0.0,9.0,15.0,9.0,44.0,10.0,8.0,38.0,0.0,20.0,45.0,92.0,19.0,4.0,11.0,87.0,44.0,15.0,13.0,0.0,25.0,1.0,61.0,14.0,0.0,495.0,51.0,34.0,0.0,0.0,13.0,36.0,0.0,0.0,0.0,837.0,0.0,0.0,0.0,0.0,0.0,0.0,0.0,0.0,,,,,,,,,,,,,,,,,,,,,,,,,,,,,,,,,,,,,,
183,22.0,7.0,2.0,10.0,8.0,20.0,0.0,20.0,55.0,14.0,0.0,0.0,0.0,0.0,0.0,,,,,,,,,,,,,,,,,,,,,,,,,,,,,,,,,,,,,,,,,,,,,,,,,,,,,,,,,,,,,,,,,,,,,,,,,,,,,
184,7.0,0.0,25.0,0.0,5.0,11.0,18.0,0.0,12.0,80.0,5.0,3.0,64.0,16.0,21.0,0.0,0.0,9.0,0.0,2.0,12.0,4.0,1.0,2.0,9.0,7.0,3.0,2.0,22.0,16.0,16.0,1.0,65.0,72.0,0.0,14.0,6.0,0.0,0.0,0.0,88.0,146.0,147.0,150.0,0.0,31.0,165.0,92.0,666.0,0.0,37.0,0.0,0.0,4.0,0.0,0.0,0.0,0.0,0.0,0.0,0.0,61.0,0.0,0.0,0.0,0.0,0.0,0.0,0.0,0.0,0.0,,,,,,,,,,,,,,,,,,,,,
185,52.0,0.0,4.0,13.0,16.0,47.0,18.0,0.0,18.0,44.0,0.0,51.0,31.0,13.0,20.0,0.0,41.0,0.0,0.0,35.0,9.0,7.0,79.0,18.0,27.0,18.0,39.0,50.0,32.0,101.0,41.0,25.0,131.0,0.0,5.0,0.0,4.0,0.0,0.0,0.0,1.0,11.0,6.0,0.0,0.0,0.0,0.0,0.0,0.0,0.0,0.0,0.0,0.0,7.0,0.0,0.0,0.0,0.0,0.0,0.0,0.0,0.0,0.0,0.0,0.0,0.0,0.0,0.0,18.0,6.0,0.0,0.0,41.0,0.0,0.0,0.0,0.0,0.0,0.0,0.0,0.0,0.0,0.0,0.0,0.0,0.0,0.0,0.0,0.0,0.0,0.0,0.0
186,31.0,26.0,11.0,7.0,5.0,0.0,11.0,0.0,5.0,0.0,19.0,0.0,28.0,6.0,9.0,0.0,0.0,0.0,0.0,0.0,3.0,11.0,2.0,57.0,13.0,11.0,2.0,9.0,9.0,59.0,0.0,60.0,48.0,0.0,29.0,1.0,7.0,71.0,0.0,0.0,42.0,0.0,0.0,0.0,10.0,0.0,0.0,1.0,1.0,0.0,20.0,11.0,18.0,10.0,8.0,0.0,2.0,33.0,0.0,40.0,3.0,6.0,19.0,15.0,0.0,46.0,,,,,,,,,,,,,,,,,,,,,,,,,,
187,0.0,18.0,10.0,45.0,6.0,0.0,11.0,12.0,27.0,0.0,43.0,0.0,85.0,12.0,13.0,10.0,0.0,25.0,11.0,5.0,7.0,0.0,0.0,4.0,0.0,0.0,0.0,5.0,4.0,12.0,10.0,0.0,57.0,0.0,10.0,10.0,13.0,17.0,15.0,30.0,71.0,23.0,11.0,9.0,25.0,0.0,13.0,0.0,,,,,,,,,,,,,,,,,,,,,,,,,,,,,,,,,,,,,,,,,,,,
188,8.0,6.0,15.0,44.0,19.0,21.0,21.0,5.0,11.0,0.0,59.0,45.0,80.0,53.0,93.0,37.0,14.0,28.0,1.0,74.0,49.0,100.0,23.0,0.0,0.0,0.0,10.0,43.0,70.0,0.0,0.0,0.0,3.0,85.0,0.0,0.0,1.0,115.0,0.0,0.0,0.0,13.0,30.0,0.0,0.0,78.0,143.0,0.0,0.0,0.0,,,,,,,,,,,,,,,,,,,,,,,,,,,,,,,,,,,,,,,,,,
189,0.0,9.0,13.0,0.0,11.0,11.0,37.0,11.0,18.0,24.0,19.0,1.0,6.0,123.0,131.0,136.0,34.0,0.0,0.0,8.0,0.0,48.0,0.0,24.0,257.0,28.0,27.0,0.0,204.0,7.0,75.0,0.0,167.0,68.0,7.0,,,,,,,,,,,,,,,,,,,,,,,,,,,,,,,,,,,,,,,,,,,,,,,,,,,,,,,,,
190,8.0,29.0,28.0,6.0,4.0,14.0,28.0,17.0,0.0,6.0,0.0,13.0,0.0,0.0,3.0,22.0,60.0,37.0,4.0,0.0,0.0,76.0,3.0,16.0,0.0,32.0,0.0,0.0,0.0,6.0,11.0,0.0,0.0,0.0,0.0,0.0,0.0,0.0,0.0,0.0,0.0,0.0,0.0,3.0,4.0,1.0,0.0,0.0,1.0,0.0,2.0,0.0,0.0,0.0,0.0,0.0,0.0,0.0,0.0,0.0,,,,,,,,,,,,,,,,,,,,,,,,,,,,,,,,
191,22.0,11.0,4.0,0.0,15.0,23.0,0.0,35.0,0.0,21.0,5.0,17.0,28.0,13.0,9.0,21.0,40.0,17.0,0.0,10.0,0.0,5.0,0.0,13.0,0.0,3.0,28.0,23.0,0.0,5.0,10.0,0.0,0.0,0.0,0.0,6.0,2.0,6.0,24.0,0.0,12.0,0.0,4.0,0.0,12.0,,,,,,,,,,,,,,,,,,,,,,,,,,,,,,,,,,,,,,,,,,,,,,,
192,26.0,11.0,35.0,6.0,0.0,18.0,30.0,14.0,13.0,2.0,27.0,22.0,41.0,31.0,100.0,27.0,34.0,69.0,0.0,18.0,22.0,56.0,22.0,45.0,23.0,0.0,13.0,38.0,8.0,0.0,10.0,0.0,43.0,172.0,37.0,,,,,,,,,,,,,,,,,,,,,,,,,,,,,,,,,,,,,,,,,,,,,,,,,,,,,,,,,
193,48.0,13.0,4.0,13.0,10.0,19.0,40.0,0.0,28.0,29.0,18.0,56.0,74.0,57.0,134.0,67.0,29.0,36.0,9.0,33.0,39.0,0.0,270.0,0.0,7.0,32.0,5.0,354.0,0.0,178.0,0.0,0.0,0.0,0.0,15.0,0.0,,,,,,,,,,,,,,,,,,,,,,,,,,,,,,,,,,,,,,,,,,,,,,,,,,,,,,,,
194,32.0,4.0,18.0,5.0,2.0,2.0,20.0,0.0,3.0,11.0,6.0,0.0,0.0,121.0,5.0,1.0,0.0,29.0,0.0,6.0,0.0,18.0,17.0,0.0,13.0,15.0,8.0,0.0,0.0,0.0,21.0,29.0,0.0,18.0,0.0,5.0,33.0,4.0,0.0,44.0,62.0,2.0,15.0,86.0,23.0,0.0,0.0,12.0,5.0,26.0,0.0,0.0,0.0,0.0,0.0,0.0,0.0,0.0,0.0,0.0,0.0,0.0,0.0,2.0,2.0,0.0,0.0,0.0,0.0,0.0,0.0,0.0,0.0,0.0,0.0,0.0,0.0,0.0,0.0,0.0,0.0,0.0,0.0,0.0,1000.0,392.0,35.0,504.0,0.0,,,
195,40.0,21.0,29.0,0.0,0.0,0.0,4.0,3.0,12.0,16.0,33.0,0.0,0.0,22.0,0.0,59.0,17.0,0.0,80.0,151.0,206.0,29.0,0.0,12.0,0.0,0.0,0.0,559.0,22.0,0.0,353.0,69.0,0.0,0.0,0.0,,,,,,,,,,,,,,,,,,,,,,,,,,,,,,,,,,,,,,,,,,,,,,,,,,,,,,,,,
196,21.0,22.0,32.0,25.0,11.0,0.0,22.0,0.0,47.0,14.0,2.0,0.0,9.0,10.0,3.0,19.0,3.0,23.0,0.0,0.0,7.0,35.0,0.0,0.0,0.0,0.0,52.0,136.0,0.0,39.0,0.0,6.0,0.0,0.0,0.0,25.0,0.0,4.0,46.0,0.0,0.0,,,,,,,,,,,,,,,,,,,,,,,,,,,,,,,,,,,,,,,,,,,,,,,,,,,
197,27.0,3.0,23.0,18.0,16.0,13.0,0.0,0.0,3.0,6.0,11.0,14.0,8.0,9.0,12.0,4.0,18.0,19.0,106.0,16.0,0.0,10.0,59.0,11.0,0.0,5.0,9.0,33.0,0.0,0.0,0.0,96.0,6.0,11.0,84.0,4.0,27.0,18.0,39.0,171.0,13.0,127.0,4.0,33.0,0.0,0.0,15.0,65.0,148.0,,,,,,,,,,,,,,,,,,,,,,,,,,,,,,,,,,,,,,,,,,,
198,19.0,22.0,21.0,14.0,31.0,0.0,0.0,3.0,0.0,8.0,24.0,37.0,0.0,16.0,15.0,12.0,0.0,22.0,0.0,0.0,19.0,0.0,9.0,5.0,45.0,0.0,0.0,,,,,,,,,,,,,,,,,,,,,,,,,,,,,,,,,,,,,,,,,,,,,,,,,,,,,,,,,,,,,,,,,
199,25.0,14.0,17.0,26.0,0.0,1.0,7.0,17.0,11.0,6.0,9.0,0.0,0.0,14.0,0.0,12.0,16.0,22.0,0.0,7.0,4.0,0.0,0.0,4.0,3.0,12.0,0.0,2.0,0.0,18.0,0.0,,,,,,,,,,,,,,,,,,,,,,,,,,,,,,,,,,,,,,,,,,,,,,,,,,,,,,,,,,,,,
200,11.0,14.0,0.0,29.0,14.0,2.0,7.0,14.0,1.0,14.0,11.0,21.0,7.0,12.0,39.0,27.0,14.0,0.0,55.0,7.0,5.0,33.0,17.0,12.0,27.0,9.0,14.0,4.0,24.0,,,,,,,,,,,,,,,,,,,,,,,,,,,,,,,,,,,,,,,,,,,,,,,,,,,,,,,,,,,,,,,
201,18.0,0.0,5.0,15.0,0.0,19.0,7.0,6.0,11.0,0.0,15.0,13.0,11.0,3.0,3.0,154.0,111.0,0.0,0.0,25.0,231.0,0.0,0.0,44.0,0.0,5.0,0.0,,,,,,,,,,,,,,,,,,,,,,,,,,,,,,,,,,,,,,,,,,,,,,,,,,,,,,,,,,,,,,,,,
202,0.0,16.0,3.0,0.0,24.0,9.0,24.0,35.0,14.0,0.0,83.0,0.0,52.0,4.0,29.0,4.0,14.0,154.0,0.0,22.0,0.0,11.0,0.0,11.0,6.0,0.0,54.0,0.0,1.0,6.0,0.0,0.0,,,,,,,,,,,,,,,,,,,,,,,,,,,,,,,,,,,,,,,,,,,,,,,,,,,,,,,,,,,,
203,31.0,39.0,11.0,16.0,0.0,29.0,15.0,16.0,0.0,13.0,31.0,33.0,10.0,0.0,57.0,7.0,3.0,0.0,5.0,25.0,0.0,0.0,31.0,23.0,14.0,4.0,0.0,0.0,0.0,17.0,59.0,8.0,0.0,0.0,6.0,24.0,0.0,31.0,11.0,0.0,0.0,0.0,1.0,0.0,0.0,5.0,23.0,63.0,33.0,0.0,0.0,0.0,0.0,0.0,,,,,,,,,,,,,,,,,,,,,,,,,,,,,,,,,,,,,,
204,26.0,1.0,0.0,4.0,10.0,14.0,25.0,23.0,7.0,7.0,23.0,0.0,30.0,21.0,10.0,28.0,0.0,3.0,6.0,6.0,55.0,19.0,15.0,8.0,11.0,5.0,2.0,0.0,0.0,0.0,0.0,,,,,,,,,,,,,,,,,,,,,,,,,,,,,,,,,,,,,,,,,,,,,,,,,,,,,,,,,,,,,
205,0.0,20.0,2.0,18.0,15.0,18.0,22.0,23.0,10.0,0.0,15.0,10.0,70.0,29.0,25.0,12.0,9.0,13.0,52.0,7.0,4.0,6.0,3.0,14.0,7.0,3.0,46.0,18.0,20.0,22.0,2.0,0.0,33.0,25.0,7.0,2.0,1.0,9.0,0.0,11.0,0.0,22.0,0.0,8.0,33.0,2.0,0.0,0.0,12.0,0.0,0.0,15.0,0.0,0.0,0.0,0.0,20.0,3.0,0.0,0.0,0.0,0.0,0.0,0.0,0.0,,,,,,,,,,,,,,,,,,,,,,,,,,,
