,Age,Time,Mean_CP,Std_CP,Elo,OppElo,WL,WhiteWL,Name
0,16.0,8.0,30.578125,43.20853997287228,2459,2430.0,1,1,niemann
1,16.0,8.0,34.45070422535211,72.10068133864605,2459,2591.0,-1,1,niemann
2,16.0,8.0,28.483870967741936,63.91341589355708,2459,2394.0,1,1,niemann
3,16.0,8.0,63.92592592592592,97.00116015401603,2459,2513.0,-1,1,niemann
4,16.0,8.0,47.06666666666667,67.76577307166207,2459,2362.0,-1,-1,niemann
5,16.0,8.0,34.04545454545455,66.4612148067809,2459,2430.0,1,-1,niemann
6,17.0,9.0,6.428571428571429,6.528326555791126,2459,2525.0,0,0,niemann
7,17.0,9.0,26.4,42.2231087094604,2459,2319.0,1,1,niemann
8,17.0,9.0,14.923076923076923,29.011615710846687,2465,2331.0,1,1,niemann
9,17.0,9.0,9.76923076923077,17.63398040594538,2465,2367.0,0,0,niemann
10,17.0,9.0,21.83333333333333,26.08749645451568,2465,2517.0,1,1,niemann
11,17.0,9.0,16.86,22.029673865317324,2465,2470.0,0,0,niemann
12,17.0,9.0,20.020408163265305,25.363597434708115,2465,2353.0,1,1,niemann
13,17.0,9.0,17.964285714285715,16.240055972484143,2465,2427.0,1,-1,niemann
14,17.0,9.0,14.6,11.802542099056456,2465,2574.0,0,0,niemann
15,17.0,9.0,14.0,22.616968690062617,2465,2342.0,1,-1,niemann
16,17.0,9.0,7.0,7.106335201775948,2465,2561.0,0,0,niemann
17,17.0,9.0,14.444444444444445,16.89864203313694,2465,2101.0,1,-1,niemann
18,17.0,9.0,23.0,25.38998154372503,2465,2634.0,-1,-1,niemann
19,17.0,9.0,28.244897959183675,39.70701586424668,2465,2085.0,-1,1,niemann
20,17.0,9.0,34.575,42.89216502477836,2465,2131.0,1,1,niemann
21,17.0,9.0,18.925,20.470601183661238,2465,2084.0,1,-1,niemann
22,17.0,9.0,33.25,81.3404084584825,2465,2255.0,-1,-1,niemann
23,17.0,9.0,21.425,48.07360142371438,2465,2331.0,1,-1,niemann
24,17.0,9.0,49.26315789473684,78.54889481236935,2465,2238.0,1,1,niemann
25,17.0,9.0,39.463157894736845,90.17238933527408,2465,2588.0,-1,1,niemann
26,17.0,9.0,32.644067796610166,51.11203472287682,2465,2315.0,0,0,niemann
27,17.0,9.0,65.36,94.40112993674032,2465,2266.0,1,-1,niemann
28,17.0,9.0,37.325581395348834,61.56592676061406,2465,2339.0,1,1,niemann
29,17.0,9.0,26.875,37.41345084789461,2465,2566.0,0,0,niemann
30,17.0,9.0,30.704545454545453,66.13783336422632,2478,2079.0,1,-1,niemann
31,17.0,9.0,38.389830508474574,71.44180582079579,2478,2291.0,1,1,niemann
32,17.0,9.0,42.63157894736842,52.69413068122821,2478,2581.0,-1,1,niemann
33,17.0,9.0,18.33333333333333,35.27647060763127,2478,2276.0,1,1,niemann
34,17.0,9.0,23.25,27.18220632004569,2478,2318.0,1,-1,niemann
35,17.0,9.0,19.228571428571428,27.212762700275626,2478,2558.0,1,1,niemann
36,17.0,9.0,20.267857142857142,31.574725837104456,2478,2626.0,0,0,niemann
37,17.0,9.0,40.66666666666666,45.17195753037981,2478,1946.0,1,1,niemann
38,17.0,9.0,15.566666666666666,19.39726844141993,2478,2157.0,1,-1,niemann
39,17.0,9.0,24.61111111111111,41.565323295133055,2478,2619.0,0,0,niemann
40,17.0,9.0,41.47058823529412,80.30276531755965,2478,2485.0,-1,-1,niemann
41,17.0,9.0,27.0752688172043,47.444529752749794,2478,2660.0,-1,1,niemann
42,17.0,9.0,15.61904761904762,13.309681402934446,2478,2557.0,1,1,niemann
43,17.0,9.0,36.17460317460318,92.29240692958506,2478,2549.0,-1,1,niemann
44,17.0,9.0,22.791666666666668,48.181376438007554,2478,2293.0,0,0,niemann
45,17.0,9.0,34.208333333333336,52.14359701962388,2478,2278.0,1,1,niemann
46,17.0,9.0,19.11627906976744,21.652239851501104,2478,2304.0,1,-1,niemann
47,17.0,9.0,28.647058823529413,46.317523046644766,2478,2581.0,1,1,niemann
48,17.0,9.0,12.833333333333334,17.351098122614776,2478,2562.0,0,0,niemann
49,17.0,9.0,24.405405405405407,57.733323450470415,2484,2527.0,1,1,niemann
50,17.0,9.0,32.509433962264154,55.09838146495826,2484,2485.0,0,0,niemann
51,17.0,9.0,14.7,14.962366583970043,2484,2510.0,0,0,niemann
52,17.0,9.0,38.21153846153846,59.43107279254683,2484,2560.0,0,0,niemann
53,17.0,9.0,39.22916666666666,110.15274493317024,2484,2619.0,1,1,niemann
54,17.0,9.0,28.84,22.95952961190625,2484,2552.0,0,0,niemann
55,17.0,9.0,31.09090909090909,47.54737896828012,2484,2506.0,0,0,niemann
56,17.0,9.0,33.15384615384615,59.973789146721295,2484,2309.0,1,1,niemann
57,17.0,9.0,19.08333333333333,34.03929727337579,2484,2504.0,1,-1,niemann
58,17.0,9.0,27.0,47.05103612036615,2484,2380.0,1,1,niemann
59,17.0,9.0,18.35211267605634,41.08704995548189,2484,2433.0,1,-1,niemann
60,17.0,9.0,14.483870967741936,21.78511872470431,2484,2187.0,1,1,niemann
61,17.0,9.0,43.77586206896552,76.01108947336573,2484,2378.0,-1,1,niemann
62,17.0,9.0,25.94117647058824,44.39883411293856,2484,2442.0,1,1,niemann
63,17.0,9.0,16.466666666666665,13.705403869937408,2484,2335.0,1,1,niemann
64,17.0,9.0,33.575,60.68173353497844,2484,2443.0,-1,1,niemann
65,17.0,9.0,14.862068965517242,21.222838335036005,2525,2309.0,1,1,niemann
66,17.0,9.0,33.878787878787875,62.98301238020335,2525,2376.0,-1,-1,niemann
67,17.0,9.0,18.204545454545453,22.0006126188008,2525,2314.0,1,-1,niemann
68,17.0,9.0,15.96774193548387,18.660982237398866,2525,2295.0,1,1,niemann
69,17.0,9.0,13.328125,20.010358180797503,2525,2433.0,0,0,niemann
70,17.0,9.0,50.3968253968254,74.51207732427474,2525,2380.0,-1,-1,niemann
71,17.0,9.0,48.95,58.24878121317658,2525,2443.0,0,0,niemann
72,17.0,9.0,31.26086956521739,33.07734378599284,2525,2504.0,1,1,niemann
73,17.0,9.0,24.4375,33.77075799778088,2525,2332.0,1,-1,niemann
74,17.0,9.0,73.63636363636364,106.72864811757118,2525,2378.0,1,-1,niemann
75,17.0,9.0,6.0,9.897658125215091,2525,2416.0,0,0,niemann
76,17.0,9.0,21.65714285714286,30.50645337431068,2525,2445.0,0,0,niemann
77,17.0,9.0,25.21538461538461,46.50117347568105,2525,2381.0,0,0,niemann
78,17.0,9.0,21.529411764705884,23.24628370046173,2525,2569.0,0,0,niemann
79,17.0,9.0,27.29032258064516,28.330423633009914,2525,2488.0,0,0,niemann
80,17.0,9.0,16.142857142857142,16.18052915727801,2525,2413.0,-1,-1,niemann
81,17.0,9.0,12.75,13.576941236277534,2525,2422.0,1,-1,niemann
82,17.0,9.0,14.909090909090908,13.28498811030364,2525,2522.0,1,1,niemann
83,17.0,9.0,14.5,18.29363667664641,2525,2322.0,1,-1,niemann
84,17.0,9.0,28.83783783783784,37.41324298628429,2525,2412.0,1,1,niemann
85,17.0,9.0,28.027027027027028,28.89298885205206,2525,2367.0,1,-1,niemann
86,17.0,9.0,5.476744186046512,9.17506434558112,2525,2434.0,0,0,niemann
87,17.0,9.0,14.0,18.875532159007182,2525,2542.0,1,-1,niemann
88,17.0,9.0,34.36065573770492,61.939764499306186,2525,2458.0,-1,-1,niemann
89,17.0,9.0,32.05882352941177,101.9015987552551,2525,2570.0,-1,-1,niemann
90,17.0,9.0,46.625,57.506001577151096,2525,2381.0,-1,1,niemann
91,17.0,9.0,34.70967741935484,71.35765082345254,2525,2452.0,-1,-1,niemann
92,17.0,9.0,24.55263157894737,25.314985806852395,2526,1966.0,1,-1,niemann
93,17.0,9.0,32.15555555555556,42.13557962941854,2526,2097.0,1,1,niemann
94,17.0,9.0,25.894736842105264,41.045649915136,2526,2357.0,1,-1,niemann
95,17.0,9.0,43.83870967741935,114.39670647187752,2526,2546.0,-1,-1,niemann
96,17.0,9.0,18.61290322580645,30.557789426325595,2526,2126.0,1,-1,niemann
97,17.0,9.0,25.73333333333333,46.97842831846045,2526,2409.0,1,1,niemann
98,17.0,9.0,27.2,37.12501402917805,2526,2481.0,-1,1,niemann
99,17.0,9.0,22.516129032258064,33.89185838097594,2526,2430.0,1,1,niemann
100,17.0,9.0,22.153846153846157,57.71642950510552,2526,2477.0,1,-1,niemann
101,17.0,9.0,13.178571428571429,19.137037139436977,2526,2454.0,1,-1,niemann
102,17.0,9.0,15.2,17.06256236568115,2526,2517.0,0,0,niemann
103,17.0,9.0,45.95555555555556,48.15503162398578,2526,2447.0,-1,1,niemann
104,17.0,9.0,65.5,100.35942980863906,2526,2278.0,1,1,niemann
105,17.0,9.0,29.33333333333333,31.719357607915445,2526,2439.0,0,0,niemann
106,17.0,9.0,29.24137931034483,42.33173005510321,2526,2220.0,1,1,niemann
107,17.0,9.0,20.176470588235293,32.67885108717711,2526,2454.0,1,-1,niemann
108,17.0,9.0,59.94871794871795,85.74317487582772,2526,2599.0,-1,-1,niemann
109,17.0,9.0,33.11538461538461,87.84068775538682,2526,2445.0,-1,1,niemann
110,17.0,9.0,14.51851851851852,23.14896636730556,2526,2231.0,1,1,niemann
111,17.0,9.0,16.466666666666665,21.64072327707191,2526,2487.0,1,-1,niemann
112,17.0,9.0,24.23076923076923,37.19071172297646,2526,2477.0,0,0,niemann
113,17.0,9.0,44.333333333333336,77.21324830808321,2526,2552.0,-1,1,niemann
114,17.0,9.0,36.793103448275865,53.5061100366329,2526,2400.0,-1,-1,niemann
115,17.0,9.0,25.689655172413797,34.002209432703324,2508,2066.0,1,-1,niemann
116,17.0,9.0,29.49253731343284,45.59517954795167,2508,2262.0,1,1,niemann
117,17.0,9.0,23.48275862068965,33.62781659967063,2508,2562.0,1,-1,niemann
118,17.0,9.0,11.0,9.17605579756357,2508,2552.0,0,0,niemann
119,17.0,9.0,11.524590163934429,15.906609273482356,2508,2603.0,0,0,niemann
120,17.0,9.0,12.98,22.4494806994164,2508,2559.0,0,0,niemann
121,17.0,9.0,31.14814814814815,34.35191597355424,2508,2255.0,1,1,niemann
122,17.0,9.0,21.666666666666668,39.48884712952564,2508,2550.0,0,0,niemann
123,17.0,9.0,49.175,100.04124469950202,2508,2453.0,-1,1,niemann
124,17.0,9.0,30.52173913043478,62.995576731601055,2508,2229.0,1,1,niemann
125,17.0,9.0,22.33333333333333,26.28742230475577,2508,2366.0,1,-1,niemann
126,17.0,9.0,96.17948717948718,157.21438125506936,2508,2465.0,0,0,niemann
127,17.0,9.0,24.07058823529412,51.51948041998386,2508,2455.0,0,0,niemann
128,17.0,9.0,29.03030303030303,36.23662240096756,2508,2329.0,1,1,niemann
129,17.0,9.0,22.871794871794872,35.9840457975033,2508,2229.0,1,-1,niemann
130,17.0,9.0,19.857142857142858,24.86805517259496,2508,2457.0,1,1,niemann
131,17.0,9.0,16.96,20.05924558235761,2508,2516.0,0,0,niemann
132,17.0,9.0,34.20634920634921,66.58226992762262,2508,2477.0,1,1,niemann
133,17.0,9.0,27.5,29.075110816048788,2508,2263.0,1,1,niemann
134,17.0,9.0,35.08,62.51068153621786,2508,2455.0,1,-1,niemann
135,17.0,9.0,18.79245283018868,30.39886035981641,2508,2310.0,1,-1,niemann
136,17.0,9.0,32.21052631578947,38.2651898083213,2508,2572.0,1,1,niemann
137,17.0,9.0,30.682539682539684,62.14987748069447,2508,2414.0,1,-1,niemann
138,17.0,9.0,20.67441860465116,29.92428614753652,2508,2520.0,0,0,niemann
139,17.0,9.0,35.12,85.12023668833137,2508,2318.0,0,0,niemann
140,17.0,9.0,32.36206896551724,87.72218873035652,2508,2370.0,0,0,niemann
141,17.0,9.0,26.05128205128205,34.67210976680697,2508,2393.0,1,1,niemann
142,17.0,9.0,36.2972972972973,82.98699844194608,2508,2523.0,0,0,niemann
143,17.0,9.0,18.56410256410257,24.22568761915299,2508,2572.0,1,1,niemann
144,17.0,9.0,22.971014492753625,37.29886097239462,2508,2520.0,0,0,niemann
145,17.0,9.0,22.69090909090909,45.17163676110009,2508,2263.0,1,1,niemann
146,17.0,9.0,12.675,17.491957859073114,2508,2472.0,0,0,niemann
147,17.0,9.0,10.8,11.90577038334994,2508,2515.0,0,0,niemann
148,17.0,9.0,30.71186440677966,65.72567095379189,2508,2472.0,1,-1,niemann
149,17.0,9.0,18.310344827586206,29.61672240990584,2508,2318.0,1,1,niemann
150,17.0,9.0,33.520833333333336,50.75346737272843,2508,2523.0,-1,1,niemann
151,17.0,9.0,18.51515151515152,26.66558855629504,2508,2428.0,1,1,niemann
152,17.0,9.0,24.525,35.72543983329038,2508,2283.0,1,-1,niemann
153,17.0,9.0,56.57575757575758,119.78784117738908,2567,2198.0,1,1,niemann
154,18.0,10.0,17.659574468085108,27.387934979178,2567,2315.0,1,-1,niemann
155,18.0,10.0,12.555555555555555,21.7688813229621,2567,2447.0,0,0,niemann
156,18.0,10.0,23.166666666666668,56.07226846472453,2567,2422.0,1,-1,niemann
157,18.0,10.0,35.208333333333336,105.48428507205765,2567,2461.0,1,1,niemann
158,18.0,10.0,18.047619047619047,20.59475706540485,2567,2598.0,0,0,niemann
159,18.0,10.0,58.41379310344828,63.09376086506907,2567,2359.0,-1,-1,niemann
160,18.0,10.0,25.88235294117647,33.219896106493216,2567,2398.0,1,-1,niemann
161,18.0,10.0,47.89655172413793,59.06917544442896,2567,2679.0,-1,-1,niemann
162,18.0,10.0,25.3,32.07550359751944,2567,2204.0,1,1,niemann
163,18.0,10.0,19.75675675675676,35.98256167568875,2567,2363.0,0,0,niemann
164,18.0,10.0,25.78787878787879,35.449574729252376,2567,2318.0,1,1,niemann
165,18.0,10.0,26.21212121212121,53.34191455586169,2567,2491.0,1,-1,niemann
166,18.0,10.0,26.05263157894737,25.32121131956484,2571,2151.0,1,1,niemann
167,18.0,10.0,16.511627906976745,18.058597863915992,2571,2278.0,1,-1,niemann
168,18.0,10.0,10.178571428571429,10.998496770783325,2571,2370.0,0,0,niemann
169,18.0,10.0,17.78,36.08962200309849,2571,2361.0,1,-1,niemann
170,18.0,10.0,24.892857142857142,56.52245847172885,2571,2352.0,1,1,niemann
171,18.0,10.0,22.7,23.519532755831516,2571,2629.0,1,1,niemann
172,18.0,10.0,22.904761904761905,41.34774413073173,2567,2520.0,-1,-1,niemann
173,18.0,10.0,25.818181818181817,42.5288968903153,2567,2581.0,0,0,niemann
174,18.0,10.0,26.729166666666668,41.14517090318719,2567,2359.0,1,-1,niemann
175,18.0,10.0,19.42105263157895,32.621173759440495,2567,2590.0,1,1,niemann
176,18.0,10.0,16.03076923076923,22.52496478269252,2571,2683.0,0,0,niemann
177,18.0,10.0,28.659574468085108,40.8130821927952,2571,2603.0,0,0,niemann
178,18.0,10.0,13.595238095238097,22.872989207967148,2571,2455.0,0,0,niemann
179,18.0,10.0,34.7,79.34302947663781,2571,2507.0,1,-1,niemann
180,18.0,10.0,9.689655172413794,10.34788953043035,2571,2552.0,1,1,niemann
181,18.0,10.0,21.40909090909091,27.05920999707792,2571,2474.0,1,-1,niemann
182,18.0,10.0,15.903225806451612,25.495561494385225,2571,2538.0,0,0,niemann
183,18.0,10.0,6.911764705882353,10.858225891862652,2571,2376.0,1,-1,niemann
184,18.0,10.0,16.901960784313726,33.5149249749784,2571,2467.0,0,0,niemann
185,18.0,10.0,32.113207547169814,47.67625613582901,2571,2479.0,-1,1,niemann
186,18.0,10.0,16.585714285714285,30.62749208181322,2571,2504.0,0,0,niemann
187,18.0,10.0,35.225806451612904,55.30081957043034,2606,1954.0,1,-1,niemann
188,18.0,10.0,18.9,23.55529078865151,2606,2253.0,1,1,niemann
189,18.0,10.0,21.195121951219512,37.17675316121294,2606,2514.0,1,-1,niemann
190,18.0,10.0,45.892857142857146,139.41102015150216,2606,2607.0,-1,1,niemann
191,18.0,10.0,23.48275862068965,25.910037615972,2606,2137.0,1,1,niemann
192,18.0,10.0,23.16216216216216,35.84186992387032,2606,2587.0,1,1,niemann
193,18.0,10.0,17.952380952380953,21.69854708067596,2606,1985.0,1,-1,niemann
194,18.0,10.0,29.02173913043478,66.6414916234406,2606,2257.0,0,0,niemann
195,18.0,10.0,14.64864864864865,33.38912645266601,2606,2449.0,0,0,niemann
196,18.0,10.0,18.16,30.93268530871776,2606,2368.0,0,0,niemann
197,18.0,10.0,13.702702702702704,22.325701264169435,2606,2398.0,1,1,niemann
198,18.0,10.0,12.786666666666669,23.455704851700595,2606,2454.0,0,0,niemann
199,18.0,10.0,24.28070175438597,44.63092873220036,2606,2389.0,1,1,niemann
200,18.0,10.0,21.94736842105263,25.242102580610407,2606,1843.0,1,-1,niemann
201,18.0,10.0,43.0,54.36188265424852,2606,2360.0,1,-1,niemann
202,18.0,10.0,44.29545454545455,150.95179879767483,2606,2401.0,1,1,niemann
203,18.0,10.0,15.685714285714283,17.914455925102413,2606,2498.0,0,0,niemann
204,18.0,10.0,48.66666666666666,67.52507951595734,2606,2412.0,1,1,niemann
205,18.0,10.0,33.4,89.52623049110218,2606,2562.0,-1,1,niemann
206,18.0,10.0,29.0,45.75363754760062,2606,2443.0,1,1,niemann
207,18.0,10.0,12.10989010989011,16.825543114529797,2606,2597.0,1,-1,niemann
208,18.0,10.0,26.43478260869565,37.19118902459024,2609,2440.0,1,-1,niemann
209,18.0,10.0,24.666666666666668,56.23536846742151,2609,2629.0,1,-1,niemann
210,18.0,10.0,45.638888888888886,66.65311171721318,2609,2474.0,1,1,niemann
211,18.0,10.0,45.5,102.754561942524,2609,2611.0,-1,1,niemann
212,18.0,10.0,14.0,15.0996688705415,2609,2603.0,0,0,niemann
213,18.0,10.0,20.59322033898305,26.890658962744173,2609,2509.0,1,-1,niemann
214,18.0,10.0,25.857142857142858,44.26503957100904,2609,2483.0,0,0,niemann
215,18.0,10.0,12.153846153846152,11.753341041636869,2609,2663.0,0,0,niemann
216,18.0,10.0,21.045454545454547,28.041459791359728,2609,2466.0,1,1,niemann
217,18.0,10.0,45.43333333333333,67.85922717393471,2609,2679.0,-1,1,niemann
218,18.0,10.0,24.63636363636364,29.933069277366737,2609,2704.0,1,1,niemann
219,18.0,10.0,28.363636363636363,32.306015646230044,2609,2470.0,0,0,niemann
220,18.0,10.0,33.878787878787875,74.56138723361086,2609,2395.0,1,1,niemann
221,18.0,10.0,16.228571428571428,17.809590467078184,2609,2661.0,0,0,niemann
222,18.0,10.0,21.029850746268657,34.26941836135932,2609,2561.0,0,0,niemann
223,18.0,10.0,27.847826086956523,34.686511878253086,2609,2234.0,1,-1,niemann
224,18.0,10.0,35.4468085106383,110.7521338513911,2609,2657.0,0,0,niemann
225,18.0,10.0,40.18181818181818,52.40995499581971,2609,2648.0,-1,1,niemann
226,18.0,10.0,43.371428571428574,50.69637747488108,2609,2522.0,1,1,niemann
227,18.0,10.0,25.74137931034483,34.913205838533,2609,2573.0,1,-1,niemann
228,18.0,10.0,21.26923076923077,27.780734885334308,2609,2672.0,0,0,niemann
229,18.0,10.0,30.19047619047619,87.33082394584345,2609,2404.0,0,0,niemann
230,18.0,10.0,23.64516129032258,32.809092629022594,2609,2382.0,1,-1,niemann
231,18.0,10.0,9.309090909090909,11.72188950650421,2609,2445.0,0,0,niemann
232,18.0,10.0,27.90909090909091,42.49586474099058,2609,2487.0,0,0,niemann
233,18.0,10.0,29.428571428571427,38.26554717811227,2609,2300.0,1,1,niemann
234,18.0,10.0,12.930232558139537,15.035506149868189,2609,2568.0,0,0,niemann
235,18.0,10.0,25.264705882352946,54.337150274119104,2609,2635.0,0,0,niemann
236,18.0,10.0,47.37777777777778,134.71844189218706,2609,2533.0,0,0,niemann
237,18.0,10.0,9.96875,11.643866930567963,2638,2763.0,0,0,niemann
238,18.0,10.0,31.04878048780488,41.82460473185143,2638,2782.0,-1,1,niemann
239,18.0,10.0,27.25333333333333,52.70881082645234,2638,2577.0,0,0,niemann
240,18.0,10.0,23.045454545454547,41.6887439749291,2638,2602.0,0,0,niemann
241,18.0,10.0,16.319148936170212,30.003700049348065,2638,2607.0,0,0,niemann
242,18.0,10.0,13.649122807017545,19.59545430894459,2638,2569.0,1,-1,niemann
243,18.0,10.0,24.71794871794872,47.32360528038985,2638,2587.0,1,1,niemann
244,18.0,10.0,8.5,11.315963079126904,2638,2699.0,0,0,niemann
245,18.0,10.0,26.9,28.836459202030078,2638,2691.0,0,0,niemann
246,18.0,10.0,47.333333333333336,71.11757971786959,2638,2700.0,-1,-1,niemann
247,18.0,10.0,23.2972972972973,62.96089887474511,2638,2609.0,0,0,niemann
248,18.0,10.0,37.71794871794872,74.2183651261418,2635,2183.0,1,1,niemann
249,18.0,10.0,34.5,86.89636772273197,2635,2407.0,1,-1,niemann
250,18.0,10.0,48.51724137931034,66.39525622558499,2635,2488.0,0,0,niemann
251,18.0,10.0,29.03703703703704,36.97421996470787,2635,2521.0,1,1,niemann
252,18.0,10.0,12.6875,13.10327567188195,2635,2587.0,0,0,niemann
253,18.0,10.0,43.12280701754386,72.15708810233767,2635,2592.0,-1,1,niemann
254,18.0,10.0,28.88888888888889,39.46501209282951,2635,2445.0,1,1,niemann
255,18.0,10.0,26.387096774193548,37.0519252035616,2635,2557.0,1,1,niemann
256,18.0,10.0,20.468354430379748,36.392742106450505,2635,2501.0,1,-1,niemann
257,18.0,10.0,19.03448275862069,27.24686450980669,2635,2663.0,0,0,niemann
258,18.0,10.0,21.58333333333333,26.966834165832964,2645,2359.0,1,1,niemann
259,18.0,10.0,19.3,41.06187971953668,2645,2448.0,1,-1,niemann
260,18.0,10.0,22.76086956521739,46.750488901832746,2645,2530.0,0,0,niemann
261,18.0,10.0,31.486486486486488,49.6509027475886,2645,2504.0,1,-1,niemann
262,18.0,10.0,22.857142857142858,42.6624346859545,2645,2579.0,0,0,niemann
263,18.0,10.0,58.054054054054056,69.6235695827314,2645,2604.0,-1,-1,niemann
264,18.0,10.0,22.595744680851062,24.63442234166062,2645,2466.0,1,1,niemann
265,18.0,10.0,61.07142857142857,103.01849117420387,2645,2469.0,-1,1,niemann
266,18.0,10.0,38.79661016949152,116.78831124510428,2645,2437.0,1,1,niemann
267,18.0,10.0,17.44736842105263,22.28039662951954,2645,2251.0,1,-1,niemann
268,18.0,10.0,24.46875,46.386166162880095,2645,2382.0,1,1,niemann
269,18.0,10.0,52.51515151515152,72.50134533756994,2645,2466.0,-1,1,niemann
270,18.0,10.0,20.83333333333333,39.43609607654979,2645,2353.0,1,1,niemann
271,18.0,10.0,53.885714285714286,83.1981233628045,2645,2417.0,-1,1,niemann
272,18.0,10.0,24.197183098591548,90.61009400066229,2645,2344.0,1,1,niemann
273,18.0,10.0,20.08333333333333,33.27738057556536,2645,2476.0,1,1,niemann
274,18.0,10.0,51.04545454545455,119.70006513952112,2645,2434.0,1,-1,niemann
275,18.0,10.0,28.20967741935484,40.98625803162836,2645,2592.0,1,1,niemann
276,18.0,10.0,22.1,40.37079946292077,2642,2676.0,0,0,niemann
277,18.0,10.0,26.789473684210527,48.282182768929694,2642,2674.0,0,0,niemann
278,18.0,10.0,6.319148936170213,9.484785031092246,2642,2684.0,0,0,niemann
279,18.0,10.0,14.232876712328768,25.370871611590555,2642,2600.0,1,1,niemann
280,18.0,10.0,22.15853658536585,30.266499229507136,2642,2590.0,-1,1,niemann
281,18.0,10.0,22.5,22.085984190758143,2642,2686.0,0,0,niemann
282,18.0,10.0,16.65909090909091,30.370535891174608,2642,2615.0,1,-1,niemann
283,18.0,10.0,43.25675675675676,50.972208600484,2642,2656.0,-1,-1,niemann
284,18.0,10.0,39.53333333333333,58.50275828773143,2642,2601.0,-1,1,niemann
285,18.0,10.0,20.91489361702128,31.01740730568397,2637,2221.0,1,1,niemann
286,18.0,10.0,43.75675675675676,73.21217468783809,2637,2386.0,1,-1,niemann
287,18.0,10.0,20.82758620689655,24.452678739494896,2637,2496.0,1,1,niemann
288,18.0,10.0,32.035714285714285,61.13292946469247,2637,2434.0,-1,1,niemann
289,18.0,10.0,11.694444444444445,20.44060307251853,2637,2542.0,1,1,niemann
290,18.0,10.0,60.88461538461539,64.94571697845943,2637,2465.0,-1,1,niemann
291,18.0,10.0,36.8,90.49757877814125,2637,2362.0,1,1,niemann
292,18.0,10.0,13.47457627118644,20.74006279061704,2637,2419.0,0,0,niemann
293,18.0,10.0,14.45,18.91386291920071,2637,2422.0,1,1,niemann
294,18.0,10.0,45.94949494949495,178.25660097331195,2637,2519.0,0,0,niemann
295,18.0,10.0,20.558823529411764,22.44750263017137,2637,2533.0,1,-1,niemann
296,18.0,10.0,64.0,217.9468589664309,2637,2652.0,1,1,niemann
297,18.0,10.0,24.074074074074076,22.39836176345515,2637,2628.0,0,0,niemann
298,18.0,10.0,29.10112359550562,72.13671441717456,2637,2609.0,1,1,niemann
299,18.0,10.0,27.67924528301887,38.32591691155941,2637,2579.0,1,-1,niemann
300,18.0,10.0,30.85185185185185,39.81959667707357,2637,2574.0,1,1,niemann
301,18.0,10.0,15.333333333333334,15.208803118841807,2637,2536.0,0,0,niemann
302,18.0,10.0,29.84210526315789,46.09539246235887,2637,2626.0,1,1,niemann
303,18.0,10.0,19.95833333333333,27.760340862869374,2637,2698.0,0,0,niemann
304,18.0,10.0,25.2,37.99473647757016,2637,2693.0,0,0,niemann
305,18.0,10.0,25.16417910447761,33.99536377255055,2637,2675.0,1,1,niemann
306,18.0,10.0,16.790697674418606,23.33152184077205,2637,2690.0,1,-1,niemann
307,18.0,10.0,21.05172413793104,22.301303882731467,2637,2693.0,1,1,niemann
308,18.0,10.0,8.45945945945946,11.748746019598562,2637,2656.0,0,0,niemann
309,18.0,10.0,6.116666666666666,11.43751138432949,2637,2714.0,0,0,niemann
310,18.0,10.0,11.173076923076923,14.417746626913942,2642,2628.0,0,0,niemann
311,18.0,10.0,32.0,50.35096336908681,2642,2670.0,1,1,niemann
312,18.0,10.0,35.29032258064516,54.76080931249227,2656,2572.0,-1,1,niemann
313,18.0,10.0,23.375,33.847986206165444,2656,2454.0,1,1,niemann
314,18.0,10.0,9.944444444444445,22.84724984318299,2656,2536.0,0,0,niemann
315,18.0,10.0,18.607142857142858,23.031739816197977,2656,2581.0,1,1,niemann
316,18.0,10.0,50.44444444444444,107.0540550706544,2656,2616.0,1,-1,niemann
317,18.0,10.0,31.8,53.9919534234756,2656,2539.0,1,1,niemann
318,18.0,10.0,29.06451612903226,43.37582697299728,2656,2671.0,0,0,niemann
319,18.0,10.0,37.98,64.84943000079933,2656,2690.0,-1,-1,niemann
320,18.0,10.0,31.75925925925926,41.08754353089527,2656,2624.0,1,-1,niemann
321,18.0,10.0,21.104166666666668,35.92678108724438,2678,2661.0,0,0,niemann
322,18.0,10.0,63.96,84.68445351223959,2678,2541.0,-1,1,niemann
323,18.0,10.0,27.25531914893617,51.27354945062313,2678,2613.0,1,1,niemann
324,18.0,10.0,13.152542372881356,19.863164278357964,2678,2675.0,0,0,niemann
325,18.0,10.0,24.51428571428572,37.48989779893764,2678,2635.0,1,1,niemann
326,18.0,10.0,6.133333333333334,9.800539511304656,2678,2598.0,0,0,niemann
327,18.0,10.0,20.848484848484848,32.74057231872369,2678,2564.0,1,1,niemann
328,19.0,11.0,43.68181818181818,93.59506217923924,2678,2577.0,1,1,niemann
329,19.0,11.0,18.85897435897436,24.545068200361005,2678,2535.0,1,-1,niemann
330,19.0,11.0,13.071428571428571,18.905081761317945,2678,2648.0,0,0,niemann
331,19.0,11.0,7.461538461538462,14.198681773409955,2678,2650.0,0,0,niemann
332,19.0,11.0,29.33333333333333,50.56976184448697,2678,2487.0,1,-1,niemann
333,19.0,11.0,31.4375,37.68114052233332,2678,2640.0,-1,-1,niemann
334,19.0,11.0,31.40740740740741,44.35088160129424,2678,2654.0,0,0,niemann
335,19.0,11.0,8.26865671641791,16.774423252111422,2678,2638.0,0,0,niemann
336,19.0,11.0,49.483870967741936,97.45969114382346,2678,2602.0,-1,1,niemann
337,19.0,11.0,17.728813559322035,27.13302511730612,2678,2656.0,1,1,niemann
338,19.0,11.0,32.71875,53.57252207025297,2678,2610.0,0,0,niemann
339,19.0,11.0,13.655737704918034,17.504175926429333,2642,2655.0,0,0,niemann
340,19.0,11.0,28.30263157894737,64.78662819581257,2642,2781.0,-1,-1,niemann
341,19.0,11.0,19.08620689655172,26.004914840973186,2642,2663.0,0,0,niemann
342,19.0,11.0,12.117647058823527,20.26904597160237,2642,2672.0,1,-1,niemann
343,19.0,11.0,19.567901234567906,40.43078600262581,2642,2611.0,0,0,niemann
344,19.0,11.0,40.55555555555556,47.27545402700135,2687,2570.0,-1,-1,niemann
345,19.0,11.0,27.696969696969692,31.89875080673698,2687,2578.0,1,-1,niemann
346,19.0,11.0,23.95876288659794,77.42401080061408,2687,2701.0,0,0,niemann
347,19.0,11.0,11.320754716981131,13.625165609304974,2687,2644.0,0,0,niemann
348,19.0,11.0,28.044444444444444,36.88369654341972,2687,2641.0,1,1,niemann
349,19.0,11.0,12.53061224489796,12.69366974915766,2688,2759.0,0,0,niemann
350,19.0,11.0,26.416666666666668,37.204342764889375,2688,2757.0,1,1,niemann
351,19.0,11.0,15.553571428571429,33.14536558465241,2688,2861.0,1,-1,niemann
352,19.0,11.0,23.976190476190474,27.655977252964544,2688,2778.0,0,0,niemann
353,19.0,11.0,22.91489361702128,32.99725270990724,2688,2745.0,0,0,niemann
354,19.0,11.0,34.55172413793103,51.43320397038675,2688,2771.0,-1,-1,niemann
355,19.0,11.0,8.037037037037036,14.557579835874076,2688,2757.0,0,0,niemann
