,0,1,2,3,4,5,6,7,8,9,10,11,12,13,14,15,16,17,18,19,20,21,22,23,24,25,26,27,28,29,30,31,32,33,34,35,36,37,38,39,40,41,42,43,44,45,46,47,48,49,50,51,52,53,54,55,56,57,58,59,60,61,62,63,64,65,66,67,68,69,70,71,72,73,74,75,76,77,78,79,80,81,82,83,84,85,86,87,88,89,90,91,92,93,94,95,96,97,98,99,100,101,102,103,104,105,106,107,108,109,110,111,112,113,114,115,116,117,118,119,120,121,122,123,124,125,126,127,128,129,130,131,132,133,134,135,136,137,138,139,140,141,142,143,144,145,146,147,148,149,150,151,152,153,154,155,156,157,158,159,160,161,162,163,164,165,166,167,168,169,170,171,172,173,174,175,176,177,178,179,180,181,182,183,184,185,186,187,188,189,190,191,192,193,194,195,196,197,198,199,200,201,202,203,204,205,206,207,208,209,210,211,212,213,214,215,216,217,218,219,220,221,222,223,224,225,226
0,10,39,16,40,15,16,7,13,-1,32,29,23,20,32,17,15,4,12,-15,-11,-24,-19,-32,-2,-60,0,-52,-12,-49,-40,-46,-25,-21,-5,-5,-8,-12,-4,-155,-67,-83.0,-95.0,-82.0,-81.0,-69.0,-100.0,-91.0,-14.0,-110.0,-63.0,-75.0,-57.0,-72.0,-61.0,-64.0,-51.0,-54.0,-59.0,-156.0,-99.0,-192.0,-79.0,-79.0,-95.0,-89.0,-103.0,-117.0,-119.0,-242.0,-166.0,-224.0,-195.0,-184.0,-206.0,-202.0,-74.0,-84.0,-65.0,-35.0,-39.0,-56.0,-45.0,-49.0,-26.0,-22.0,-18.0,-12.0,-23.0,-30.0,-18.0,-30.0,-13.0,-19.0,-7.0,-6.0,0.0,0.0,0.0,0.0,0.0,0.0,0.0,0.0,0.0,0.0,0.0,0.0,0.0,0.0,0.0,0.0,,,,,,,,,,,,,,,,,,,,,,,,,,,,,,,,,,,,,,,,,,,,,,,,,,,,,,,,,,,,,,,,,,,,,,,,,,,,,,,,,,,,,,,,,,,,,,,,,,,,,,,,,,,,,,,,,,,,
1,25,31,18,37,40,31,48,78,73,71,76,102,83,76,63,84,64,84,59,72,53,54,71,66,56,35,35,65,52,66,39,62,69,76,66,81,48,66,51,82,75.0,78.0,63.0,74.0,30.0,57.0,39.0,48.0,57.0,101.0,109.0,126.0,58.0,52.0,52.0,32.0,43.0,42.0,43.0,23.0,16.0,11.0,24.0,23.0,9.0,10.0,0.0,8.0,0.0,23.0,0.0,0.0,0.0,0.0,0.0,0.0,0.0,0.0,0.0,0.0,0.0,0.0,0.0,0.0,-8.0,0.0,0.0,0.0,-2.0,0.0,,,,,,,,,,,,,,,,,,,,,,,,,,,,,,,,,,,,,,,,,,,,,,,,,,,,,,,,,,,,,,,,,,,,,,,,,,,,,,,,,,,,,,,,,,,,,,,,,,,,,,,,,,,,,,,,,,,,,,,,,,,,,,,,,,,,,,,,,
2,25,45,27,33,28,14,4,26,10,21,20,50,8,19,-19,-6,-21,-24,-16,0,-8,39,22,104,64,99,97,122,76,54,79,102,63,84,76,90,60,68,63,497,502.0,528.0,562.0,691.0,714.0,700.0,667.0,720.0,710.0,706.0,651.0,617.0,628.0,738.0,763.0,785.0,762.0,747.0,737.0,786.0,796.0,781.0,800.0,809.0,793.0,800.0,802.0,767.0,716.0,744.0,707.0,731.0,764.0,767.0,762.0,862.0,884.0,902.0,896.0,883.0,847.0,852.0,865.0,846.0,1058.0,1096.0,1134.0,,,,,,,,,,,,,,,,,,,,,,,,,,,,,,,,,,,,,,,,,,,,,,,,,,,,,,,,,,,,,,,,,,,,,,,,,,,,,,,,,,,,,,,,,,,,,,,,,,,,,,,,,,,,,,,,,,,,,,,,,,,,,,,,,,,,,,,,,,,,
3,31,67,40,90,41,34,42,78,63,62,67,81,38,45,14,31,24,25,41,56,45,50,50,54,47,57,52,66,39,67,58,108,91,94,86,91,73,78,57,61,36.0,39.0,30.0,81.0,65.0,70.0,67.0,75.0,33.0,21.0,21.0,30.0,0.0,25.0,18.0,13.0,2.0,13.0,-3.0,1.0,-48.0,-51.0,-54.0,-40.0,-62.0,-52.0,-37.0,-39.0,-29.0,-40.0,-22.0,-20.0,-16.0,-34.0,-92.0,-87.0,-96.0,-103.0,-105.0,-117.0,-183.0,-212.0,-241.0,-258.0,-253.0,-276.0,-268.0,-253.0,-264.0,-256.0,-279.0,-255.0,-288.0,-220.0,-250.0,-252.0,-269.0,-216.0,-504.0,-577.0,-580.0,-593.0,-617.0,-446.0,-478.0,-604.0,-682.0,-687.0,-737.0,-175.0,-259.0,-230.0,-776.0,-608.0,-1036.0,-1102.0,-1282.0,-1250.0,,,,,,,,,,,,,,,,,,,,,,,,,,,,,,,,,,,,,,,,,,,,,,,,,,,,,,,,,,,,,,,,,,,,,,,,,,,,,,,,,,,,,,,,,,,,,,,,,,,,,,,,,,,,,
4,22,59,37,57,27,38,23,47,26,37,20,29,26,18,28,66,44,91,71,77,80,88,76,81,74,77,78,75,74,73,70,128,108,118,86,93,93,98,95,106,84.0,91.0,94.0,93.0,84.0,82.0,83.0,92.0,86.0,79.0,86.0,82.0,85.0,87.0,85.0,110.0,102.0,125.0,112.0,122.0,110.0,112.0,96.0,237.0,315.0,327.0,311.0,375.0,395.0,389.0,416.0,701.0,662.0,679.0,690.0,,,,,,,,,,,,,,,,,,,,,,,,,,,,,,,,,,,,,,,,,,,,,,,,,,,,,,,,,,,,,,,,,,,,,,,,,,,,,,,,,,,,,,,,,,,,,,,,,,,,,,,,,,,,,,,,,,,,,,,,,,,,,,,,,,,,,,,,,,,,,,,,,,,,,,,,
5,23,26,18,39,28,39,28,46,43,41,29,46,3,35,34,43,49,58,45,32,5,25,28,51,51,56,2,6,-50,19,0,-8,-2,-4,4,-3,0,-5,0,14,2.0,5.0,4.0,3.0,6.0,6.0,2.0,14.0,10.0,15.0,12.0,29.0,25.0,58.0,26.0,27.0,27.0,36.0,20.0,24.0,0.0,1.0,0.0,29.0,24.0,37.0,20.0,34.0,9.0,24.0,9.0,13.0,14.0,12.0,0.0,0.0,0.0,0.0,0.0,0.0,0.0,0.0,0.0,0.0,0.0,0.0,0.0,0.0,0.0,0.0,,,,,,,,,,,,,,,,,,,,,,,,,,,,,,,,,,,,,,,,,,,,,,,,,,,,,,,,,,,,,,,,,,,,,,,,,,,,,,,,,,,,,,,,,,,,,,,,,,,,,,,,,,,,,,,,,,,,,,,,,,,,,,,,,,,,,,,,,
6,4,54,39,55,12,49,36,40,19,39,31,39,47,60,44,43,32,25,36,0,-32,64,60,51,43,104,96,128,85,153,125,155,146,150,131,267,267,259,251,283,255.0,243.0,200.0,184.0,179.0,266.0,246.0,262.0,247.0,351.0,314.0,322.0,214.0,326.0,196.0,317.0,308.0,365.0,336.0,348.0,351.0,359.0,224.0,223.0,230.0,314.0,281.0,368.0,206.0,224.0,253.0,295.0,253.0,321.0,234.0,205.0,243.0,266.0,243.0,260.0,223.0,232.0,212.0,227.0,216.0,304.0,317.0,558.0,579.0,607.0,621.0,629.0,640.0,632.0,635.0,815.0,640.0,647.0,641.0,646.0,654.0,679.0,800.0,801.0,865.0,891.0,880.0,,,,,,,,,,,,,,,,,,,,,,,,,,,,,,,,,,,,,,,,,,,,,,,,,,,,,,,,,,,,,,,,,,,,,,,,,,,,,,,,,,,,,,,,,,,,,,,,,,,,,,,,,,,,,,,,,,,,,,,,
7,26,56,49,58,26,37,32,16,23,37,33,37,14,25,8,21,19,35,34,31,24,35,34,34,25,21,15,19,6,42,36,36,10,17,3,25,5,44,25,43,38.0,62.0,58.0,74.0,64.0,58.0,58.0,163.0,136.0,226.0,159.0,164.0,60.0,84.0,-2.0,0.0,-6.0,0.0,-5.0,0.0,0.0,6.0,9.0,12.0,7.0,8.0,18.0,13.0,0.0,95.0,111.0,153.0,88.0,89.0,65.0,83.0,84.0,94.0,0.0,0.0,-2.0,-1.0,-2.0,0.0,0.0,0.0,0.0,0.0,0.0,0.0,0.0,0.0,0.0,0.0,0.0,-1.0,0.0,0.0,0.0,-5.0,-4.0,-4.0,-4.0,-5.0,-3.0,-9.0,-4.0,-1.0,0.0,0.0,0.0,0.0,0.0,0.0,0.0,0.0,0.0,0.0,0.0,0.0,0.0,0.0,0.0,0.0,0.0,0.0,0.0,0.0,0.0,0.0,,,,,,,,,,,,,,,,,,,,,,,,,,,,,,,,,,,,,,,,,,,,,,,,,,,,,,,,,,,,,,,,,,,,,,,,,,,,,,,,,,,,,,,,,,,,,,,,,
8,21,21,13,40,30,11,23,26,12,32,12,18,0,0,0,8,2,36,26,34,-37,42,26,52,44,48,-30,-37,-99,-65,-76,-70,-76,-16,-30,-21,-27,32,20,18,17.0,15.0,2.0,0.0,0.0,0.0,0.0,0.0,-8.0,63.0,16.0,36.0,16.0,18.0,12.0,76.0,75.0,108.0,50.0,72.0,56.0,67.0,42.0,141.0,126.0,165.0,148.0,303.0,287.0,575.0,682.0,848.0,830.0,899.0,939.0,939.0,969.0,966.0,444.0,555.0,612.0,592.0,835.0,,,,,,,,,,,,,,,,,,,,,,,,,,,,,,,,,,,,,,,,,,,,,,,,,,,,,,,,,,,,,,,,,,,,,,,,,,,,,,,,,,,,,,,,,,,,,,,,,,,,,,,,,,,,,,,,,,,,,,,,,,,,,,,,,,,,,,,,,,,,,,,,
9,31,58,32,71,65,76,50,67,62,65,69,60,60,69,62,62,28,33,32,54,45,37,6,41,0,45,15,0,-20,17,-32,55,12,-37,-34,-39,-29,-35,-86,-90,-118.0,-115.0,-104.0,-17.0,-48.0,-1.0,-26.0,-10.0,-387.0,-447.0,-392.0,-450.0,-424.0,-436.0,-517.0,-482.0,-528.0,-543.0,-569.0,-611.0,-838.0,-874.0,-825.0,-860.0,,,,,,,,,,,,,,,,,,,,,,,,,,,,,,,,,,,,,,,,,,,,,,,,,,,,,,,,,,,,,,,,,,,,,,,,,,,,,,,,,,,,,,,,,,,,,,,,,,,,,,,,,,,,,,,,,,,,,,,,,,,,,,,,,,,,,,,,,,,,,,,,,,,,,,,,,,,,,,,,,,,
10,19,41,37,62,39,53,38,54,30,45,28,46,23,58,43,45,28,55,53,85,69,199,198,199,166,258,236,249,234,270,285,262,199,246,232,275,231,260,188,196,197.0,180.0,187.0,193.0,100.0,291.0,72.0,65.0,75.0,121.0,126.0,124.0,136.0,147.0,145.0,132.0,145.0,175.0,185.0,214.0,170.0,202.0,168.0,183.0,141.0,593.0,664.0,685.0,685.0,679.0,673.0,676.0,676.0,,,,,,,,,,,,,,,,,,,,,,,,,,,,,,,,,,,,,,,,,,,,,,,,,,,,,,,,,,,,,,,,,,,,,,,,,,,,,,,,,,,,,,,,,,,,,,,,,,,,,,,,,,,,,,,,,,,,,,,,,,,,,,,,,,,,,,,,,,,,,,,,,,,,,,,,,,
11,19,39,28,28,-2,19,0,17,21,29,26,40,32,40,38,45,36,43,10,9,17,17,5,0,0,1,-3,58,44,83,90,129,116,150,117,186,187,198,139,160,159.0,174.0,143.0,158.0,161.0,184.0,27.0,113.0,68.0,82.0,76.0,85.0,39.0,68.0,59.0,98.0,90.0,87.0,80.0,186.0,127.0,154.0,146.0,241.0,179.0,161.0,139.0,251.0,211.0,213.0,183.0,412.0,0.0,248.0,52.0,70.0,45.0,43.0,36.0,42.0,11.0,17.0,0.0,0.0,0.0,0.0,-54.0,-59.0,-82.0,-52.0,-44.0,-44.0,-626.0,-742.0,-975.0,-1014.0,-1027.0,-1000.0,-1068.0,-1179.0,-1205.0,-1239.0,-1239.0,-1283.0,-1308.0,-1359.0,-1270.0,-1271.0,-1294.0,-1259.0,-1259.0,-1259.0,-1265.0,-1264.0,,,,,,,,,,,,,,,,,,,,,,,,,,,,,,,,,,,,,,,,,,,,,,,,,,,,,,,,,,,,,,,,,,,,,,,,,,,,,,,,,,,,,,,,,,,,,,,,,,,,,,,,,,,,,,,,,
12,23,36,24,46,34,59,13,56,65,50,38,51,48,35,25,43,28,30,28,51,-17,-4,-50,-38,-13,-9,-45,-36,-30,-43,-35,-10,-52,-54,-60,-47,-55,-37,-41,-1,0.0,8.0,0.0,0.0,0.0,0.0,0.0,0.0,-5.0,0.0,0.0,0.0,0.0,0.0,0.0,0.0,0.0,0.0,0.0,0.0,0.0,0.0,0.0,0.0,0.0,0.0,0.0,0.0,1.0,0.0,0.0,0.0,0.0,0.0,0.0,0.0,0.0,0.0,0.0,0.0,0.0,0.0,0.0,0.0,0.0,0.0,0.0,0.0,0.0,0.0,0.0,,,,,,,,,,,,,,,,,,,,,,,,,,,,,,,,,,,,,,,,,,,,,,,,,,,,,,,,,,,,,,,,,,,,,,,,,,,,,,,,,,,,,,,,,,,,,,,,,,,,,,,,,,,,,,,,,,,,,,,,,,,,,,,,,,,,,,,,
13,12,58,45,51,23,27,17,35,24,28,23,54,23,42,30,31,18,50,23,35,11,10,1,0,5,0,-12,0,14,31,10,5,10,26,21,33,23,29,18,53,30.0,13.0,-97.0,-75.0,-102.0,-83.0,-114.0,-66.0,-158.0,-146.0,-181.0,-80.0,-150.0,-147.0,-407.0,-135.0,-179.0,-11.0,-87.0,-103.0,-189.0,0.0,-213.0,-187.0,-170.0,-143.0,-222.0,-158.0,-195.0,-139.0,-178.0,159.0,109.0,9.0,0.0,112.0,111.0,112.0,116.0,138.0,46.0,170.0,94.0,113.0,-221.0,-232.0,-322.0,66.0,-199.0,-191.0,-317.0,10.0,0.0,,,,,,,,,,,,,,,,,,,,,,,,,,,,,,,,,,,,,,,,,,,,,,,,,,,,,,,,,,,,,,,,,,,,,,,,,,,,,,,,,,,,,,,,,,,,,,,,,,,,,,,,,,,,,,,,,,,,,,,,,,,,,,,,,,,,,,
14,38,45,37,38,27,54,45,47,49,57,47,50,60,62,45,44,21,35,35,26,37,34,0,0,0,0,-9,-7,-11,0,5,5,31,-4,-21,7,4,10,1,9,9.0,0.0,1.0,8.0,8.0,16.0,0.0,10.0,5.0,9.0,0.0,0.0,0.0,1.0,0.0,0.0,0.0,0.0,0.0,0.0,0.0,0.0,0.0,0.0,0.0,0.0,0.0,0.0,0.0,0.0,,,,,,,,,,,,,,,,,,,,,,,,,,,,,,,,,,,,,,,,,,,,,,,,,,,,,,,,,,,,,,,,,,,,,,,,,,,,,,,,,,,,,,,,,,,,,,,,,,,,,,,,,,,,,,,,,,,,,,,,,,,,,,,,,,,,,,,,,,,,,,,,,,,,,,,,,,,,,
15,13,19,33,54,44,45,43,57,65,67,25,34,47,65,68,82,56,80,54,63,52,57,65,105,87,154,145,141,129,174,156,183,162,166,94,120,128,168,146,184,159.0,212.0,199.0,214.0,201.0,249.0,215.0,272.0,240.0,280.0,246.0,220.0,222.0,250.0,125.0,356.0,252.0,290.0,239.0,363.0,146.0,282.0,220.0,320.0,65.0,35.0,21.0,32.0,19.0,0.0,6.0,4.0,22.0,18.0,0.0,24.0,24.0,20.0,13.0,13.0,11.0,21.0,8.0,5.0,9.0,41.0,37.0,28.0,24.0,51.0,33.0,51.0,7.0,80.0,60.0,38.0,13.0,29.0,22.0,124.0,49.0,50.0,26.0,30.0,30.0,25.0,37.0,43.0,43.0,43.0,33.0,33.0,0.0,1.0,0.0,0.0,5.0,58.0,0.0,0.0,0.0,0.0,0.0,0.0,0.0,0.0,0.0,0.0,0.0,0.0,0.0,0.0,-51.0,,,,,,,,,,,,,,,,,,,,,,,,,,,,,,,,,,,,,,,,,,,,,,,,,,,,,,,,,,,,,,,,,,,,,,,,,,,,,,,,,,,,,,,,,,,,,,
16,17,50,31,60,50,60,57,67,2,20,8,31,14,40,15,43,36,49,34,33,28,21,0,18,0,53,21,98,51,177,122,212,16,107,33,0,61,2,0,11,41.0,162.0,149.0,283.0,178.0,231.0,216.0,544.0,639.0,679.0,710.0,699.0,684.0,725.0,746.0,731.0,678.0,751.0,749.0,830.0,839.0,866.0,845.0,860.0,877.0,863.0,715.0,674.0,76.0,118.0,105.0,125.0,34.0,758.0,493.0,670.0,689.0,685.0,194.0,256.0,123.0,191.0,198.0,389.0,68.0,55.0,128.0,137.0,136.0,114.0,33.0,646.0,890.0,897.0,905.0,913.0,921.0,921.0,1006.0,1200.0,1358.0,1432.0,1284.0,,,,,,,,,,,,,,,,,,,,,,,,,,,,,,,,,,,,,,,,,,,,,,,,,,,,,,,,,,,,,,,,,,,,,,,,,,,,,,,,,,,,,,,,,,,,,,,,,,,,,,,,,,,,,,,,,,,,,,,,,,,,
17,28,46,30,48,27,43,24,64,55,61,30,73,55,46,31,45,8,49,42,54,47,147,134,159,170,152,130,164,62,135,141,159,153,171,88,237,240,233,88,90,96.0,105.0,76.0,145.0,157.0,335.0,179.0,218.0,158.0,174.0,147.0,176.0,147.0,199.0,197.0,214.0,158.0,197.0,-138.0,-20.0,-61.0,-17.0,0.0,0.0,0.0,0.0,-207.0,0.0,0.0,0.0,-471.0,54.0,66.0,60.0,70.0,137.0,77.0,83.0,62.0,85.0,57.0,101.0,,,,,,,,,,,,,,,,,,,,,,,,,,,,,,,,,,,,,,,,,,,,,,,,,,,,,,,,,,,,,,,,,,,,,,,,,,,,,,,,,,,,,,,,,,,,,,,,,,,,,,,,,,,,,,,,,,,,,,,,,,,,,,,,,,,,,,,,,,,,,,,,,
18,27,38,49,60,22,28,23,24,30,44,42,43,26,26,28,37,17,50,15,8,5,25,-3,10,-6,-6,-3,0,0,25,2,7,4,22,0,0,0,0,19,34,8.0,23.0,3.0,43.0,40.0,56.0,-3.0,24.0,7.0,27.0,23.0,16.0,33.0,33.0,17.0,69.0,66.0,108.0,82.0,92.0,29.0,120.0,98.0,97.0,81.0,125.0,109.0,121.0,30.0,99.0,76.0,105.0,101.0,107.0,57.0,102.0,78.0,77.0,82.0,84.0,75.0,138.0,83.0,140.0,116.0,120.0,118.0,155.0,102.0,119.0,111.0,105.0,74.0,86.0,61.0,75.0,62.0,112.0,95.0,101.0,63.0,111.0,82.0,62.0,52.0,25.0,13.0,108.0,21.0,28.0,10.0,24.0,4.0,9.0,1.0,11.0,0.0,0.0,0.0,0.0,0.0,17.0,6.0,13.0,12.0,12.0,0.0,18.0,10.0,20.0,3.0,24.0,17.0,23.0,0.0,10.0,0.0,0.0,-6.0,0.0,0.0,8.0,-225.0,0.0,-37.0,-23.0,-357.0,-413.0,-476.0,-480.0,-481.0,-467.0,-469.0,-453.0,-455.0,-475.0,-502.0,-463.0,-488.0,-399.0,-544.0,-511.0,-555.0,-543.0,-594.0,-543.0,-617.0,-475.0,-590.0,-460.0,-753.0,-743.0,-804.0,-835.0,-895.0,-769.0,-760.0,-687.0,-853.0,-822.0,-912.0,-895.0,-972.0,-1023.0,-1087.0,-1205.0,-1866.0,-2224.0,-2828.0,-1172.0,-1413.0,-1542.0,,,,,,,,,,,,,,,,,,,,,,,,,,,,,,,,,,,
19,22,38,27,39,14,30,19,24,-11,1,0,10,17,14,4,24,7,17,-12,-19,-18,-5,-20,35,-20,16,23,18,20,4,-32,-18,-29,-13,-36,-25,-65,-13,-87,-49,-50.0,-44.0,-49.0,-25.0,-7.0,0.0,-50.0,-32.0,-42.0,-41.0,-45.0,-37.0,-38.0,0.0,-33.0,-27.0,-37.0,0.0,-12.0,0.0,-18.0,0.0,-66.0,0.0,0.0,0.0,0.0,0.0,0.0,0.0,0.0,0.0,0.0,0.0,0.0,0.0,0.0,0.0,0.0,0.0,0.0,0.0,0.0,0.0,-25.0,-13.0,-14.0,-14.0,-12.0,0.0,-5.0,0.0,0.0,0.0,0.0,0.0,0.0,0.0,0.0,0.0,0.0,0.0,0.0,0.0,0.0,0.0,0.0,0.0,0.0,0.0,0.0,0.0,0.0,0.0,0.0,0.0,0.0,,,,,,,,,,,,,,,,,,,,,,,,,,,,,,,,,,,,,,,,,,,,,,,,,,,,,,,,,,,,,,,,,,,,,,,,,,,,,,,,,,,,,,,,,,,,,,,,,,,,,,,,,,,,,,
20,24,47,42,31,35,25,10,27,26,75,65,78,76,53,55,70,59,40,28,55,29,94,37,86,75,144,132,149,131,142,121,134,116,122,84,105,98,121,91,125,89.0,180.0,81.0,114.0,113.0,195.0,178.0,228.0,196.0,275.0,214.0,319.0,294.0,387.0,324.0,354.0,362.0,463.0,241.0,279.0,156.0,192.0,174.0,163.0,98.0,236.0,87.0,204.0,73.0,108.0,58.0,152.0,50.0,180.0,-21.0,125.0,107.0,118.0,35.0,98.0,86.0,84.0,-27.0,-40.0,-62.0,0.0,-173.0,0.0,0.0,33.0,34.0,378.0,373.0,414.0,245.0,498.0,559.0,616.0,647.0,659.0,657.0,766.0,791.0,,,,,,,,,,,,,,,,,,,,,,,,,,,,,,,,,,,,,,,,,,,,,,,,,,,,,,,,,,,,,,,,,,,,,,,,,,,,,,,,,,,,,,,,,,,,,,,,,,,,,,,,,,,,,,,,,,,,,,,,,,,,
21,27,67,28,26,19,30,15,26,-10,-13,-18,-3,-12,-14,-19,-2,-1,14,-12,37,30,34,30,21,28,30,13,3,0,29,9,14,-1,2,0,0,0,6,-59,0,0.0,4.0,29.0,36.0,33.0,21.0,5.0,42.0,41.0,15.0,8.0,3.0,0.0,0.0,0.0,0.0,0.0,0.0,-44.0,0.0,0.0,0.0,0.0,0.0,0.0,0.0,0.0,0.0,0.0,0.0,0.0,0.0,0.0,,,,,,,,,,,,,,,,,,,,,,,,,,,,,,,,,,,,,,,,,,,,,,,,,,,,,,,,,,,,,,,,,,,,,,,,,,,,,,,,,,,,,,,,,,,,,,,,,,,,,,,,,,,,,,,,,,,,,,,,,,,,,,,,,,,,,,,,,,,,,,,,,,,,,,,,,,
22,27,24,20,33,31,27,23,32,9,15,-9,3,-21,21,0,21,-1,-2,-13,9,15,0,-57,0,-12,64,65,137,109,111,58,87,74,136,122,478,424,458,460,455,451.0,512.0,445.0,474.0,487.0,487.0,501.0,583.0,545.0,587.0,596.0,634.0,624.0,598.0,517.0,597.0,629.0,637.0,604.0,665.0,569.0,604.0,621.0,772.0,661.0,740.0,749.0,740.0,700.0,732.0,753.0,785.0,763.0,741.0,737.0,773.0,677.0,800.0,758.0,734.0,759.0,762.0,760.0,771.0,765.0,775.0,768.0,825.0,786.0,795.0,790.0,796.0,782.0,,,,,,,,,,,,,,,,,,,,,,,,,,,,,,,,,,,,,,,,,,,,,,,,,,,,,,,,,,,,,,,,,,,,,,,,,,,,,,,,,,,,,,,,,,,,,,,,,,,,,,,,,,,,,,,,,,,,,,,,,,,,,,,,,,,,,,
23,32,49,40,46,35,70,20,35,35,27,20,62,48,54,42,62,37,53,14,97,67,106,88,99,42,94,78,82,78,82,86,82,75,93,62,146,128,139,85,258,242.0,320.0,356.0,374.0,414.0,407.0,432.0,410.0,404.0,456.0,476.0,450.0,510.0,496.0,507.0,668.0,679.0,702.0,687.0,735.0,700.0,,,,,,,,,,,,,,,,,,,,,,,,,,,,,,,,,,,,,,,,,,,,,,,,,,,,,,,,,,,,,,,,,,,,,,,,,,,,,,,,,,,,,,,,,,,,,,,,,,,,,,,,,,,,,,,,,,,,,,,,,,,,,,,,,,,,,,,,,,,,,,,,,,,,,,,,,,,,,,,,,,,,,,
24,22,53,33,38,30,57,46,74,62,42,48,50,47,62,36,52,14,37,35,54,31,42,18,38,32,40,21,34,0,3,0,20,11,9,13,16,14,25,-55,-31,-30.0,-16.0,-83.0,-57.0,-129.0,-66.0,-99.0,-129.0,-172.0,-102.0,-105.0,-97.0,-99.0,-100.0,-125.0,-61.0,-120.0,-107.0,-83.0,-20.0,-22.0,0.0,-53.0,-41.0,-90.0,-8.0,-101.0,-42.0,-80.0,-84.0,-86.0,-30.0,-33.0,-26.0,-45.0,-9.0,-305.0,-342.0,-331.0,-87.0,-214.0,-199.0,-176.0,-107.0,-394.0,-344.0,-375.0,-101.0,-189.0,-191.0,-226.0,-222.0,-255.0,-270.0,-426.0,-456.0,-473.0,-366.0,-342.0,-392.0,-398.0,-388.0,-392.0,-231.0,-259.0,-375.0,-386.0,-408.0,-408.0,-373.0,-359.0,-367.0,-209.0,-417.0,-403.0,-421.0,-421.0,-421.0,-421.0,-416.0,-413.0,-421.0,-421.0,-421.0,-421.0,-344.0,-421.0,-421.0,-421.0,-367.0,-357.0,-356.0,-338.0,-402.0,-374.0,-373.0,-376.0,-307.0,-357.0,-293.0,-1361.0,-1267.0,-1265.0,-1160.0,-1153.0,-1254.0,-1235.0,-1251.0,,,,,,,,,,,,,,,,,,,,,,,,,,,,,,,,,,,,,,,,,,,,,,,,,,,,,,,,,,,,,,,,,,,,,,,,,,,,,,,
25,25,39,4,19,17,45,2,25,-17,-6,-23,-20,-37,-13,-16,-5,-5,0,-4,-8,-25,-12,-25,-16,-29,-3,-25,-20,-50,25,6,28,11,16,-4,28,27,28,16,36,42.0,48.0,33.0,42.0,28.0,44.0,25.0,160.0,115.0,212.0,189.0,194.0,51.0,49.0,75.0,125.0,111.0,123.0,100.0,94.0,82.0,110.0,101.0,98.0,100.0,120.0,95.0,110.0,99.0,111.0,108.0,109.0,59.0,80.0,61.0,74.0,65.0,71.0,71.0,65.0,68.0,100.0,83.0,100.0,92.0,142.0,142.0,175.0,121.0,384.0,-18.0,196.0,89.0,170.0,91.0,268.0,226.0,561.0,291.0,556.0,519.0,544.0,549.0,,,,,,,,,,,,,,,,,,,,,,,,,,,,,,,,,,,,,,,,,,,,,,,,,,,,,,,,,,,,,,,,,,,,,,,,,,,,,,,,,,,,,,,,,,,,,,,,,,,,,,,,,,,,,,,,,,,,,,,,,,,,
26,25,56,45,43,20,50,21,30,24,44,31,34,38,38,38,44,33,40,7,8,9,1,3,12,0,0,13,15,4,53,40,52,43,77,59,81,68,59,60,80,48.0,128.0,110.0,110.0,95.0,144.0,64.0,69.0,33.0,50.0,-12.0,2.0,0.0,0.0,-15.0,0.0,-17.0,11.0,-351.0,0.0,0.0,62.0,11.0,105.0,20.0,127.0,127.0,112.0,45.0,125.0,0.0,35.0,43.0,100.0,26.0,0.0,2.0,250.0,199.0,260.0,260.0,265.0,248.0,261.0,234.0,241.0,107.0,555.0,575.0,805.0,753.0,793.0,775.0,762.0,760.0,767.0,675.0,717.0,662.0,765.0,598.0,626.0,582.0,622.0,610.0,673.0,467.0,524.0,429.0,411.0,440.0,524.0,475.0,623.0,603.0,655.0,214.0,214.0,186.0,194.0,205.0,169.0,170.0,150.0,183.0,154.0,154.0,154.0,110.0,116.0,155.0,149.0,148.0,155.0,137.0,267.0,155.0,525.0,537.0,573.0,676.0,659.0,728.0,758.0,124.0,125.0,117.0,118.0,109.0,140.0,112.0,98.0,93.0,122.0,66.0,178.0,190.0,57.0,160.0,150.0,150.0,155.0,155.0,130.0,111.0,119.0,56.0,19.0,19.0,23.0,23.0,28.0,44.0,13.0,13.0,13.0,5.0,0.0,15.0,19.0,17.0,17.0,16.0,25.0,15.0,13.0,15.0,32.0,32.0,19.0,18.0,15.0,7.0,195.0,173.0,127.0,127.0,138.0,123.0,116.0,133.0,770.0,797.0,890.0,905.0,1069.0,1062.0,1245.0,1250.0,1250.0,1102.0,1249.0,1243.0,1296.0,1250.0,1243.0,1212.0,1257.0,1261.0,1261.0,1253.0,1261.0,1261.0,1261.0,1258.0,1251.0,1288.0
27,29,36,5,40,22,13,17,30,27,26,-6,31,0,0,-27,0,0,3,-12,19,16,25,-24,-17,-34,-17,-28,-20,-22,4,-37,-26,-37,-2,-78,-84,-106,-98,-109,-104,-106.0,-85.0,-155.0,-123.0,-149.0,-100.0,-119.0,-60.0,-64.0,-37.0,-58.0,-29.0,-32.0,-30.0,-26.0,-9.0,-123.0,-55.0,-80.0,0.0,-48.0,-26.0,-182.0,-29.0,-85.0,5.0,10.0,0.0,18.0,39.0,0.0,19.0,0.0,14.0,0.0,0.0,-49.0,0.0,-223.0,-81.0,-493.0,-495.0,-665.0,-688.0,-1457.0,-866.0,-9992.0,-9993.0,-9998.0,-9999.0,,,,,,,,,,,,,,,,,,,,,,,,,,,,,,,,,,,,,,,,,,,,,,,,,,,,,,,,,,,,,,,,,,,,,,,,,,,,,,,,,,,,,,,,,,,,,,,,,,,,,,,,,,,,,,,,,,,,,,,,,,,,,,,,,,,,,,,,,
28,30,50,32,39,35,87,47,73,62,84,83,86,65,71,60,58,58,77,65,93,111,115,96,132,85,180,142,187,160,200,190,206,216,203,154,208,127,326,190,196,180.0,201.0,123.0,115.0,40.0,77.0,-53.0,-2.0,-9.0,-36.0,-36.0,-33.0,-22.0,-6.0,-2.0,-9.0,-121.0,-100.0,-102.0,-59.0,-94.0,-49.0,-49.0,4.0,-19.0,-23.0,-25.0,-15.0,-22.0,89.0,64.0,122.0,87.0,127.0,113.0,118.0,81.0,128.0,137.0,151.0,149.0,164.0,73.0,109.0,44.0,77.0,90.0,90.0,-2.0,177.0,208.0,263.0,180.0,209.0,151.0,246.0,70.0,194.0,157.0,299.0,187.0,330.0,256.0,295.0,330.0,220.0,90.0,102.0,121.0,251.0,157.0,170.0,197.0,216.0,0.0,59.0,0.0,,,,,,,,,,,,,,,,,,,,,,,,,,,,,,,,,,,,,,,,,,,,,,,,,,,,,,,,,,,,,,,,,,,,,,,,,,,,,,,,,,,,,,,,,,,,,,,,,,,,,,,,,,,,,,
29,16,24,10,25,36,37,37,36,17,35,7,24,18,27,25,19,22,18,0,0,-37,-16,-37,-27,-29,25,-77,-45,-88,-79,-90,-89,-94,-90,-97,-84,-124,-116,-117,-115,-130.0,-67.0,-108.0,-90.0,-127.0,-94.0,-147.0,-116.0,-116.0,-85.0,-117.0,0.0,-135.0,,,,,,,,,,,,,,,,,,,,,,,,,,,,,,,,,,,,,,,,,,,,,,,,,,,,,,,,,,,,,,,,,,,,,,,,,,,,,,,,,,,,,,,,,,,,,,,,,,,,,,,,,,,,,,,,,,,,,,,,,,,,,,,,,,,,,,,,,,,,,,,,,,,,,,,,,,,,,,,,,,,,,,,,,,,,,,
30,12,32,18,22,45,48,50,41,37,37,27,42,26,65,30,58,32,48,25,40,44,43,44,95,77,86,75,111,68,65,36,71,52,156,37,75,-17,58,-46,116,19.0,54.0,28.0,44.0,31.0,35.0,40.0,151.0,113.0,141.0,112.0,143.0,97.0,296.0,259.0,322.0,302.0,344.0,325.0,487.0,255.0,237.0,220.0,243.0,212.0,290.0,295.0,387.0,365.0,362.0,302.0,371.0,397.0,533.0,512.0,579.0,568.0,616.0,593.0,630.0,526.0,622.0,426.0,528.0,419.0,606.0,0.0,0.0,0.0,0.0,0.0,9.0,5.0,10.0,10.0,39.0,10.0,11.0,38.0,37.0,15.0,17.0,13.0,14.0,8.0,13.0,12.0,13.0,15.0,16.0,5.0,16.0,16.0,16.0,14.0,13.0,13.0,16.0,9.0,16.0,16.0,13.0,16.0,13.0,0.0,0.0,0.0,,,,,,,,,,,,,,,,,,,,,,,,,,,,,,,,,,,,,,,,,,,,,,,,,,,,,,,,,,,,,,,,,,,,,,,,,,,,,,,,,,,,,,,,,,,,,,,,,,,,
31,17,46,31,56,55,61,42,63,55,58,43,80,62,63,48,55,47,54,58,52,18,52,34,34,10,23,21,45,17,24,21,25,-12,-39,-37,-29,-26,-20,-17,-14,-22.0,-8.0,-18.0,-19.0,-30.0,0.0,-43.0,-17.0,-17.0,-17.0,-64.0,-15.0,-42.0,-19.0,-96.0,-57.0,-54.0,-51.0,-53.0,-37.0,-44.0,-48.0,-43.0,-47.0,-140.0,-144.0,-110.0,-49.0,-41.0,-46.0,-47.0,-16.0,-183.0,-141.0,-223.0,-221.0,-369.0,-515.0,-504.0,-279.0,-288.0,-269.0,-257.0,-299.0,-285.0,-293.0,-464.0,-291.0,-269.0,-195.0,-169.0,-202.0,-192.0,-202.0,-160.0,-138.0,-260.0,-302.0,-301.0,-312.0,-311.0,-311.0,-502.0,-572.0,-549.0,-589.0,-676.0,-677.0,-678.0,-682.0,-682.0,-685.0,-691.0,-690.0,-715.0,-678.0,,,,,,,,,,,,,,,,,,,,,,,,,,,,,,,,,,,,,,,,,,,,,,,,,,,,,,,,,,,,,,,,,,,,,,,,,,,,,,,,,,,,,,,,,,,,,,,,,,,,,,,,,,,,,,,
32,12,55,55,44,21,37,25,34,32,32,18,37,25,32,20,40,15,25,28,32,24,28,25,62,43,74,62,113,64,130,112,103,58,79,64,98,85,133,122,184,83.0,116.0,82.0,94.0,96.0,125.0,99.0,102.0,118.0,140.0,108.0,119.0,59.0,91.0,25.0,36.0,23.0,27.0,27.0,27.0,20.0,30.0,19.0,25.0,21.0,15.0,13.0,48.0,27.0,21.0,10.0,15.0,0.0,9.0,12.0,9.0,2.0,17.0,1.0,0.0,0.0,0.0,0.0,0.0,0.0,0.0,0.0,0.0,0.0,0.0,0.0,0.0,0.0,0.0,0.0,0.0,0.0,0.0,0.0,0.0,0.0,0.0,,,,,,,,,,,,,,,,,,,,,,,,,,,,,,,,,,,,,,,,,,,,,,,,,,,,,,,,,,,,,,,,,,,,,,,,,,,,,,,,,,,,,,,,,,,,,,,,,,,,,,,,,,,,,,,,,,,,,,,,,,,,,
33,24,39,37,64,11,24,6,23,12,16,17,17,20,22,20,21,14,24,17,29,0,23,6,25,11,23,14,24,20,41,14,12,9,12,9,12,13,12,5,12,11.0,0.0,-2.0,0.0,0.0,0.0,0.0,0.0,0.0,0.0,0.0,0.0,0.0,0.0,0.0,0.0,0.0,0.0,0.0,0.0,0.0,0.0,0.0,0.0,0.0,0.0,0.0,0.0,,,,,,,,,,,,,,,,,,,,,,,,,,,,,,,,,,,,,,,,,,,,,,,,,,,,,,,,,,,,,,,,,,,,,,,,,,,,,,,,,,,,,,,,,,,,,,,,,,,,,,,,,,,,,,,,,,,,,,,,,,,,,,,,,,,,,,,,,,,,,,,,,,,,,,,,,,,,,,,
34,35,51,25,63,46,59,52,42,22,64,50,47,39,37,34,51,60,60,39,50,32,30,64,52,17,33,31,39,15,17,29,29,28,42,29,33,24,43,52,100,49.0,82.0,138.0,52.0,62.0,113.0,122.0,128.0,136.0,89.0,71.0,69.0,15.0,106.0,97.0,200.0,160.0,438.0,577.0,574.0,608.0,637.0,608.0,9995.0,9996.0,,,,,,,,,,,,,,,,,,,,,,,,,,,,,,,,,,,,,,,,,,,,,,,,,,,,,,,,,,,,,,,,,,,,,,,,,,,,,,,,,,,,,,,,,,,,,,,,,,,,,,,,,,,,,,,,,,,,,,,,,,,,,,,,,,,,,,,,,,,,,,,,,,,,,,,,,,,,,,,,,,
35,21,43,20,55,31,50,37,45,42,42,40,42,25,22,15,3,-5,0,-9,-12,0,28,0,39,6,23,0,52,-9,8,-18,0,-9,-17,0,6,-37,-20,-40,-17,-23.0,16.0,22.0,23.0,-14.0,0.0,-4.0,-2.0,-5.0,0.0,0.0,0.0,-8.0,0.0,0.0,0.0,0.0,0.0,0.0,0.0,0.0,1.0,0.0,0.0,0.0,0.0,0.0,0.0,0.0,0.0,0.0,0.0,0.0,0.0,0.0,0.0,0.0,0.0,,,,,,,,,,,,,,,,,,,,,,,,,,,,,,,,,,,,,,,,,,,,,,,,,,,,,,,,,,,,,,,,,,,,,,,,,,,,,,,,,,,,,,,,,,,,,,,,,,,,,,,,,,,,,,,,,,,,,,,,,,,,,,,,,,,,,,,,,,,,,,,,,,,,,
36,23,57,29,47,10,27,14,28,25,35,-12,-18,-19,18,14,38,8,30,34,36,36,62,44,41,49,42,52,43,32,43,57,58,49,48,54,28,53,26,40,45,-25.0,-20.0,-42.0,34.0,-19.0,-1.0,6.0,0.0,-44.0,-40.0,-24.0,-23.0,-13.0,-18.0,0.0,0.0,1.0,0.0,-23.0,-31.0,-25.0,-20.0,-11.0,-8.0,-39.0,-11.0,-31.0,0.0,0.0,0.0,,,,,,,,,,,,,,,,,,,,,,,,,,,,,,,,,,,,,,,,,,,,,,,,,,,,,,,,,,,,,,,,,,,,,,,,,,,,,,,,,,,,,,,,,,,,,,,,,,,,,,,,,,,,,,,,,,,,,,,,,,,,,,,,,,,,,,,,,,,,,,,,,,,,,,,,,,,,,
37,30,37,37,47,30,34,13,25,30,25,42,58,41,67,-8,15,-21,-14,-8,0,0,0,0,0,0,0,0,0,0,0,0,0,0,0,-16,-12,0,11,-1,17,10.0,13.0,-9.0,0.0,0.0,0.0,0.0,-18.0,-12.0,-9.0,-17.0,-5.0,0.0,-2.0,-12.0,0.0,-5.0,-9.0,-14.0,-6.0,-12.0,0.0,-19.0,-10.0,-10.0,-5.0,-10.0,-6.0,-10.0,-5.0,-8.0,-3.0,-6.0,-5.0,0.0,0.0,0.0,0.0,0.0,0.0,-14.0,0.0,0.0,0.0,0.0,0.0,0.0,0.0,0.0,,,,,,,,,,,,,,,,,,,,,,,,,,,,,,,,,,,,,,,,,,,,,,,,,,,,,,,,,,,,,,,,,,,,,,,,,,,,,,,,,,,,,,,,,,,,,,,,,,,,,,,,,,,,,,,,,,,,,,,,,,,,,,,,,,,,,,,,,,
38,32,30,23,51,50,27,43,40,39,29,40,34,18,29,15,68,58,60,14,38,43,56,29,37,22,48,35,52,33,59,24,37,50,28,29,11,-17,-9,-16,0,-2.0,16.0,25.0,-23.0,-75.0,0.0,0.0,0.0,-16.0,-3.0,0.0,0.0,-94.0,37.0,-20.0,-17.0,-240.0,-8.0,-7.0,-20.0,-226.0,0.0,0.0,,,,,,,,,,,,,,,,,,,,,,,,,,,,,,,,,,,,,,,,,,,,,,,,,,,,,,,,,,,,,,,,,,,,,,,,,,,,,,,,,,,,,,,,,,,,,,,,,,,,,,,,,,,,,,,,,,,,,,,,,,,,,,,,,,,,,,,,,,,,,,,,,,,,,,,,,,,,,,,,,,,,
39,32,53,31,53,36,54,25,36,42,31,26,28,35,44,27,51,33,40,35,46,41,37,51,33,35,37,21,50,50,54,51,34,36,26,5,7,8,20,13,3,7.0,7.0,0.0,29.0,0.0,1.0,0.0,0.0,0.0,0.0,0.0,0.0,0.0,0.0,0.0,0.0,0.0,0.0,0.0,0.0,0.0,0.0,0.0,0.0,0.0,0.0,0.0,0.0,0.0,,,,,,,,,,,,,,,,,,,,,,,,,,,,,,,,,,,,,,,,,,,,,,,,,,,,,,,,,,,,,,,,,,,,,,,,,,,,,,,,,,,,,,,,,,,,,,,,,,,,,,,,,,,,,,,,,,,,,,,,,,,,,,,,,,,,,,,,,,,,,,,,,,,,,,,,,,,,,,
40,37,50,37,39,29,37,20,40,39,47,36,46,23,29,31,52,39,54,50,57,41,52,39,116,79,94,99,111,109,158,133,275,250,248,250,316,150,160,52,123,80.0,151.0,124.0,128.0,120.0,108.0,86.0,120.0,84.0,210.0,214.0,208.0,176.0,185.0,162.0,155.0,149.0,139.0,131.0,162.0,140.0,183.0,140.0,152.0,43.0,110.0,35.0,60.0,24.0,17.0,43.0,37.0,53.0,43.0,32.0,28.0,37.0,37.0,24.0,26.0,28.0,49.0,45.0,49.0,52.0,56.0,21.0,31.0,0.0,5.0,0.0,0.0,0.0,0.0,11.0,12.0,0.0,0.0,0.0,50.0,0.0,20.0,12.0,0.0,9.0,18.0,14.0,23.0,12.0,23.0,20.0,22.0,14.0,11.0,0.0,12.0,0.0,0.0,10.0,16.0,0.0,0.0,0.0,15.0,,,,,,,,,,,,,,,,,,,,,,,,,,,,,,,,,,,,,,,,,,,,,,,,,,,,,,,,,,,,,,,,,,,,,,,,,,,,,,,,,,,,,,,,,,,,,,,,,,,,,,,
41,16,38,12,59,40,47,38,45,33,52,40,46,60,58,42,40,28,54,53,46,6,54,51,76,76,73,49,164,126,97,12,8,29,16,15,17,35,44,30,41,40.0,37.0,39.0,32.0,30.0,37.0,27.0,34.0,19.0,49.0,41.0,89.0,75.0,159.0,75.0,178.0,105.0,114.0,87.0,176.0,198.0,190.0,131.0,205.0,186.0,196.0,115.0,259.0,214.0,244.0,290.0,388.0,371.0,357.0,159.0,176.0,37.0,169.0,168.0,204.0,172.0,237.0,245.0,287.0,233.0,210.0,205.0,194.0,201.0,206.0,206.0,226.0,192.0,238.0,206.0,267.0,273.0,280.0,272.0,245.0,200.0,165.0,176.0,179.0,115.0,169.0,125.0,140.0,140.0,145.0,141.0,140.0,118.0,135.0,142.0,149.0,124.0,166.0,156.0,138.0,86.0,144.0,58.0,82.0,89.0,101.0,75.0,75.0,75.0,74.0,72.0,64.0,67.0,84.0,149.0,100.0,41.0,29.0,15.0,12.0,9.0,16.0,16.0,12.0,23.0,18.0,0.0,10.0,4.0,3.0,25.0,25.0,8.0,1.0,16.0,35.0,8.0,0.0,0.0,0.0,0.0,60.0,0.0,0.0,0.0,0.0,0.0,0.0,0.0,0.0,0.0,0.0,0.0,0.0,0.0,0.0,0.0,5.0,0.0,0.0,0.0,0.0,0.0,0.0,0.0,0.0,0.0,0.0,0.0,0.0,0.0,0.0,0.0,0.0,0.0,0.0,0.0,0.0,0.0,0.0,0.0,0.0,0.0,0.0,0.0,0.0,0.0,0.0,0.0,0.0,2.0,0.0,0.0,0.0,0.0,,,,,,,,,,,,
42,18,39,26,45,12,40,23,31,-10,0,-16,0,-11,0,-11,-7,0,0,-18,0,-5,-13,-11,9,24,30,0,0,0,0,0,41,43,106,0,25,17,0,0,0,0.0,0.0,0.0,0.0,0.0,0.0,0.0,0.0,0.0,0.0,0.0,0.0,0.0,0.0,,,,,,,,,,,,,,,,,,,,,,,,,,,,,,,,,,,,,,,,,,,,,,,,,,,,,,,,,,,,,,,,,,,,,,,,,,,,,,,,,,,,,,,,,,,,,,,,,,,,,,,,,,,,,,,,,,,,,,,,,,,,,,,,,,,,,,,,,,,,,,,,,,,,,,,,,,,,,,,,,,,,,,,,,,,,,
43,26,26,26,38,-6,9,9,17,21,19,16,18,7,24,7,23,10,20,-3,27,0,0,0,38,18,18,16,31,21,53,28,42,37,30,35,27,-20,7,-17,-4,-18.0,-6.0,-9.0,-16.0,-20.0,2.0,5.0,0.0,0.0,0.0,-33.0,-38.0,-38.0,-33.0,-36.0,-17.0,-25.0,-44.0,-37.0,-11.0,-23.0,-38.0,-36.0,-6.0,-9.0,0.0,-81.0,-40.0,-41.0,-40.0,-204.0,-128.0,-130.0,-163.0,-174.0,-163.0,-137.0,-131.0,-146.0,-142.0,-163.0,-172.0,-263.0,-165.0,-194.0,-184.0,-414.0,-424.0,-438.0,-416.0,-424.0,-440.0,-443.0,-398.0,-451.0,-456.0,-474.0,-441.0,-446.0,-454.0,-474.0,-493.0,-534.0,-509.0,-657.0,-693.0,-966.0,-1181.0,-1238.0,-1156.0,,,,,,,,,,,,,,,,,,,,,,,,,,,,,,,,,,,,,,,,,,,,,,,,,,,,,,,,,,,,,,,,,,,,,,,,,,,,,,,,,,,,,,,,,,,,,,,,,,,,,,,,,,,,,,,,,,,,,
44,40,46,47,44,49,60,51,51,46,64,61,65,52,61,53,89,31,42,21,36,22,43,10,39,14,17,-6,71,34,30,32,47,49,28,10,12,2,20,19,16,25.0,23.0,20.0,5.0,22.0,11.0,-6.0,0.0,-2.0,0.0,0.0,0.0,-40.0,-39.0,-10.0,-2.0,-7.0,-1.0,0.0,0.0,0.0,0.0,0.0,0.0,0.0,0.0,0.0,0.0,7.0,1.0,0.0,0.0,0.0,0.0,0.0,0.0,0.0,0.0,0.0,0.0,0.0,0.0,0.0,,,,,,,,,,,,,,,,,,,,,,,,,,,,,,,,,,,,,,,,,,,,,,,,,,,,,,,,,,,,,,,,,,,,,,,,,,,,,,,,,,,,,,,,,,,,,,,,,,,,,,,,,,,,,,,,,,,,,,,,,,,,,,,,,,,,,,,,,,,,,,,,
45,16,37,40,46,44,39,32,36,26,44,28,29,31,43,25,39,31,42,25,53,37,41,4,21,20,23,18,22,17,26,35,35,23,25,24,29,29,34,14,6,7.0,16.0,14.0,9.0,4.0,4.0,8.0,4.0,1.0,1.0,0.0,0.0,0.0,6.0,5.0,5.0,0.0,0.0,0.0,7.0,0.0,0.0,0.0,0.0,0.0,0.0,0.0,0.0,0.0,0.0,0.0,0.0,0.0,,,,,,,,,,,,,,,,,,,,,,,,,,,,,,,,,,,,,,,,,,,,,,,,,,,,,,,,,,,,,,,,,,,,,,,,,,,,,,,,,,,,,,,,,,,,,,,,,,,,,,,,,,,,,,,,,,,,,,,,,,,,,,,,,,,,,,,,,,,,,,,,,,,,,,,,,,
46,32,56,34,44,46,74,44,79,60,64,37,38,38,60,52,42,35,58,35,37,1,16,0,-2,-7,13,14,41,26,25,0,140,80,57,81,102,96,85,99,116,27.0,140.0,147.0,141.0,98.0,167.0,0.0,164.0,128.0,103.0,101.0,113.0,100.0,136.0,136.0,155.0,110.0,113.0,39.0,26.0,5.0,21.0,0.0,0.0,0.0,18.0,19.0,14.0,0.0,0.0,0.0,41.0,0.0,0.0,0.0,19.0,0.0,62.0,0.0,13.0,0.0,0.0,0.0,0.0,0.0,0.0,0.0,0.0,-7.0,-5.0,-52.0,-19.0,-18.0,-18.0,-20.0,-28.0,-38.0,-7.0,-5.0,0.0,-35.0,,,,,,,,,,,,,,,,,,,,,,,,,,,,,,,,,,,,,,,,,,,,,,,,,,,,,,,,,,,,,,,,,,,,,,,,,,,,,,,,,,,,,,,,,,,,,,,,,,,,,,,,,,,,,,,,,,,,,,,,,,,,,,
47,21,34,47,78,20,33,39,47,47,44,14,21,10,32,21,40,39,41,52,73,77,30,25,42,37,39,21,24,36,26,12,7,0,0,-15,0,-3,-2,0,0,0.0,0.0,-4.0,0.0,-5.0,-9.0,-9.0,-4.0,-11.0,-12.0,-9.0,-11.0,-6.0,-9.0,-5.0,0.0,-3.0,-1.0,-3.0,0.0,0.0,0.0,-9.0,0.0,-5.0,0.0,-7.0,-3.0,0.0,-1.0,0.0,0.0,0.0,0.0,0.0,0.0,0.0,0.0,0.0,,,,,,,,,,,,,,,,,,,,,,,,,,,,,,,,,,,,,,,,,,,,,,,,,,,,,,,,,,,,,,,,,,,,,,,,,,,,,,,,,,,,,,,,,,,,,,,,,,,,,,,,,,,,,,,,,,,,,,,,,,,,,,,,,,,,,,,,,,,,,,,,,,,,
48,16,53,48,56,24,30,22,25,19,31,25,33,15,25,17,16,-1,14,-25,13,-32,-8,-37,-36,-90,-32,-28,-46,-18,-9,-48,-42,-46,-11,-30,-1,-15,40,24,58,37.0,31.0,47.0,62.0,62.0,139.0,165.0,184.0,131.0,133.0,98.0,119.0,115.0,216.0,230.0,246.0,208.0,211.0,40.0,125.0,152.0,77.0,0.0,0.0,0.0,0.0,0.0,0.0,0.0,0.0,0.0,0.0,0.0,0.0,0.0,0.0,0.0,0.0,0.0,0.0,,,,,,,,,,,,,,,,,,,,,,,,,,,,,,,,,,,,,,,,,,,,,,,,,,,,,,,,,,,,,,,,,,,,,,,,,,,,,,,,,,,,,,,,,,,,,,,,,,,,,,,,,,,,,,,,,,,,,,,,,,,,,,,,,,,,,,,,,,,,,,,,,,,
49,24,49,27,42,16,37,24,25,38,42,43,63,21,45,37,43,38,37,43,49,22,57,35,54,23,37,5,25,11,35,-23,42,17,17,19,12,20,17,10,11,17.0,11.0,-34.0,-15.0,-16.0,-26.0,-7.0,-8.0,-14.0,0.0,0.0,0.0,0.0,0.0,0.0,0.0,0.0,0.0,0.0,0.0,0.0,0.0,0.0,0.0,0.0,0.0,0.0,0.0,,,,,,,,,,,,,,,,,,,,,,,,,,,,,,,,,,,,,,,,,,,,,,,,,,,,,,,,,,,,,,,,,,,,,,,,,,,,,,,,,,,,,,,,,,,,,,,,,,,,,,,,,,,,,,,,,,,,,,,,,,,,,,,,,,,,,,,,,,,,,,,,,,,,,,,,,,,,,,,
50,30,43,32,53,0,15,16,59,23,37,36,44,24,28,34,50,35,47,43,37,19,20,16,38,21,43,25,54,30,32,16,31,27,27,17,28,24,43,31,35,17.0,43.0,73.0,45.0,47.0,63.0,70.0,43.0,41.0,38.0,42.0,26.0,19.0,69.0,76.0,73.0,49.0,57.0,67.0,62.0,52.0,64.0,32.0,27.0,23.0,34.0,27.0,29.0,14.0,13.0,17.0,23.0,16.0,18.0,14.0,15.0,13.0,16.0,12.0,19.0,10.0,11.0,15.0,5.0,4.0,1.0,2.0,0.0,0.0,0.0,3.0,0.0,2.0,0.0,0.0,7.0,2.0,0.0,0.0,5.0,2.0,0.0,3.0,0.0,0.0,0.0,0.0,0.0,0.0,0.0,0.0,0.0,0.0,0.0,3.0,0.0,0.0,0.0,0.0,0.0,0.0,0.0,0.0,0.0,0.0,0.0,0.0,,,,,,,,,,,,,,,,,,,,,,,,,,,,,,,,,,,,,,,,,,,,,,,,,,,,,,,,,,,,,,,,,,,,,,,,,,,,,,,,,,,,,,,,,,,,,,,,,,,,
51,22,48,27,55,23,59,49,61,45,53,67,92,44,55,46,70,62,52,21,44,37,28,35,39,17,9,0,-10,-16,-10,-7,-4,-18,-13,-8,-2,-6,-2,-12,-23,-13.0,-6.0,-20.0,-8.0,-14.0,-3.0,-4.0,-1.0,-2.0,-4.0,-10.0,0.0,-7.0,0.0,-4.0,-10.0,-18.0,-9.0,-9.0,-9.0,-7.0,-12.0,-12.0,-6.0,-3.0,0.0,-11.0,,,,,,,,,,,,,,,,,,,,,,,,,,,,,,,,,,,,,,,,,,,,,,,,,,,,,,,,,,,,,,,,,,,,,,,,,,,,,,,,,,,,,,,,,,,,,,,,,,,,,,,,,,,,,,,,,,,,,,,,,,,,,,,,,,,,,,,,,,,,,,,,,,,,,,,,,,,,,,,,
52,31,42,25,48,7,5,0,2,-17,0,-2,48,10,46,25,44,21,37,36,46,3,29,-19,7,-58,-15,-50,-24,-62,-34,-39,-54,-22,0,0,8,-4,-4,0,-11,-44.0,56.0,-50.0,62.0,31.0,84.0,-158.0,-164.0,-191.0,-140.0,-188.0,-121.0,-278.0,-231.0,-305.0,-285.0,-304.0,-240.0,-335.0,-282.0,-388.0,-427.0,-471.0,-347.0,-370.0,-146.0,-509.0,-640.0,-632.0,-684.0,-716.0,-728.0,-703.0,-728.0,-1158.0,-1091.0,,,,,,,,,,,,,,,,,,,,,,,,,,,,,,,,,,,,,,,,,,,,,,,,,,,,,,,,,,,,,,,,,,,,,,,,,,,,,,,,,,,,,,,,,,,,,,,,,,,,,,,,,,,,,,,,,,,,,,,,,,,,,,,,,,,,,,,,,,,,,,,,,,,,,,,
53,18,38,19,25,13,33,22,23,15,42,-3,46,-1,35,32,15,0,3,11,23,0,8,-3,12,10,75,37,65,-5,9,-8,-6,-8,9,0,2,0,21,3,0,-27.0,0.0,-9.0,0.0,4.0,50.0,-15.0,0.0,0.0,0.0,-79.0,-37.0,-38.0,-19.0,-6.0,0.0,0.0,0.0,0.0,0.0,0.0,0.0,0.0,0.0,0.0,,,,,,,,,,,,,,,,,,,,,,,,,,,,,,,,,,,,,,,,,,,,,,,,,,,,,,,,,,,,,,,,,,,,,,,,,,,,,,,,,,,,,,,,,,,,,,,,,,,,,,,,,,,,,,,,,,,,,,,,,,,,,,,,,,,,,,,,,,,,,,,,,,,,,,,,,,,,,,,,,,
54,23,30,25,48,20,30,14,23,24,22,25,23,26,38,25,32,25,49,19,14,11,25,31,28,31,35,0,27,6,0,0,33,0,8,10,27,4,54,53,71,-18.0,-6.0,-2.0,8.0,-97.0,-141.0,-85.0,-77.0,-84.0,-90.0,-137.0,-127.0,-213.0,-217.0,-244.0,-235.0,-275.0,-340.0,-569.0,-570.0,-628.0,-622.0,-622.0,-663.0,-666.0,-703.0,-809.0,-811.0,-808.0,-822.0,-804.0,-823.0,-824.0,-818.0,-828.0,-813.0,-829.0,-818.0,,,,,,,,,,,,,,,,,,,,,,,,,,,,,,,,,,,,,,,,,,,,,,,,,,,,,,,,,,,,,,,,,,,,,,,,,,,,,,,,,,,,,,,,,,,,,,,,,,,,,,,,,,,,,,,,,,,,,,,,,,,,,,,,,,,,,,,,,,,,,,,,,,,,,
55,13,34,33,17,24,13,-5,11,14,24,31,31,30,22,37,38,21,21,21,20,3,29,6,8,-13,31,0,19,0,11,-61,82,45,87,68,76,39,43,50,89,50.0,93.0,68.0,81.0,0.0,-1.0,-120.0,-75.0,-87.0,-100.0,-150.0,-125.0,-201.0,-176.0,-191.0,-272.0,-245.0,-207.0,-312.0,-151.0,-303.0,-137.0,-306.0,-244.0,-316.0,-250.0,-264.0,-360.0,-349.0,-340.0,-378.0,-298.0,-282.0,-296.0,-286.0,-331.0,-330.0,-290.0,-346.0,-308.0,-335.0,-295.0,-296.0,-313.0,-328.0,-302.0,-411.0,-374.0,-426.0,-406.0,-562.0,-562.0,-632.0,-579.0,-627.0,-626.0,-583.0,-565.0,-558.0,-611.0,-611.0,-627.0,,,,,,,,,,,,,,,,,,,,,,,,,,,,,,,,,,,,,,,,,,,,,,,,,,,,,,,,,,,,,,,,,,,,,,,,,,,,,,,,,,,,,,,,,,,,,,,,,,,,,,,,,,,,,,,,,,,,,,,,,,,,,
56,17,42,51,41,21,19,7,33,39,53,48,67,43,45,35,92,74,95,69,100,87,173,88,160,66,72,43,93,65,91,76,103,76,87,62,87,50,59,48,54,20.0,62.0,55.0,82.0,59.0,301.0,167.0,174.0,157.0,175.0,195.0,274.0,202.0,378.0,384.0,371.0,402.0,462.0,463.0,566.0,583.0,619.0,515.0,553.0,548.0,,,,,,,,,,,,,,,,,,,,,,,,,,,,,,,,,,,,,,,,,,,,,,,,,,,,,,,,,,,,,,,,,,,,,,,,,,,,,,,,,,,,,,,,,,,,,,,,,,,,,,,,,,,,,,,,,,,,,,,,,,,,,,,,,,,,,,,,,,,,,,,,,,,,,,,,,,,,,,,,,,
57,35,41,34,41,40,48,31,44,28,30,29,38,33,47,29,32,36,35,25,36,42,34,4,23,14,22,0,18,0,38,49,34,35,42,1,8,0,3,0,2,0.0,4.0,2.0,0.0,0.0,0.0,-12.0,0.0,-3.0,-1.0,-20.0,0.0,0.0,13.0,8.0,11.0,0.0,4.0,-5.0,0.0,-3.0,-7.0,0.0,0.0,0.0,0.0,0.0,0.0,0.0,7.0,0.0,0.0,-3.0,0.0,0.0,-2.0,0.0,0.0,0.0,0.0,0.0,0.0,0.0,,,,,,,,,,,,,,,,,,,,,,,,,,,,,,,,,,,,,,,,,,,,,,,,,,,,,,,,,,,,,,,,,,,,,,,,,,,,,,,,,,,,,,,,,,,,,,,,,,,,,,,,,,,,,,,,,,,,,,,,,,,,,,,,,,,,,,,,,,,,,,,,
58,21,48,46,48,15,27,21,44,37,39,32,34,19,25,15,19,14,17,14,13,23,6,15,54,28,37,18,45,29,58,50,51,36,131,86,133,118,118,70,62,-12.0,-2.0,-3.0,106.0,56.0,158.0,142.0,292.0,140.0,217.0,197.0,200.0,222.0,229.0,212.0,233.0,217.0,245.0,274.0,289.0,239.0,721.0,681.0,1136.0,1099.0,9998.0,9999.0,,,,,,,,,,,,,,,,,,,,,,,,,,,,,,,,,,,,,,,,,,,,,,,,,,,,,,,,,,,,,,,,,,,,,,,,,,,,,,,,,,,,,,,,,,,,,,,,,,,,,,,,,,,,,,,,,,,,,,,,,,,,,,,,,,,,,,,,,,,,,,,,,,,,,,,,,,,,,,,,
59,22,56,26,48,19,42,23,62,41,59,31,54,19,18,28,43,29,46,50,72,58,54,43,54,29,46,25,44,18,46,32,25,9,30,9,14,21,27,9,17,-28.0,-29.0,-35.0,-10.0,-6.0,-2.0,-10.0,-8.0,-18.0,1.0,1.0,0.0,0.0,1.0,0.0,0.0,0.0,0.0,0.0,0.0,0.0,,,,,,,,,,,,,,,,,,,,,,,,,,,,,,,,,,,,,,,,,,,,,,,,,,,,,,,,,,,,,,,,,,,,,,,,,,,,,,,,,,,,,,,,,,,,,,,,,,,,,,,,,,,,,,,,,,,,,,,,,,,,,,,,,,,,,,,,,,,,,,,,,,,,,,,,,,,,,,,,,,,,,,
60,25,36,32,55,48,35,21,58,48,63,62,95,101,73,78,80,40,75,63,66,45,58,64,69,48,65,35,43,0,55,57,39,-30,-2,-34,30,10,29,52,92,68.0,287.0,215.0,292.0,216.0,289.0,263.0,440.0,382.0,419.0,187.0,226.0,136.0,149.0,158.0,180.0,137.0,143.0,100.0,55.0,45.0,361.0,317.0,337.0,312.0,327.0,313.0,314.0,316.0,326.0,301.0,426.0,451.0,476.0,454.0,500.0,534.0,556.0,586.0,569.0,545.0,,,,,,,,,,,,,,,,,,,,,,,,,,,,,,,,,,,,,,,,,,,,,,,,,,,,,,,,,,,,,,,,,,,,,,,,,,,,,,,,,,,,,,,,,,,,,,,,,,,,,,,,,,,,,,,,,,,,,,,,,,,,,,,,,,,,,,,,,,,,,,,,,,
61,30,44,35,60,27,27,18,36,12,21,25,12,12,20,12,18,2,5,7,9,12,22,0,0,0,23,13,28,29,71,21,32,21,109,74,61,16,32,2,25,0.0,0.0,5.0,30.0,0.0,3.0,-162.0,-125.0,-107.0,-87.0,-131.0,-100.0,-110.0,-43.0,-180.0,-81.0,-112.0,-106.0,-116.0,-140.0,-115.0,-102.0,-210.0,-186.0,-212.0,-231.0,-262.0,-241.0,-280.0,-72.0,-112.0,-92.0,-42.0,-60.0,-71.0,-55.0,-58.0,-66.0,-44.0,-35.0,-35.0,-8.0,-32.0,-23.0,-452.0,-513.0,-551.0,-570.0,-579.0,-574.0,-577.0,-503.0,-545.0,-532.0,-568.0,-567.0,-650.0,-616.0,-645.0,-627.0,-643.0,-682.0,-733.0,-760.0,,,,,,,,,,,,,,,,,,,,,,,,,,,,,,,,,,,,,,,,,,,,,,,,,,,,,,,,,,,,,,,,,,,,,,,,,,,,,,,,,,,,,,,,,,,,,,,,,,,,,,,,,,,,,,,,,,,,,,,,,,,
62,23,44,47,38,28,59,52,51,55,74,62,56,45,62,47,62,38,36,39,44,48,49,37,50,41,31,58,55,34,106,-13,12,-10,29,-15,37,-60,75,94,78,90.0,92.0,87.0,93.0,99.0,105.0,83.0,95.0,38.0,59.0,52.0,131.0,99.0,145.0,75.0,111.0,75.0,95.0,82.0,85.0,96.0,83.0,72.0,66.0,75.0,75.0,63.0,60.0,63.0,62.0,33.0,78.0,78.0,75.0,64.0,47.0,64.0,65.0,67.0,55.0,52.0,38.0,35.0,71.0,49.0,50.0,53.0,111.0,131.0,151.0,115.0,119.0,193.0,271.0,215.0,269.0,104.0,59.0,183.0,124.0,109.0,191.0,146.0,101.0,79.0,71.0,71.0,73.0,64.0,61.0,56.0,57.0,60.0,60.0,53.0,48.0,42.0,37.0,56.0,26.0,26.0,29.0,36.0,16.0,14.0,16.0,11.0,11.0,13.0,26.0,6.0,6.0,7.0,32.0,27.0,26.0,26.0,32.0,31.0,33.0,26.0,25.0,10.0,5.0,4.0,25.0,13.0,13.0,8.0,26.0,0.0,0.0,0.0,45.0,45.0,49.0,0.0,42.0,0.0,,,,,,,,,,,,,,,,,,,,,,,,,,,,,,,,,,,,,,,,,,,,,,,,,,,,,,,,,,,,,,,,,,,,
63,23,35,33,46,34,38,10,40,2,51,32,31,25,35,21,39,35,33,27,32,26,22,17,21,-16,-9,-33,0,-19,-22,-50,-38,-46,-75,0,37,31,73,-37,-19,0.0,2.0,-9.0,0.0,-8.0,-16.0,-52.0,-6.0,-19.0,0.0,-37.0,31.0,1.0,57.0,24.0,19.0,6.0,1.0,3.0,12.0,1.0,0.0,,,,,,,,,,,,,,,,,,,,,,,,,,,,,,,,,,,,,,,,,,,,,,,,,,,,,,,,,,,,,,,,,,,,,,,,,,,,,,,,,,,,,,,,,,,,,,,,,,,,,,,,,,,,,,,,,,,,,,,,,,,,,,,,,,,,,,,,,,,,,,,,,,,,,,,,,,,,,,,,,,,,,
64,23,54,42,35,7,13,15,50,34,28,30,47,33,44,33,50,37,63,44,47,42,54,36,47,12,30,31,28,28,45,40,44,-5,9,5,10,0,0,13,0,-1.0,12.0,-25.0,-9.0,-85.0,-77.0,-73.0,-75.0,-103.0,-12.0,-16.0,-23.0,-25.0,-24.0,-64.0,0.0,0.0,8.0,0.0,0.0,-48.0,-26.0,-14.0,-33.0,-63.0,-29.0,-22.0,54.0,35.0,106.0,93.0,92.0,70.0,116.0,12.0,4.0,10.0,7.0,5.0,5.0,35.0,36.0,44.0,48.0,31.0,38.0,32.0,23.0,23.0,26.0,30.0,23.0,18.0,16.0,11.0,11.0,11.0,27.0,9.0,6.0,5.0,10.0,5.0,12.0,13.0,9.0,0.0,0.0,0.0,0.0,0.0,20.0,0.0,0.0,-2.0,0.0,0.0,0.0,-4.0,0.0,-6.0,-4.0,-4.0,-6.0,,,,,,,,,,,,,,,,,,,,,,,,,,,,,,,,,,,,,,,,,,,,,,,,,,,,,,,,,,,,,,,,,,,,,,,,,,,,,,,,,,,,,,,,,,,,,,,,,,,,,,,
65,19,38,38,38,18,46,30,58,51,46,36,65,50,37,28,70,35,16,32,68,55,79,32,37,17,105,113,105,75,87,83,106,106,123,-5,-9,2,0,0,16,0.0,23.0,38.0,128.0,19.0,17.0,11.0,0.0,-31.0,-51.0,-23.0,-23.0,-24.0,-17.0,-38.0,-51.0,-50.0,-42.0,-42.0,0.0,-22.0,-16.0,-38.0,-8.0,-28.0,0.0,0.0,6.0,0.0,0.0,0.0,7.0,,,,,,,,,,,,,,,,,,,,,,,,,,,,,,,,,,,,,,,,,,,,,,,,,,,,,,,,,,,,,,,,,,,,,,,,,,,,,,,,,,,,,,,,,,,,,,,,,,,,,,,,,,,,,,,,,,,,,,,,,,,,,,,,,,,,,,,,,,,,,,,,,,,,,,,,,,,
66,17,45,41,35,42,53,44,41,32,35,38,40,32,42,25,62,37,37,17,44,20,41,22,41,30,60,44,105,44,88,73,25,13,62,43,94,81,76,77,399,408.0,328.0,398.0,397.0,393.0,388.0,347.0,379.0,354.0,445.0,429.0,427.0,312.0,318.0,274.0,392.0,337.0,387.0,304.0,334.0,310.0,364.0,291.0,323.0,325.0,326.0,282.0,276.0,223.0,324.0,237.0,266.0,269.0,281.0,273.0,309.0,240.0,299.0,282.0,327.0,264.0,426.0,421.0,420.0,424.0,422.0,422.0,429.0,419.0,432.0,427.0,,,,,,,,,,,,,,,,,,,,,,,,,,,,,,,,,,,,,,,,,,,,,,,,,,,,,,,,,,,,,,,,,,,,,,,,,,,,,,,,,,,,,,,,,,,,,,,,,,,,,,,,,,,,,,,,,,,,,,,,,,,,,,,,,,,,,,,,
67,23,34,34,55,17,26,22,28,15,35,27,65,59,46,47,56,54,40,22,24,16,22,-53,-11,12,48,17,13,0,0,11,12,0,0,0,0,14,0,0,0,0.0,0.0,-21.0,54.0,-32.0,-16.0,-86.0,12.0,0.0,0.0,0.0,1.0,0.0,12.0,0.0,0.0,0.0,0.0,0.0,0.0,0.0,0.0,0.0,0.0,,,,,,,,,,,,,,,,,,,,,,,,,,,,,,,,,,,,,,,,,,,,,,,,,,,,,,,,,,,,,,,,,,,,,,,,,,,,,,,,,,,,,,,,,,,,,,,,,,,,,,,,,,,,,,,,,,,,,,,,,,,,,,,,,,,,,,,,,,,,,,,,,,,,,,,,,,,,,,,,,,,
68,24,45,16,39,43,46,26,36,21,20,22,27,24,29,20,25,18,23,-5,-1,-6,1,0,27,-4,-6,-7,41,23,25,3,25,4,22,0,26,7,1,0,1,-10.0,0.0,0.0,-11.0,-38.0,0.0,-26.0,0.0,-10.0,0.0,0.0,28.0,0.0,0.0,0.0,20.0,1.0,50.0,33.0,102.0,41.0,37.0,17.0,36.0,21.0,8.0,31.0,7.0,18.0,16.0,18.0,16.0,13.0,9.0,-3.0,3.0,-13.0,-11.0,-16.0,0.0,-5.0,0.0,0.0,0.0,0.0,-1.0,-1.0,0.0,,,,,,,,,,,,,,,,,,,,,,,,,,,,,,,,,,,,,,,,,,,,,,,,,,,,,,,,,,,,,,,,,,,,,,,,,,,,,,,,,,,,,,,,,,,,,,,,,,,,,,,,,,,,,,,,,,,,,,,,,,,,,,,,,,,,,,,,,,,
69,42,34,24,29,44,29,33,38,30,50,43,31,55,30,37,63,47,78,67,63,57,115,83,86,135,117,92,112,71,101,70,94,101,117,119,92,77,107,84,124,75.0,87.0,83.0,93.0,0.0,33.0,8.0,10.0,0.0,0.0,13.0,18.0,10.0,-7.0,9.0,19.0,47.0,59.0,8.0,28.0,12.0,110.0,104.0,125.0,112.0,125.0,114.0,187.0,192.0,227.0,173.0,125.0,128.0,118.0,110.0,284.0,300.0,298.0,224.0,331.0,214.0,251.0,182.0,162.0,225.0,240.0,194.0,210.0,134.0,157.0,176.0,203.0,199.0,487.0,152.0,126.0,24.0,851.0,693.0,774.0,777.0,794.0,784.0,1178.0,1245.0,1370.0,1423.0,9997.0,1401.0,9996.0,9997.0,9997.0,9997.0,9998.0,9999.0,9999.0,10000.0,,,,,,,,,,,,,,,,,,,,,,,,,,,,,,,,,,,,,,,,,,,,,,,,,,,,,,,,,,,,,,,,,,,,,,,,,,,,,,,,,,,,,,,,,,,,,,,,,,,,,,,,,,,,,,
70,20,43,4,25,12,22,13,37,10,30,11,17,10,20,15,43,29,35,18,29,23,22,13,27,-5,0,-46,-27,-59,-55,-80,-32,-57,-45,-51,-44,-96,-77,-97,-67,-156.0,-128.0,-106.0,-115.0,-106.0,-77.0,-88.0,-87.0,-127.0,-91.0,-146.0,-137.0,-141.0,-118.0,-150.0,-94.0,-127.0,-156.0,-115.0,-34.0,-238.0,-257.0,-357.0,-356.0,-399.0,-125.0,-168.0,-51.0,-70.0,-56.0,-105.0,-79.0,-125.0,-19.0,-18.0,0.0,0.0,0.0,0.0,11.0,5.0,134.0,0.0,5.0,0.0,0.0,0.0,0.0,0.0,0.0,0.0,1.0,0.0,0.0,0.0,0.0,0.0,0.0,0.0,0.0,0.0,0.0,0.0,0.0,,,,,,,,,,,,,,,,,,,,,,,,,,,,,,,,,,,,,,,,,,,,,,,,,,,,,,,,,,,,,,,,,,,,,,,,,,,,,,,,,,,,,,,,,,,,,,,,,,,,,,,,,,,,,,,,,,,,,,,,,,,
71,15,38,20,74,58,64,61,55,11,23,20,21,25,24,19,21,17,37,20,33,-8,-8,-58,-41,-69,-42,-78,-55,-80,-81,-98,-96,-109,-105,-116,-24,-122,-83,-153,-83,-221.0,-226.0,-215.0,-67.0,-96.0,0.0,0.0,0.0,-256.0,-452.0,-725.0,-710.0,-718.0,-913.0,-1144.0,-1279.0,,,,,,,,,,,,,,,,,,,,,,,,,,,,,,,,,,,,,,,,,,,,,,,,,,,,,,,,,,,,,,,,,,,,,,,,,,,,,,,,,,,,,,,,,,,,,,,,,,,,,,,,,,,,,,,,,,,,,,,,,,,,,,,,,,,,,,,,,,,,,,,,,,,,,,,,,,,,,,,,,,,,,,,,,,,
72,40,40,24,28,21,28,10,20,5,64,47,60,34,58,50,54,36,45,39,61,16,30,21,25,36,35,32,37,37,64,59,61,8,33,37,54,37,40,22,69,45.0,84.0,18.0,19.0,39.0,50.0,3.0,-7.0,-10.0,-6.0,0.0,0.0,-8.0,32.0,18.0,28.0,38.0,54.0,4.0,51.0,45.0,54.0,45.0,51.0,44.0,49.0,30.0,50.0,31.0,33.0,28.0,25.0,31.0,25.0,22.0,26.0,17.0,21.0,13.0,23.0,16.0,45.0,46.0,45.0,46.0,45.0,45.0,46.0,0.0,0.0,33.0,43.0,44.0,55.0,52.0,50.0,40.0,51.0,51.0,51.0,51.0,55.0,48.0,56.0,43.0,60.0,0.0,0.0,0.0,0.0,0.0,0.0,0.0,0.0,0.0,0.0,0.0,,,,,,,,,,,,,,,,,,,,,,,,,,,,,,,,,,,,,,,,,,,,,,,,,,,,,,,,,,,,,,,,,,,,,,,,,,,,,,,,,,,,,,,,,,,,,,,,,,,,,,,,,,,,,,
73,16,22,21,28,23,59,20,43,45,58,40,42,36,19,-20,17,-17,26,9,0,0,0,-52,4,-4,35,37,37,30,86,52,71,95,80,87,112,110,156,97,89,94.0,85.0,69.0,86.0,77.0,66.0,57.0,95.0,52.0,55.0,50.0,60.0,56.0,47.0,49.0,54.0,77.0,73.0,58.0,57.0,54.0,50.0,40.0,27.0,28.0,23.0,15.0,17.0,4.0,2.0,0.0,0.0,0.0,0.0,0.0,128.0,126.0,118.0,37.0,11.0,11.0,36.0,28.0,42.0,47.0,85.0,35.0,39.0,9.0,42.0,26.0,40.0,34.0,651.0,686.0,709.0,719.0,797.0,776.0,810.0,820.0,825.0,845.0,848.0,861.0,,,,,,,,,,,,,,,,,,,,,,,,,,,,,,,,,,,,,,,,,,,,,,,,,,,,,,,,,,,,,,,,,,,,,,,,,,,,,,,,,,,,,,,,,,,,,,,,,,,,,,,,,,,,,,,,,,,,,,,,,,
74,33,56,28,33,9,25,25,15,24,27,4,29,27,14,14,5,8,7,-7,3,1,7,5,8,4,11,5,5,-1,8,-23,-13,-18,-18,-10,60,23,40,36,105,96.0,120.0,86.0,91.0,80.0,74.0,67.0,62.0,59.0,69.0,48.0,61.0,44.0,55.0,43.0,55.0,9.0,14.0,5.0,18.0,12.0,0.0,14.0,7.0,16.0,52.0,28.0,23.0,20.0,48.0,51.0,43.0,0.0,0.0,0.0,0.0,0.0,3.0,0.0,26.0,0.0,5.0,0.0,2.0,0.0,0.0,0.0,4.0,6.0,0.0,0.0,0.0,0.0,0.0,0.0,0.0,0.0,0.0,0.0,0.0,0.0,0.0,0.0,0.0,0.0,0.0,0.0,0.0,0.0,,,,,,,,,,,,,,,,,,,,,,,,,,,,,,,,,,,,,,,,,,,,,,,,,,,,,,,,,,,,,,,,,,,,,,,,,,,,,,,,,,,,,,,,,,,,,,,,,,,,,,,,,,,,,,,,,,,,,,
75,25,52,29,36,24,22,19,72,27,39,40,35,28,30,27,58,66,81,52,61,41,60,65,87,35,25,30,33,32,8,19,34,0,39,18,15,37,25,17,22,30.0,59.0,48.0,90.0,105.0,129.0,103.0,143.0,22.0,22.0,44.0,21.0,35.0,44.0,39.0,28.0,2.0,0.0,-52.0,9.0,0.0,-5.0,-27.0,-30.0,-61.0,-17.0,0.0,0.0,-54.0,-58.0,-54.0,-36.0,-32.0,-37.0,-37.0,-27.0,-47.0,-38.0,-67.0,-88.0,-70.0,-51.0,-61.0,-28.0,-62.0,-80.0,-56.0,-50.0,-50.0,-34.0,-46.0,1.0,4.0,0.0,0.0,55.0,0.0,0.0,0.0,0.0,0.0,0.0,0.0,0.0,0.0,0.0,,,,,,,,,,,,,,,,,,,,,,,,,,,,,,,,,,,,,,,,,,,,,,,,,,,,,,,,,,,,,,,,,,,,,,,,,,,,,,,,,,,,,,,,,,,,,,,,,,,,,,,,,,,,,,,,,,,,,,,,,
76,23,25,14,18,27,30,16,31,14,37,12,23,13,94,81,105,39,64,49,99,-4,172,167,288,270,426,439,463,231,245,160,386,304,486,505,525,533,566,586,557,579.0,582.0,-32.0,-49.0,-42.0,-55.0,-29.0,-5.0,-18.0,-49.0,-24.0,-35.0,-37.0,-27.0,-35.0,-20.0,-31.0,-27.0,-38.0,-12.0,-71.0,-9.0,-17.0,-11.0,-6.0,-2.0,-50.0,-53.0,-60.0,-33.0,-49.0,-25.0,-62.0,-26.0,-62.0,-63.0,-52.0,-40.0,-58.0,-36.0,-78.0,-31.0,-57.0,-38.0,-54.0,-40.0,-37.0,-29.0,-39.0,-17.0,-59.0,0.0,-26.0,-15.0,-52.0,-51.0,-33.0,-12.0,-34.0,-13.0,-16.0,-7.0,-53.0,-35.0,-52.0,-48.0,-23.0,-6.0,-5.0,-7.0,-28.0,-2.0,-16.0,-11.0,-18.0,-16.0,-18.0,-16.0,-13.0,-8.0,-8.0,-8.0,-10.0,-14.0,-12.0,-7.0,-10.0,-10.0,-9.0,-5.0,-9.0,0.0,-40.0,0.0,-40.0,-42.0,-42.0,0.0,-12.0,-9.0,-7.0,0.0,0.0,0.0,-2.0,-2.0,0.0,-2.0,0.0,0.0,0.0,0.0,0.0,0.0,0.0,0.0,0.0,0.0,0.0,0.0,0.0,0.0,0.0,0.0,0.0,0.0,0.0,0.0,0.0,0.0,0.0,0.0,0.0,0.0,0.0,0.0,0.0,0.0,0.0,,,,,,,,,,,,,,,,,,,,,,,,,,,,,,,,,,,,,,,,,,,,,,,,
77,29,50,32,45,11,41,27,20,15,49,47,75,66,99,75,92,56,88,69,90,54,60,54,97,100,81,66,146,108,158,135,176,150,180,137,171,120,155,54,64,-43.0,-32.0,-135.0,-122.0,-125.0,0.0,-12.0,-21.0,-55.0,0.0,-71.0,85.0,128.0,362.0,-153.0,-122.0,-183.0,-190.0,-178.0,-123.0,-127.0,-160.0,-379.0,-307.0,-723.0,-670.0,-841.0,-936.0,-960.0,-962.0,-9995.0,-9996.0,-9996.0,-9997.0,,,,,,,,,,,,,,,,,,,,,,,,,,,,,,,,,,,,,,,,,,,,,,,,,,,,,,,,,,,,,,,,,,,,,,,,,,,,,,,,,,,,,,,,,,,,,,,,,,,,,,,,,,,,,,,,,,,,,,,,,,,,,,,,,,,,,,,,,,,,,,,,,,,,,,,,,
78,22,51,41,61,51,56,35,46,17,20,7,12,16,21,5,47,18,40,30,45,36,36,-9,4,-26,-21,-21,-31,-60,-58,-101,-62,-40,-8,-21,0,6,75,-29,-37,-70.0,-62.0,-116.0,-36.0,-70.0,-35.0,-35.0,0.0,-31.0,32.0,5.0,14.0,0.0,108.0,105.0,131.0,69.0,67.0,-164.0,-72.0,-18.0,0.0,-130.0,-89.0,-169.0,-172.0,-368.0,-305.0,-368.0,-337.0,-399.0,-432.0,-484.0,-502.0,-552.0,-502.0,-583.0,-555.0,-502.0,-507.0,-517.0,-595.0,-558.0,-600.0,-593.0,-519.0,-611.0,-574.0,-627.0,-613.0,-636.0,-596.0,-669.0,-647.0,-670.0,-622.0,-700.0,-706.0,-707.0,-720.0,-763.0,-808.0,-783.0,-840.0,-879.0,-963.0,-978.0,-932.0,-997.0,-983.0,-1073.0,-1073.0,-1082.0,-591.0,-966.0,-917.0,-1075.0,-651.0,-752.0,-746.0,-746.0,-825.0,-838.0,-572.0,-882.0,-519.0,-562.0,-409.0,-526.0,-334.0,-354.0,-249.0,-338.0,-356.0,-328.0,-402.0,-402.0,-218.0,-317.0,-239.0,-271.0,-260.0,-238.0,0.0,0.0,0.0,0.0,0.0,0.0,0.0,0.0,0.0,0.0,0.0,0.0,0.0,0.0,0.0,0.0,0.0,0.0,0.0,0.0,0.0,0.0,,,,,,,,,,,,,,,,,,,,,,,,,,,,,,,,,,,,,,,,,,,,,,,,,,,,,,,,,,,,,,
79,20,45,25,55,8,30,15,28,19,36,15,26,9,37,10,26,34,23,27,36,36,41,35,37,26,28,11,61,41,72,47,108,70,100,62,59,55,63,69,159,31.0,48.0,34.0,61.0,49.0,88.0,-147.0,-65.0,-193.0,-310.0,-353.0,614.0,606.0,9995.0,9996.0,9996.0,9997.0,,,,,,,,,,,,,,,,,,,,,,,,,,,,,,,,,,,,,,,,,,,,,,,,,,,,,,,,,,,,,,,,,,,,,,,,,,,,,,,,,,,,,,,,,,,,,,,,,,,,,,,,,,,,,,,,,,,,,,,,,,,,,,,,,,,,,,,,,,,,,,,,,,,,,,,,,,,,,,,,,,,,,,,,,,
80,31,32,22,45,33,50,33,48,35,50,36,47,48,41,32,35,12,35,41,33,0,0,0,6,9,14,0,30,-3,-7,-25,-11,-10,-5,-8,-5,0,-7,-26,-8,-13.0,-16.0,-19.0,-19.0,-19.0,0.0,-17.0,-4.0,-25.0,-14.0,-18.0,-14.0,-25.0,-17.0,-25.0,-13.0,-17.0,-32.0,-10.0,-10.0,-18.0,0.0,-17.0,-16.0,-16.0,-19.0,-12.0,-5.0,-14.0,-12.0,-12.0,-12.0,-10.0,-15.0,-20.0,-13.0,-13.0,-10.0,-13.0,0.0,-12.0,0.0,-11.0,-11.0,-14.0,0.0,-16.0,0.0,-13.0,,,,,,,,,,,,,,,,,,,,,,,,,,,,,,,,,,,,,,,,,,,,,,,,,,,,,,,,,,,,,,,,,,,,,,,,,,,,,,,,,,,,,,,,,,,,,,,,,,,,,,,,,,,,,,,,,,,,,,,,,,,,,,,,,,,,,,,,,,
81,20,62,43,59,-4,6,5,21,5,13,11,11,9,11,12,6,-5,6,13,12,2,1,13,13,28,20,15,18,6,3,13,11,2,8,4,69,66,613,152,199,174.0,159.0,191.0,149.0,125.0,77.0,132.0,112.0,116.0,165.0,171.0,171.0,149.0,233.0,136.0,257.0,80.0,128.0,100.0,102.0,103.0,93.0,46.0,37.0,34.0,44.0,34.0,37.0,26.0,66.0,56.0,133.0,47.0,50.0,42.0,52.0,37.0,44.0,32.0,44.0,27.0,27.0,38.0,45.0,38.0,36.0,0.0,0.0,-3.0,-1.0,0.0,0.0,-3.0,0.0,0.0,0.0,-1.0,0.0,0.0,0.0,0.0,0.0,0.0,0.0,0.0,0.0,0.0,,,,,,,,,,,,,,,,,,,,,,,,,,,,,,,,,,,,,,,,,,,,,,,,,,,,,,,,,,,,,,,,,,,,,,,,,,,,,,,,,,,,,,,,,,,,,,,,,,,,,,,,,,,,,,,,,,,,,,,,
82,24,53,36,50,17,28,23,23,0,0,0,0,-16,-23,-3,5,0,0,-14,-5,-28,-7,-36,16,40,71,9,5,0,40,-11,40,-22,0,25,32,-93,-62,-120,-45,-116.0,-110.0,-196.0,-151.0,-179.0,-189.0,-206.0,-158.0,-615.0,-625.0,-716.0,-698.0,-780.0,-764.0,-1010.0,-707.0,-846.0,-987.0,,,,,,,,,,,,,,,,,,,,,,,,,,,,,,,,,,,,,,,,,,,,,,,,,,,,,,,,,,,,,,,,,,,,,,,,,,,,,,,,,,,,,,,,,,,,,,,,,,,,,,,,,,,,,,,,,,,,,,,,,,,,,,,,,,,,,,,,,,,,,,,,,,,,,,,,,,,,,,,,,,,,,,,,,
83,15,40,47,44,43,60,33,46,1,30,28,27,27,35,31,37,42,56,0,40,-5,30,9,6,-6,26,30,23,10,38,0,203,183,181,185,165,140,175,126,251,243.0,311.0,308.0,333.0,308.0,501.0,493.0,510.0,491.0,562.0,487.0,525.0,500.0,519.0,516.0,538.0,537.0,542.0,586.0,593.0,601.0,562.0,579.0,581.0,493.0,539.0,583.0,619.0,652.0,704.0,675.0,798.0,271.0,277.0,210.0,289.0,288.0,290.0,290.0,259.0,268.0,333.0,184.0,232.0,185.0,311.0,266.0,290.0,241.0,224.0,267.0,266.0,140.0,169.0,127.0,126.0,157.0,156.0,154.0,273.0,48.0,241.0,267.0,436.0,3.0,0.0,0.0,0.0,0.0,0.0,0.0,0.0,0.0,0.0,0.0,0.0,0.0,0.0,0.0,0.0,0.0,0.0,0.0,0.0,,,,,,,,,,,,,,,,,,,,,,,,,,,,,,,,,,,,,,,,,,,,,,,,,,,,,,,,,,,,,,,,,,,,,,,,,,,,,,,,,,,,,,,,,,,,,,,,,,,,,,,
84,28,33,40,81,27,61,25,50,40,35,1,4,10,15,-5,16,-14,0,-20,10,4,-1,1,-11,2,12,11,10,13,112,101,77,61,140,98,125,91,102,99,101,86.0,88.0,74.0,72.0,58.0,92.0,77.0,76.0,65.0,65.0,58.0,72.0,53.0,75.0,71.0,74.0,66.0,150.0,133.0,81.0,0.0,138.0,198.0,275.0,256.0,376.0,395.0,743.0,270.0,347.0,269.0,271.0,225.0,332.0,400.0,452.0,441.0,502.0,482.0,565.0,499.0,685.0,623.0,637.0,636.0,637.0,666.0,668.0,488.0,541.0,535.0,587.0,546.0,555.0,471.0,524.0,430.0,547.0,546.0,598.0,640.0,625.0,754.0,733.0,755.0,755.0,630.0,879.0,875.0,926.0,993.0,1051.0,1146.0,1146.0,1332.0,1434.0,1481.0,9998.0,9999.0,,,,,,,,,,,,,,,,,,,,,,,,,,,,,,,,,,,,,,,,,,,,,,,,,,,,,,,,,,,,,,,,,,,,,,,,,,,,,,,,,,,,,,,,,,,,,,,,,,,,,,,,,,,,
85,20,37,38,70,42,49,38,41,25,46,35,38,43,50,39,62,18,45,40,57,45,45,50,68,55,49,48,62,49,60,33,74,47,76,66,70,55,72,62,64,60.0,79.0,70.0,62.0,58.0,112.0,36.0,52.0,72.0,50.0,70.0,136.0,22.0,61.0,-20.0,-12.0,-21.0,6.0,-24.0,-17.0,0.0,14.0,-77.0,-54.0,-65.0,-52.0,-92.0,0.0,-95.0,0.0,-166.0,-80.0,-83.0,-18.0,-149.0,0.0,0.0,0.0,0.0,0.0,0.0,34.0,28.0,30.0,4.0,8.0,3.0,27.0,2.0,8.0,8.0,0.0,0.0,14.0,-20.0,-17.0,-91.0,-14.0,-437.0,0.0,0.0,0.0,-2.0,-7.0,-7.0,0.0,-22.0,0.0,-11.0,0.0,0.0,0.0,0.0,0.0,0.0,0.0,,,,,,,,,,,,,,,,,,,,,,,,,,,,,,,,,,,,,,,,,,,,,,,,,,,,,,,,,,,,,,,,,,,,,,,,,,,,,,,,,,,,,,,,,,,,,,,,,,,,,,,,,,,,,,,
86,38,33,12,62,37,62,30,38,59,37,12,46,-11,38,26,66,50,77,50,57,59,60,10,51,39,55,86,95,27,51,0,117,111,154,137,180,148,169,165,179,124.0,234.0,62.0,83.0,58.0,76.0,39.0,35.0,-131.0,-94.0,-361.0,-191.0,-307.0,71.0,0.0,326.0,208.0,407.0,370.0,380.0,345.0,443.0,433.0,435.0,430.0,443.0,418.0,416.0,303.0,306.0,340.0,345.0,287.0,362.0,377.0,381.0,368.0,481.0,471.0,472.0,459.0,545.0,573.0,719.0,774.0,838.0,507.0,599.0,607.0,708.0,693.0,977.0,1026.0,954.0,1132.0,1135.0,1141.0,1146.0,1143.0,1129.0,661.0,1136.0,1216.0,1262.0,1262.0,9993.0,9977.0,9978.0,1115.0,1129.0,1075.0,1424.0,1434.0,1438.0,1441.0,,,,,,,,,,,,,,,,,,,,,,,,,,,,,,,,,,,,,,,,,,,,,,,,,,,,,,,,,,,,,,,,,,,,,,,,,,,,,,,,,,,,,,,,,,,,,,,,,,,,,,,,,,,,,,,,
87,14,48,31,69,62,67,14,33,21,12,7,21,14,30,28,27,15,25,14,30,21,12,11,24,21,18,15,15,35,36,15,68,45,53,44,48,22,44,31,36,35.0,62.0,28.0,66.0,13.0,42.0,15.0,37.0,23.0,44.0,24.0,35.0,38.0,46.0,47.0,48.0,27.0,52.0,36.0,23.0,45.0,46.0,45.0,51.0,37.0,56.0,52.0,47.0,42.0,55.0,0.0,,,,,,,,,,,,,,,,,,,,,,,,,,,,,,,,,,,,,,,,,,,,,,,,,,,,,,,,,,,,,,,,,,,,,,,,,,,,,,,,,,,,,,,,,,,,,,,,,,,,,,,,,,,,,,,,,,,,,,,,,,,,,,,,,,,,,,,,,,,,,,,,,,,,,,,,,,,,
88,42,51,47,32,39,42,28,53,37,47,47,42,28,27,29,37,40,40,19,20,28,28,32,37,28,70,10,51,40,39,18,19,20,33,9,14,-12,-19,-38,-25,-48.0,55.0,47.0,40.0,40.0,49.0,42.0,43.0,35.0,51.0,45.0,50.0,59.0,72.0,43.0,80.0,67.0,83.0,45.0,62.0,30.0,37.0,21.0,37.0,17.0,28.0,23.0,40.0,0.0,0.0,0.0,46.0,42.0,33.0,9.0,40.0,26.0,35.0,14.0,22.0,-3.0,16.0,0.0,15.0,-6.0,0.0,0.0,0.0,0.0,0.0,0.0,0.0,0.0,0.0,,,,,,,,,,,,,,,,,,,,,,,,,,,,,,,,,,,,,,,,,,,,,,,,,,,,,,,,,,,,,,,,,,,,,,,,,,,,,,,,,,,,,,,,,,,,,,,,,,,,,,,,,,,,,,,,,,,,,,,,,,,,,,,,,,,,,
89,25,56,36,80,48,38,41,61,37,23,-3,42,24,67,62,60,29,47,28,35,25,17,31,37,32,49,26,41,11,18,18,16,25,22,17,14,22,20,12,36,9.0,27.0,12.0,20.0,11.0,68.0,58.0,51.0,22.0,41.0,14.0,16.0,22.0,23.0,20.0,78.0,49.0,49.0,53.0,39.0,2.0,78.0,67.0,78.0,86.0,72.0,64.0,75.0,12.0,15.0,24.0,31.0,21.0,26.0,13.0,15.0,0.0,9.0,1.0,1.0,1.0,2.0,4.0,3.0,0.0,0.0,0.0,0.0,0.0,0.0,0.0,0.0,0.0,0.0,0.0,0.0,0.0,0.0,0.0,0.0,,,,,,,,,,,,,,,,,,,,,,,,,,,,,,,,,,,,,,,,,,,,,,,,,,,,,,,,,,,,,,,,,,,,,,,,,,,,,,,,,,,,,,,,,,,,,,,,,,,,,,,,,,,,,,,,,,,,,,,,,,,,,,,
90,36,58,45,67,13,17,10,11,18,36,12,53,32,38,6,56,33,44,48,59,44,50,45,38,29,62,-16,-15,-30,0,-25,-17,-2,-14,-35,6,-23,0,0,0,0.0,0.0,0.0,89.0,70.0,56.0,62.0,41.0,15.0,23.0,-57.0,-89.0,-100.0,-150.0,-134.0,-138.0,-172.0,-167.0,-164.0,-125.0,-153.0,-133.0,-143.0,0.0,-102.0,-76.0,-102.0,-61.0,-56.0,-56.0,-64.0,-59.0,-88.0,-53.0,-76.0,-65.0,-82.0,-32.0,-84.0,-47.0,-30.0,-1.0,-58.0,-52.0,-77.0,-66.0,-263.0,-270.0,-285.0,-277.0,-309.0,-307.0,-345.0,-321.0,-335.0,-300.0,-371.0,-386.0,-425.0,-397.0,-411.0,-413.0,-466.0,-464.0,-500.0,-395.0,-522.0,-586.0,-600.0,-620.0,-682.0,-644.0,-582.0,-705.0,-515.0,-494.0,-535.0,-552.0,-523.0,-552.0,-603.0,-788.0,-847.0,-725.0,-727.0,-924.0,-1005.0,-1136.0,,,,,,,,,,,,,,,,,,,,,,,,,,,,,,,,,,,,,,,,,,,,,,,,,,,,,,,,,,,,,,,,,,,,,,,,,,,,,,,,,,,,,,,,,,,,,,,,,,,
91,31,46,-22,-11,-12,19,18,55,30,0,0,23,16,7,3,0,5,12,-17,4,23,36,27,30,31,40,28,23,22,76,27,35,12,0,28,40,24,26,28,34,-16.0,-12.0,-7.0,26.0,27.0,23.0,0.0,2.0,2.0,0.0,-2.0,0.0,-4.0,0.0,0.0,0.0,0.0,0.0,0.0,0.0,-59.0,0.0,0.0,0.0,0.0,0.0,0.0,0.0,0.0,0.0,0.0,0.0,0.0,0.0,0.0,0.0,0.0,0.0,0.0,50.0,76.0,70.0,-38.0,0.0,0.0,0.0,0.0,0.0,0.0,0.0,0.0,0.0,0.0,0.0,0.0,0.0,0.0,0.0,0.0,0.0,,,,,,,,,,,,,,,,,,,,,,,,,,,,,,,,,,,,,,,,,,,,,,,,,,,,,,,,,,,,,,,,,,,,,,,,,,,,,,,,,,,,,,,,,,,,,,,,,,,,,,,,,,,,,,,,,,,,,,,,,,,,,,,
92,22,31,30,38,29,49,39,34,25,31,25,35,31,32,35,69,39,34,14,28,7,25,29,50,46,72,49,76,25,81,-20,31,36,79,-45,7,-20,36,17,40,23.0,51.0,4.0,29.0,-87.0,-71.0,-86.0,-67.0,-150.0,-180.0,-224.0,-107.0,-110.0,-71.0,-32.0,-16.0,-25.0,-13.0,-46.0,0.0,-16.0,-11.0,-37.0,27.0,17.0,17.0,13.0,40.0,29.0,15.0,12.0,121.0,15.0,9.0,0.0,0.0,-10.0,-11.0,-16.0,107.0,66.0,129.0,105.0,279.0,304.0,359.0,340.0,393.0,455.0,528.0,342.0,357.0,357.0,431.0,456.0,461.0,461.0,440.0,396.0,453.0,224.0,225.0,173.0,482.0,0.0,185.0,21.0,204.0,182.0,214.0,82.0,173.0,124.0,189.0,83.0,141.0,141.0,468.0,460.0,437.0,492.0,486.0,489.0,626.0,614.0,755.0,624.0,678.0,651.0,672.0,706.0,742.0,659.0,,,,,,,,,,,,,,,,,,,,,,,,,,,,,,,,,,,,,,,,,,,,,,,,,,,,,,,,,,,,,,,,,,,,,,,,,,,,,,,,,,,,,,,,,,,,,,
93,31,44,26,44,24,27,9,33,5,8,3,3,-21,-1,-17,-9,-25,-6,-33,-17,-26,1,-30,-25,-40,-29,-48,-19,-27,-32,-40,-25,-38,-17,-38,-33,-42,-8,-11,12,-108.0,-60.0,-100.0,-78.0,-112.0,-102.0,-98.0,-56.0,-83.0,-28.0,-36.0,-43.0,0.0,68.0,0.0,57.0,-66.0,1.0,43.0,0.0,0.0,0.0,-7.0,0.0,0.0,0.0,-31.0,0.0,-7.0,240.0,122.0,161.0,167.0,143.0,159.0,148.0,156.0,173.0,166.0,345.0,332.0,334.0,312.0,300.0,312.0,356.0,336.0,390.0,345.0,448.0,445.0,435.0,427.0,443.0,305.0,337.0,321.0,413.0,434.0,423.0,326.0,408.0,233.0,390.0,363.0,484.0,485.0,503.0,521.0,555.0,568.0,606.0,602.0,752.0,734.0,,,,,,,,,,,,,,,,,,,,,,,,,,,,,,,,,,,,,,,,,,,,,,,,,,,,,,,,,,,,,,,,,,,,,,,,,,,,,,,,,,,,,,,,,,,,,,,,,,,,,,,,,,,,,,,,
94,30,41,38,58,38,42,33,37,30,34,36,33,34,49,37,42,36,41,44,43,37,48,46,46,42,26,11,22,19,38,18,31,0,61,-6,50,14,41,11,40,0.0,54.0,-15.0,-21.0,-43.0,-11.0,-14.0,0.0,-29.0,-21.0,-15.0,-25.0,-49.0,-36.0,-66.0,-47.0,-32.0,-21.0,-47.0,0.0,-5.0,0.0,-17.0,0.0,-25.0,-31.0,-35.0,-16.0,-13.0,-14.0,-16.0,-11.0,-151.0,-47.0,-38.0,-45.0,-42.0,-38.0,-126.0,-105.0,-210.0,-118.0,-129.0,-120.0,-322.0,-342.0,,,,,,,,,,,,,,,,,,,,,,,,,,,,,,,,,,,,,,,,,,,,,,,,,,,,,,,,,,,,,,,,,,,,,,,,,,,,,,,,,,,,,,,,,,,,,,,,,,,,,,,,,,,,,,,,,,,,,,,,,,,,,,,,,,,,,,,,,,,,,
95,18,32,32,42,11,19,16,18,27,36,18,48,34,27,23,39,30,21,23,43,45,36,0,13,16,12,0,10,5,15,0,7,11,0,0,37,15,24,2,20,10.0,5.0,0.0,0.0,0.0,0.0,-11.0,41.0,6.0,0.0,-17.0,-25.0,-23.0,-12.0,-42.0,-43.0,-56.0,-47.0,-48.0,-20.0,-84.0,-55.0,-60.0,-60.0,-70.0,-58.0,-59.0,-38.0,-51.0,-49.0,-59.0,0.0,,,,,,,,,,,,,,,,,,,,,,,,,,,,,,,,,,,,,,,,,,,,,,,,,,,,,,,,,,,,,,,,,,,,,,,,,,,,,,,,,,,,,,,,,,,,,,,,,,,,,,,,,,,,,,,,,,,,,,,,,,,,,,,,,,,,,,,,,,,,,,,,,,,,,,,,,,,
96,34,45,23,41,53,48,35,57,39,35,35,37,16,31,23,30,25,30,25,39,31,44,30,45,-15,27,42,71,56,61,58,58,45,65,65,115,110,30,28,26,29.0,28.0,31.0,27.0,23.0,30.0,30.0,27.0,27.0,27.0,31.0,26.0,28.0,28.0,21.0,39.0,34.0,32.0,21.0,37.0,14.0,25.0,16.0,19.0,13.0,14.0,9.0,14.0,11.0,13.0,22.0,32.0,0.0,24.0,0.0,29.0,21.0,29.0,26.0,21.0,21.0,23.0,24.0,23.0,14.0,16.0,20.0,50.0,51.0,61.0,30.0,60.0,53.0,53.0,18.0,16.0,-2.0,0.0,0.0,0.0,0.0,0.0,0.0,0.0,0.0,0.0,-1.0,0.0,-40.0,0.0,,,,,,,,,,,,,,,,,,,,,,,,,,,,,,,,,,,,,,,,,,,,,,,,,,,,,,,,,,,,,,,,,,,,,,,,,,,,,,,,,,,,,,,,,,,,,,,,,,,,,,,,,,,,,,,,,,,,,
97,17,40,11,35,26,47,-8,-5,-5,32,25,6,0,11,-12,0,-38,-22,-12,32,22,24,16,12,9,45,20,47,28,157,112,140,150,140,164,201,186,216,74,94,72.0,92.0,67.0,173.0,191.0,192.0,198.0,179.0,225.0,180.0,204.0,232.0,237.0,248.0,261.0,271.0,287.0,319.0,312.0,372.0,341.0,414.0,426.0,424.0,450.0,443.0,475.0,522.0,257.0,332.0,267.0,585.0,554.0,9999.0,10000.0,,,,,,,,,,,,,,,,,,,,,,,,,,,,,,,,,,,,,,,,,,,,,,,,,,,,,,,,,,,,,,,,,,,,,,,,,,,,,,,,,,,,,,,,,,,,,,,,,,,,,,,,,,,,,,,,,,,,,,,,,,,,,,,,,,,,,,,,,,,,,,,,,,,,,,,,
98,6,31,11,25,7,20,50,43,33,56,62,63,55,45,51,54,38,47,42,77,47,77,61,46,34,32,35,23,17,7,19,32,16,28,5,20,29,30,48,93,36.0,12.0,1.0,61.0,45.0,45.0,22.0,40.0,44.0,14.0,28.0,14.0,19.0,11.0,0.0,0.0,0.0,0.0,0.0,0.0,0.0,0.0,0.0,0.0,0.0,0.0,0.0,0.0,0.0,0.0,0.0,0.0,0.0,0.0,0.0,0.0,0.0,0.0,0.0,0.0,,,,,,,,,,,,,,,,,,,,,,,,,,,,,,,,,,,,,,,,,,,,,,,,,,,,,,,,,,,,,,,,,,,,,,,,,,,,,,,,,,,,,,,,,,,,,,,,,,,,,,,,,,,,,,,,,,,,,,,,,,,,,,,,,,,,,,,,,,,,,,,,,,,
99,30,34,18,63,33,52,52,58,49,55,44,51,54,47,26,87,79,87,66,78,76,91,49,71,64,80,75,55,49,52,42,39,37,41,36,33,31,36,27,27,32.0,27.0,16.0,9.0,-11.0,14.0,11.0,9.0,12.0,11.0,0.0,0.0,-12.0,0.0,-1.0,0.0,-7.0,0.0,0.0,0.0,-3.0,0.0,0.0,0.0,0.0,2.0,0.0,0.0,0.0,10.0,0.0,0.0,0.0,0.0,0.0,432.0,424.0,456.0,466.0,481.0,467.0,489.0,486.0,564.0,600.0,789.0,877.0,1125.0,1222.0,,,,,,,,,,,,,,,,,,,,,,,,,,,,,,,,,,,,,,,,,,,,,,,,,,,,,,,,,,,,,,,,,,,,,,,,,,,,,,,,,,,,,,,,,,,,,,,,,,,,,,,,,,,,,,,,,,,,,,,,,,,,,,,,,,,,,,,,,,
100,31,20,5,45,25,41,34,34,36,46,31,43,31,31,17,33,48,57,59,75,57,137,144,177,104,268,234,324,266,330,261,245,227,348,212,227,235,236,170,192,176.0,281.0,249.0,304.0,247.0,319.0,114.0,456.0,149.0,164.0,73.0,165.0,165.0,149.0,-114.0,-104.0,-138.0,27.0,11.0,14.0,-29.0,0.0,0.0,0.0,0.0,0.0,0.0,0.0,0.0,0.0,0.0,,,,,,,,,,,,,,,,,,,,,,,,,,,,,,,,,,,,,,,,,,,,,,,,,,,,,,,,,,,,,,,,,,,,,,,,,,,,,,,,,,,,,,,,,,,,,,,,,,,,,,,,,,,,,,,,,,,,,,,,,,,,,,,,,,,,,,,,,,,,,,,,,,,,,,,,,,,,
101,12,19,12,22,3,13,0,18,-3,-1,-7,0,-38,-9,-11,13,-22,3,-18,0,-14,70,15,27,29,90,81,104,15,66,14,62,81,93,38,123,88,168,128,144,164.0,213.0,191.0,235.0,176.0,209.0,197.0,190.0,231.0,207.0,177.0,345.0,384.0,385.0,322.0,351.0,332.0,348.0,375.0,418.0,39.0,50.0,10.0,12.0,18.0,16.0,14.0,13.0,0.0,0.0,0.0,64.0,46.0,36.0,37.0,50.0,40.0,56.0,0.0,0.0,0.0,0.0,0.0,0.0,0.0,0.0,0.0,0.0,0.0,0.0,0.0,0.0,0.0,0.0,0.0,0.0,0.0,0.0,0.0,0.0,0.0,0.0,,,,,,,,,,,,,,,,,,,,,,,,,,,,,,,,,,,,,,,,,,,,,,,,,,,,,,,,,,,,,,,,,,,,,,,,,,,,,,,,,,,,,,,,,,,,,,,,,,,,,,,,,,,,,,,,,,,,,,,,,,,,,
102,36,48,30,38,20,32,28,36,36,36,30,26,19,42,13,28,0,30,19,24,27,32,23,28,9,62,38,51,37,57,51,57,44,109,115,91,88,112,80,97,61.0,106.0,92.0,106.0,113.0,105.0,47.0,107.0,59.0,98.0,37.0,116.0,0.0,45.0,17.0,26.0,0.0,0.0,-108.0,-23.0,0.0,0.0,-41.0,134.0,126.0,156.0,111.0,179.0,89.0,173.0,94.0,116.0,55.0,175.0,135.0,218.0,120.0,83.0,64.0,50.0,37.0,132.0,106.0,130.0,39.0,40.0,13.0,21.0,14.0,28.0,13.0,14.0,5.0,40.0,5.0,32.0,0.0,0.0,0.0,0.0,0.0,11.0,0.0,0.0,1.0,0.0,0.0,,,,,,,,,,,,,,,,,,,,,,,,,,,,,,,,,,,,,,,,,,,,,,,,,,,,,,,,,,,,,,,,,,,,,,,,,,,,,,,,,,,,,,,,,,,,,,,,,,,,,,,,,,,,,,,,,,,,,,,,
103,18,42,31,59,34,54,17,46,45,61,64,34,52,46,37,32,33,37,-5,27,21,26,15,48,42,25,31,28,28,28,0,25,-5,0,-13,-7,-8,-8,-8,0,0.0,-1.0,-3.0,0.0,0.0,0.0,1.0,0.0,0.0,0.0,0.0,0.0,0.0,0.0,0.0,0.0,0.0,0.0,0.0,0.0,0.0,0.0,0.0,0.0,0.0,0.0,0.0,,,,,,,,,,,,,,,,,,,,,,,,,,,,,,,,,,,,,,,,,,,,,,,,,,,,,,,,,,,,,,,,,,,,,,,,,,,,,,,,,,,,,,,,,,,,,,,,,,,,,,,,,,,,,,,,,,,,,,,,,,,,,,,,,,,,,,,,,,,,,,,,,,,,,,,,,,,,,,,,
104,29,40,33,74,50,60,45,52,54,68,37,46,5,38,3,14,14,14,23,23,3,25,-5,89,66,72,85,77,81,78,87,75,68,67,41,52,39,80,60,115,92.0,96.0,102.0,106.0,111.0,88.0,102.0,147.0,152.0,156.0,149.0,164.0,140.0,142.0,120.0,110.0,123.0,157.0,98.0,122.0,57.0,106.0,81.0,113.0,98.0,100.0,87.0,126.0,62.0,56.0,38.0,25.0,12.0,16.0,0.0,65.0,20.0,28.0,6.0,59.0,,,,,,,,,,,,,,,,,,,,,,,,,,,,,,,,,,,,,,,,,,,,,,,,,,,,,,,,,,,,,,,,,,,,,,,,,,,,,,,,,,,,,,,,,,,,,,,,,,,,,,,,,,,,,,,,,,,,,,,,,,,,,,,,,,,,,,,,,,,,,,,,,,,
105,20,47,-76,-33,-32,-24,-50,-26,-31,-20,-70,-33,-53,-47,-54,-35,-72,-10,-27,-15,0,0,0,0,-49,-16,-24,0,0,-9,-25,-17,-20,-22,-35,-2,0,23,-68,-42,-43.0,-14.0,-25.0,-53.0,-103.0,-43.0,-96.0,-58.0,-80.0,-79.0,-106.0,-111.0,-112.0,4.0,1.0,127.0,118.0,128.0,127.0,124.0,,,,,,,,,,,,,,,,,,,,,,,,,,,,,,,,,,,,,,,,,,,,,,,,,,,,,,,,,,,,,,,,,,,,,,,,,,,,,,,,,,,,,,,,,,,,,,,,,,,,,,,,,,,,,,,,,,,,,,,,,,,,,,,,,,,,,,,,,,,,,,,,,,,,,,,,,,,,,,,,,,,,,,,
106,29,50,41,41,27,50,47,40,13,25,0,50,35,52,48,136,62,50,30,53,26,71,11,74,55,79,75,124,73,87,79,102,102,164,68,101,70,85,100,133,28.0,24.0,-55.0,-20.0,-10.0,-8.0,-21.0,196.0,142.0,101.0,75.0,355.0,309.0,395.0,372.0,397.0,387.0,374.0,379.0,360.0,368.0,404.0,430.0,419.0,297.0,325.0,225.0,307.0,327.0,338.0,263.0,319.0,255.0,370.0,151.0,186.0,164.0,237.0,205.0,221.0,211.0,221.0,200.0,342.0,187.0,166.0,169.0,283.0,257.0,259.0,186.0,275.0,173.0,159.0,164.0,212.0,57.0,56.0,60.0,58.0,55.0,53.0,0.0,715.0,777.0,962.0,969.0,976.0,978.0,1015.0,950.0,1049.0,1101.0,1130.0,1217.0,,,,,,,,,,,,,,,,,,,,,,,,,,,,,,,,,,,,,,,,,,,,,,,,,,,,,,,,,,,,,,,,,,,,,,,,,,,,,,,,,,,,,,,,,,,,,,,,,,,,,,,,,,,,,,,,
107,38,39,-34,14,11,24,25,39,25,50,14,28,26,22,27,44,9,48,43,85,75,101,83,57,46,50,43,64,26,50,31,20,-6,-19,-26,-2,-29,45,35,71,5.0,6.0,-51.0,-19.0,-32.0,-14.0,-43.0,-20.0,-19.0,-28.0,-31.0,-59.0,-36.0,-10.0,-60.0,42.0,-35.0,65.0,58.0,235.0,19.0,49.0,-64.0,-27.0,-25.0,-17.0,-36.0,-20.0,-234.0,-178.0,-287.0,-375.0,-415.0,-433.0,-601.0,-615.0,-680.0,-682.0,-738.0,-719.0,-723.0,-751.0,-774.0,-824.0,-809.0,-839.0,-853.0,-578.0,-668.0,-613.0,-706.0,-735.0,-776.0,-813.0,-814.0,-634.0,-6206.0,-659.0,-693.0,-806.0,-817.0,-837.0,-857.0,-818.0,-838.0,-832.0,-854.0,-812.0,-814.0,-820.0,-823.0,-828.0,-1064.0,-888.0,-931.0,-882.0,-925.0,-911.0,,,,,,,,,,,,,,,,,,,,,,,,,,,,,,,,,,,,,,,,,,,,,,,,,,,,,,,,,,,,,,,,,,,,,,,,,,,,,,,,,,,,,,,,,,,,,,,,,,,,,,,,,,,,,
108,40,55,47,59,37,61,47,57,40,59,43,55,47,46,28,49,43,46,8,22,2,5,-1,60,6,52,13,7,0,3,4,5,0,8,0,62,50,37,48,62,28.0,99.0,74.0,90.0,85.0,96.0,66.0,56.0,13.0,27.0,44.0,57.0,38.0,115.0,40.0,75.0,80.0,94.0,94.0,83.0,13.0,45.0,51.0,125.0,30.0,47.0,39.0,44.0,24.0,40.0,2.0,6.0,0.0,291.0,317.0,432.0,81.0,217.0,77.0,86.0,201.0,430.0,437.0,524.0,453.0,484.0,164.0,197.0,68.0,189.0,92.0,344.0,347.0,345.0,381.0,350.0,303.0,361.0,375.0,434.0,443.0,460.0,478.0,520.0,438.0,853.0,933.0,1040.0,1059.0,,,,,,,,,,,,,,,,,,,,,,,,,,,,,,,,,,,,,,,,,,,,,,,,,,,,,,,,,,,,,,,,,,,,,,,,,,,,,,,,,,,,,,,,,,,,,,,,,,,,,,,,,,,,,,,,,,,,,,
109,37,33,28,55,50,54,43,54,55,62,56,53,55,57,24,62,73,74,52,79,75,73,37,83,50,68,70,52,50,49,43,54,5,25,28,14,5,7,10,16,10.0,9.0,13.0,10.0,10.0,18.0,-10.0,9.0,-8.0,-16.0,-23.0,-13.0,-35.0,-26.0,-80.0,-15.0,-9.0,-7.0,-15.0,-7.0,-27.0,-23.0,-24.0,-25.0,-31.0,-19.0,-32.0,-19.0,-21.0,-14.0,-8.0,-8.0,-23.0,-14.0,-12.0,-6.0,-6.0,-11.0,-10.0,-20.0,-25.0,-25.0,-15.0,-14.0,-14.0,-18.0,-14.0,0.0,-14.0,,,,,,,,,,,,,,,,,,,,,,,,,,,,,,,,,,,,,,,,,,,,,,,,,,,,,,,,,,,,,,,,,,,,,,,,,,,,,,,,,,,,,,,,,,,,,,,,,,,,,,,,,,,,,,,,,,,,,,,,,,,,,,,,,,,,,,,,,,
110,21,46,33,42,20,42,46,39,10,35,9,9,-20,0,-8,-1,-11,-10,-86,2,-133,-39,-87,-7,-25,6,-113,39,16,47,25,40,29,32,20,27,-6,13,0,21,25.0,32.0,16.0,40.0,11.0,36.0,32.0,63.0,46.0,53.0,50.0,169.0,134.0,152.0,131.0,140.0,81.0,87.0,116.0,125.0,57.0,62.0,54.0,68.0,28.0,59.0,36.0,50.0,30.0,37.0,23.0,27.0,25.0,34.0,35.0,176.0,170.0,210.0,205.0,245.0,47.0,98.0,57.0,64.0,61.0,60.0,67.0,52.0,47.0,122.0,4.0,10.0,6.0,25.0,4.0,3.0,1.0,0.0,0.0,10.0,0.0,3.0,8.0,10.0,0.0,11.0,5.0,5.0,0.0,1.0,0.0,2.0,6.0,14.0,4.0,8.0,6.0,7.0,0.0,6.0,8.0,12.0,-1.0,0.0,0.0,0.0,-3.0,0.0,0.0,0.0,-15.0,-3.0,1.0,5.0,-7.0,0.0,,,,,,,,,,,,,,,,,,,,,,,,,,,,,,,,,,,,,,,,,,,,,,,,,,,,,,,,,,,,,,,,,,,,,,,,,,,,,,,,,,,,,,,,,,,
111,28,41,8,19,-3,6,10,5,0,13,12,13,-35,-12,-25,-9,-21,-6,-56,-28,-36,35,5,21,22,116,74,88,98,184,141,191,174,316,224,256,264,299,274,292,310.0,287.0,267.0,306.0,247.0,309.0,199.0,182.0,174.0,156.0,114.0,134.0,134.0,145.0,149.0,133.0,119.0,177.0,149.0,117.0,92.0,137.0,133.0,144.0,123.0,139.0,0.0,107.0,13.0,30.0,32.0,13.0,13.0,12.0,22.0,21.0,13.0,7.0,7.0,6.0,6.0,8.0,6.0,10.0,7.0,0.0,0.0,0.0,0.0,78.0,0.0,0.0,0.0,0.0,0.0,39.0,0.0,0.0,0.0,0.0,7.0,4.0,0.0,0.0,0.0,0.0,0.0,0.0,0.0,1.0,47.0,15.0,4.0,4.0,2.0,10.0,3.0,2.0,2.0,8.0,0.0,3.0,3.0,4.0,1.0,45.0,0.0,0.0,0.0,0.0,0.0,0.0,0.0,0.0,0.0,0.0,22.0,9.0,12.0,0.0,0.0,0.0,0.0,0.0,0.0,25.0,0.0,0.0,0.0,0.0,0.0,0.0,0.0,0.0,0.0,0.0,0.0,0.0,0.0,0.0,0.0,0.0,0.0,0.0,0.0,0.0,0.0,0.0,0.0,0.0,0.0,0.0,0.0,0.0,0.0,0.0,0.0,0.0,0.0,0.0,0.0,0.0,0.0,0.0,0.0,,,,,,,,,,,,,,,,,,,,,,,,,,,,,,,,,,,,,,,,,,
112,12,47,37,72,55,44,47,52,7,8,10,10,6,8,-2,21,0,31,13,44,-10,4,-59,-23,-23,-10,0,-23,-78,10,0,25,-8,49,-11,17,0,2,-12,-1,1.0,2.0,-17.0,-5.0,0.0,19.0,2.0,15.0,-8.0,0.0,0.0,64.0,28.0,120.0,95.0,94.0,85.0,195.0,183.0,178.0,175.0,269.0,276.0,306.0,296.0,300.0,278.0,310.0,313.0,306.0,192.0,343.0,387.0,385.0,404.0,440.0,492.0,568.0,326.0,601.0,524.0,809.0,607.0,627.0,428.0,533.0,345.0,399.0,233.0,268.0,87.0,82.0,-34.0,-17.0,-74.0,-112.0,-682.0,-836.0,-829.0,-945.0,-986.0,-990.0,-1029.0,-930.0,-1034.0,-1082.0,-1062.0,-1024.0,-9995.0,-9996.0,-9997.0,-9998.0,,,,,,,,,,,,,,,,,,,,,,,,,,,,,,,,,,,,,,,,,,,,,,,,,,,,,,,,,,,,,,,,,,,,,,,,,,,,,,,,,,,,,,,,,,,,,,,,,,,,,,,,,,,,,,,,,,,
113,21,27,9,64,50,48,38,39,36,69,50,51,34,46,26,28,0,12,20,28,25,45,29,59,43,58,-3,19,0,65,69,105,75,89,-35,70,42,58,46,187,159.0,195.0,74.0,64.0,68.0,163.0,176.0,190.0,177.0,350.0,285.0,324.0,264.0,282.0,510.0,497.0,516.0,478.0,-59.0,0.0,-324.0,-325.0,-860.0,-957.0,-956.0,-954.0,-989.0,-973.0,-9996.0,-9997.0,-9998.0,-9999.0,,,,,,,,,,,,,,,,,,,,,,,,,,,,,,,,,,,,,,,,,,,,,,,,,,,,,,,,,,,,,,,,,,,,,,,,,,,,,,,,,,,,,,,,,,,,,,,,,,,,,,,,,,,,,,,,,,,,,,,,,,,,,,,,,,,,,,,,,,,,,,,,,,,,,,,,,,,
114,10,44,46,60,56,60,57,45,45,58,59,69,62,69,46,63,38,66,34,73,60,65,44,40,14,129,116,121,37,46,-7,15,24,31,17,15,-1,12,-7,1,-42.0,-20.0,-37.0,-20.0,-88.0,7.0,-63.0,-21.0,-87.0,-81.0,-88.0,-83.0,-118.0,-114.0,-121.0,-117.0,-110.0,-126.0,-115.0,-114.0,-111.0,-126.0,-229.0,-219.0,-223.0,-239.0,-268.0,-408.0,-392.0,-95.0,-93.0,-63.0,-64.0,-56.0,-59.0,-49.0,-56.0,-45.0,-78.0,-75.0,-59.0,-66.0,-58.0,-66.0,-378.0,-546.0,-542.0,-557.0,-542.0,-632.0,-662.0,-378.0,-486.0,-538.0,-561.0,-572.0,-655.0,-736.0,-749.0,-802.0,-827.0,-352.0,-361.0,-361.0,-545.0,-597.0,-631.0,-632.0,-738.0,-913.0,-930.0,-1007.0,-1053.0,-39.0,-32.0,-22.0,-17.0,-10.0,-980.0,-1251.0,-1258.0,-1268.0,-1408.0,-1486.0,,,,,,,,,,,,,,,,,,,,,,,,,,,,,,,,,,,,,,,,,,,,,,,,,,,,,,,,,,,,,,,,,,,,,,,,,,,,,,,,,,,,,,,,,,,,,,,,,,,,,,,
115,9,20,1,25,2,9,1,41,19,60,0,-2,-14,30,6,9,25,-5,-23,-15,0,14,-1,0,-7,11,0,12,-10,4,0,0,0,34,-4,0,-5,0,-17,-12,0.0,0.0,0.0,0.0,-36.0,-5.0,5.0,25.0,15.0,4.0,5.0,0.0,10.0,16.0,19.0,41.0,36.0,90.0,51.0,88.0,34.0,53.0,79.0,58.0,82.0,170.0,116.0,134.0,77.0,125.0,118.0,150.0,155.0,302.0,0.0,0.0,0.0,261.0,0.0,281.0,314.0,359.0,337.0,358.0,358.0,390.0,251.0,280.0,358.0,361.0,302.0,285.0,319.0,308.0,0.0,0.0,0.0,0.0,-9.0,0.0,-20.0,0.0,-42.0,-23.0,-92.0,-20.0,-24.0,12.0,0.0,0.0,0.0,3.0,0.0,52.0,83.0,98.0,83.0,0.0,-2.0,0.0,0.0,0.0,-1.0,0.0,0.0,0.0,0.0,0.0,0.0,0.0,0.0,0.0,0.0,0.0,0.0,0.0,0.0,0.0,0.0,0.0,0.0,0.0,0.0,0.0,0.0,0.0,0.0,0.0,0.0,0.0,0.0,0.0,0.0,0.0,0.0,0.0,0.0,0.0,0.0,0.0,0.0,0.0,,,,,,,,,,,,,,,,,,,,,,,,,,,,,,,,,,,,,,,,,,,,,,,,,,,,,,,,,,,,,,,,,
116,18,37,39,33,39,61,42,59,45,40,36,40,43,39,29,48,16,23,0,46,17,50,37,55,47,39,40,32,35,54,35,62,49,83,45,57,23,66,61,56,46.0,61.0,7.0,65.0,62.0,68.0,41.0,63.0,50.0,89.0,46.0,52.0,46.0,99.0,57.0,93.0,120.0,99.0,87.0,80.0,72.0,73.0,-563.0,138.0,94.0,106.0,113.0,123.0,127.0,82.0,-48.0,-45.0,-34.0,-37.0,-52.0,-36.0,-641.0,-695.0,-831.0,-924.0,-912.0,-945.0,-1041.0,-860.0,-941.0,-1024.0,-1146.0,-862.0,,,,,,,,,,,,,,,,,,,,,,,,,,,,,,,,,,,,,,,,,,,,,,,,,,,,,,,,,,,,,,,,,,,,,,,,,,,,,,,,,,,,,,,,,,,,,,,,,,,,,,,,,,,,,,,,,,,,,,,,,,,,,,,,,,,,,,,,,,,
117,22,43,46,52,-16,0,-43,11,1,13,6,13,0,0,-11,2,-29,3,-56,-36,-66,-39,-55,-6,-30,-27,-29,12,-37,-28,-68,-17,-39,-15,-41,-31,-125,18,-9,5,-9.0,96.0,33.0,69.0,37.0,60.0,62.0,56.0,46.0,59.0,0.0,48.0,26.0,54.0,37.0,97.0,31.0,47.0,0.0,135.0,48.0,45.0,31.0,58.0,35.0,65.0,96.0,82.0,0.0,0.0,0.0,0.0,0.0,0.0,0.0,0.0,,,,,,,,,,,,,,,,,,,,,,,,,,,,,,,,,,,,,,,,,,,,,,,,,,,,,,,,,,,,,,,,,,,,,,,,,,,,,,,,,,,,,,,,,,,,,,,,,,,,,,,,,,,,,,,,,,,,,,,,,,,,,,,,,,,,,,,,,,,,,,,,,,,,,,,
118,34,38,35,26,33,35,19,38,33,42,15,37,6,39,20,39,34,56,39,42,42,37,13,90,56,46,0,15,0,88,34,212,162,171,100,157,104,185,170,202,206.0,230.0,240.0,247.0,169.0,177.0,111.0,141.0,112.0,127.0,65.0,70.0,66.0,71.0,52.0,80.0,51.0,76.0,26.0,38.0,35.0,24.0,2.0,154.0,-51.0,25.0,-124.0,-137.0,-240.0,-267.0,-309.0,-213.0,-225.0,-181.0,-232.0,-225.0,-224.0,-192.0,-340.0,-183.0,-486.0,-388.0,-536.0,-550.0,-541.0,-619.0,-736.0,-748.0,,,,,,,,,,,,,,,,,,,,,,,,,,,,,,,,,,,,,,,,,,,,,,,,,,,,,,,,,,,,,,,,,,,,,,,,,,,,,,,,,,,,,,,,,,,,,,,,,,,,,,,,,,,,,,,,,,,,,,,,,,,,,,,,,,,,,,,,,,,
119,20,33,25,35,28,46,48,70,51,31,12,62,23,35,28,23,1,0,12,34,0,6,30,10,-2,50,0,99,83,101,67,90,72,53,80,597,581,597,595,622,623.0,625.0,581.0,603.0,565.0,649.0,662.0,682.0,675.0,693.0,689.0,721.0,722.0,746.0,855.0,946.0,1001.0,1090.0,1139.0,,,,,,,,,,,,,,,,,,,,,,,,,,,,,,,,,,,,,,,,,,,,,,,,,,,,,,,,,,,,,,,,,,,,,,,,,,,,,,,,,,,,,,,,,,,,,,,,,,,,,,,,,,,,,,,,,,,,,,,,,,,,,,,,,,,,,,,,,,,,,,,,,,,,,,,,,,,,,,,,,,,,,,,,
120,28,63,57,49,58,64,43,43,37,34,33,43,37,50,37,36,26,24,28,29,27,31,25,33,-25,6,29,79,48,57,54,45,47,56,40,31,29,36,32,37,37.0,29.0,40.0,38.0,30.0,37.0,39.0,33.0,35.0,45.0,32.0,48.0,43.0,47.0,38.0,37.0,31.0,33.0,32.0,32.0,23.0,63.0,59.0,56.0,62.0,54.0,54.0,51.0,49.0,49.0,58.0,64.0,44.0,74.0,62.0,79.0,40.0,48.0,43.0,95.0,65.0,68.0,72.0,130.0,121.0,106.0,0.0,66.0,54.0,72.0,45.0,59.0,60.0,43.0,42.0,41.0,19.0,11.0,27.0,0.0,0.0,0.0,0.0,0.0,0.0,0.0,0.0,0.0,0.0,0.0,0.0,0.0,0.0,0.0,0.0,0.0,0.0,0.0,0.0,0.0,0.0,0.0,0.0,0.0,0.0,0.0,0.0,0.0,0.0,0.0,0.0,0.0,0.0,0.0,0.0,0.0,0.0,0.0,0.0,0.0,0.0,0.0,0.0,0.0,0.0,0.0,0.0,0.0,0.0,0.0,0.0,0.0,0.0,0.0,0.0,0.0,0.0,0.0,0.0,0.0,0.0,0.0,0.0,0.0,0.0,0.0,0.0,0.0,0.0,952.0,486.0,501.0,494.0,497.0,542.0,1211.0,1289.0,1292.0,1292.0,,,,,,,,,,,,,,,,,,,,,,,,,,,,,,,,,,,,,,,,,,,,,,,,
121,17,36,35,50,46,41,49,61,67,50,0,15,-7,0,0,17,0,10,8,17,2,24,18,27,6,36,9,33,14,20,22,35,40,39,-25,-23,-22,-13,-17,27,-46.0,-32.0,-38.0,-18.0,0.0,59.0,6.0,97.0,-3.0,31.0,0.0,387.0,48.0,79.0,19.0,99.0,60.0,115.0,92.0,95.0,99.0,102.0,103.0,131.0,175.0,198.0,175.0,193.0,31.0,250.0,116.0,113.0,26.0,20.0,4.0,11.0,2.0,5.0,2.0,0.0,8.0,2.0,0.0,2.0,5.0,4.0,3.0,6.0,3.0,7.0,1.0,2.0,0.0,2.0,2.0,3.0,7.0,5.0,0.0,0.0,0.0,0.0,0.0,6.0,6.0,6.0,6.0,6.0,6.0,6.0,0.0,0.0,0.0,1.0,,,,,,,,,,,,,,,,,,,,,,,,,,,,,,,,,,,,,,,,,,,,,,,,,,,,,,,,,,,,,,,,,,,,,,,,,,,,,,,,,,,,,,,,,,,,,,,,,,,,,,,,,,,,,,,,,
122,37,65,49,65,50,57,47,60,44,53,50,56,50,62,57,63,40,41,50,54,42,48,35,38,43,65,37,45,43,39,-6,25,12,5,0,0,0,0,0,0,-13.0,-10.0,0.0,0.0,0.0,49.0,15.0,28.0,19.0,0.0,-23.0,0.0,0.0,0.0,0.0,266.0,328.0,318.0,320.0,322.0,0.0,0.0,0.0,0.0,5.0,0.0,0.0,20.0,1.0,17.0,16.0,8.0,0.0,53.0,37.0,287.0,106.0,632.0,42.0,132.0,148.0,84.0,84.0,93.0,42.0,49.0,18.0,40.0,23.0,49.0,64.0,32.0,15.0,52.0,40.0,400.0,521.0,618.0,613.0,624.0,675.0,696.0,403.0,393.0,514.0,557.0,557.0,978.0,1060.0,1082.0,562.0,593.0,559.0,582.0,604.0,612.0,546.0,622.0,580.0,593.0,611.0,619.0,520.0,584.0,537.0,2103.0,2112.0,,,,,,,,,,,,,,,,,,,,,,,,,,,,,,,,,,,,,,,,,,,,,,,,,,,,,,,,,,,,,,,,,,,,,,,,,,,,,,,,,,,,,,,,,,,,,,,,,,,,
123,23,29,13,58,45,65,59,62,39,46,36,46,8,0,0,17,-14,-9,-67,-42,-90,-64,-93,-85,-90,-59,-65,-65,-108,-94,-116,-101,-131,-90,-101,-71,-109,-72,-91,-74,-89.0,-83.0,-82.0,-69.0,-156.0,-128.0,-151.0,-106.0,-139.0,-130.0,-283.0,-324.0,-519.0,-571.0,-668.0,-678.0,-667.0,-705.0,-691.0,-699.0,,,,,,,,,,,,,,,,,,,,,,,,,,,,,,,,,,,,,,,,,,,,,,,,,,,,,,,,,,,,,,,,,,,,,,,,,,,,,,,,,,,,,,,,,,,,,,,,,,,,,,,,,,,,,,,,,,,,,,,,,,,,,,,,,,,,,,,,,,,,,,,,,,,,,,,,,,,,,,,,,,,,,,,
124,33,36,37,59,35,47,42,62,66,70,49,89,79,82,64,75,64,75,45,77,68,68,62,90,71,134,104,112,87,218,237,256,220,241,198,212,231,257,237,261,250.0,345.0,358.0,374.0,368.0,438.0,509.0,578.0,538.0,536.0,561.0,547.0,539.0,569.0,572.0,676.0,650.0,739.0,725.0,930.0,916.0,,,,,,,,,,,,,,,,,,,,,,,,,,,,,,,,,,,,,,,,,,,,,,,,,,,,,,,,,,,,,,,,,,,,,,,,,,,,,,,,,,,,,,,,,,,,,,,,,,,,,,,,,,,,,,,,,,,,,,,,,,,,,,,,,,,,,,,,,,,,,,,,,,,,,,,,,,,,,,,,,,,,,,
125,36,40,24,38,26,30,10,23,-5,4,0,2,-7,0,-22,-9,-17,-7,-12,2,-32,0,-12,47,0,0,0,0,0,0,0,0,0,0,0,0,0,0,0,0,,,,,,,,,,,,,,,,,,,,,,,,,,,,,,,,,,,,,,,,,,,,,,,,,,,,,,,,,,,,,,,,,,,,,,,,,,,,,,,,,,,,,,,,,,,,,,,,,,,,,,,,,,,,,,,,,,,,,,,,,,,,,,,,,,,,,,,,,,,,,,,,,,,,,,,,,,,,,,,,,,,,,,,,,,,,,,,,,,,,,,,,,,,
126,29,49,37,42,30,54,16,9,13,7,3,31,31,32,19,20,2,27,18,27,0,25,9,26,18,35,19,29,10,38,16,22,8,22,49,24,3,21,23,4,27.0,22.0,2.0,70.0,67.0,54.0,-2.0,137.0,133.0,124.0,155.0,181.0,106.0,141.0,136.0,196.0,116.0,221.0,223.0,252.0,204.0,232.0,206.0,245.0,128.0,295.0,280.0,322.0,311.0,305.0,312.0,317.0,281.0,374.0,106.0,107.0,310.0,340.0,362.0,346.0,355.0,386.0,337.0,478.0,527.0,550.0,558.0,654.0,630.0,667.0,695.0,751.0,761.0,766.0,755.0,819.0,903.0,894.0,905.0,973.0,959.0,1009.0,969.0,1016.0,1016.0,1022.0,808.0,,,,,,,,,,,,,,,,,,,,,,,,,,,,,,,,,,,,,,,,,,,,,,,,,,,,,,,,,,,,,,,,,,,,,,,,,,,,,,,,,,,,,,,,,,,,,,,,,,,,,,,,,,,,,,,,,,,,,,,,
127,25,28,17,43,24,32,24,40,29,57,49,59,25,30,21,34,28,28,35,34,34,53,0,4,-22,-7,-29,9,-14,-6,0,8,-17,0,0,0,0,0,-15,-24,-22.0,-12.0,-18.0,-19.0,-41.0,-18.0,-30.0,-12.0,-12.0,0.0,-17.0,0.0,0.0,19.0,12.0,10.0,7.0,6.0,-10.0,6.0,11.0,7.0,6.0,21.0,0.0,0.0,0.0,0.0,0.0,0.0,0.0,0.0,0.0,0.0,0.0,0.0,0.0,0.0,0.0,0.0,0.0,0.0,0.0,0.0,0.0,0.0,0.0,0.0,0.0,0.0,0.0,,,,,,,,,,,,,,,,,,,,,,,,,,,,,,,,,,,,,,,,,,,,,,,,,,,,,,,,,,,,,,,,,,,,,,,,,,,,,,,,,,,,,,,,,,,,,,,,,,,,,,,,,,,,,,,,,,,,,,,,,,,,,,,,,,,,,,,,
128,28,18,16,45,48,50,49,52,37,66,16,33,-1,63,52,54,29,62,64,54,42,30,14,75,3,22,0,0,-4,-40,-31,-24,-24,1,-50,11,0,6,6,22,30.0,33.0,0.0,72.0,55.0,48.0,25.0,27.0,18.0,3.0,22.0,54.0,16.0,20.0,25.0,38.0,-67.0,41.0,5.0,18.0,-123.0,-126.0,-151.0,-130.0,-150.0,-116.0,-177.0,-117.0,-120.0,-95.0,-268.0,-150.0,-317.0,-282.0,-346.0,-374.0,-389.0,-361.0,-390.0,-395.0,-384.0,-390.0,-483.0,-532.0,-540.0,-537.0,-542.0,-502.0,-619.0,-625.0,-671.0,-475.0,-685.0,-575.0,-527.0,-539.0,-654.0,-678.0,,,,,,,,,,,,,,,,,,,,,,,,,,,,,,,,,,,,,,,,,,,,,,,,,,,,,,,,,,,,,,,,,,,,,,,,,,,,,,,,,,,,,,,,,,,,,,,,,,,,,,,,,,,,,,,,,,,,,,,,,,,,,,,,,
129,26,36,25,40,46,55,37,26,42,27,33,31,33,36,27,40,9,19,21,17,7,23,25,40,41,35,4,33,-22,25,-59,-19,-26,-59,-58,-46,0,0,-116,72,105.0,87.0,105.0,146.0,176.0,175.0,182.0,166.0,167.0,189.0,168.0,177.0,142.0,191.0,166.0,156.0,147.0,150.0,162.0,155.0,177.0,174.0,90.0,144.0,149.0,144.0,185.0,178.0,33.0,68.0,52.0,58.0,26.0,61.0,15.0,11.0,13.0,151.0,32.0,462.0,398.0,410.0,452.0,609.0,653.0,803.0,874.0,922.0,957.0,,,,,,,,,,,,,,,,,,,,,,,,,,,,,,,,,,,,,,,,,,,,,,,,,,,,,,,,,,,,,,,,,,,,,,,,,,,,,,,,,,,,,,,,,,,,,,,,,,,,,,,,,,,,,,,,,,,,,,,,,,,,,,,,,,,,,,,,,,
130,21,40,27,28,5,41,12,20,7,64,57,55,43,53,59,78,62,118,37,73,36,132,23,76,12,108,77,101,45,104,86,59,53,110,112,98,98,144,128,146,123.0,152.0,39.0,62.0,34.0,31.0,29.0,160.0,75.0,158.0,132.0,142.0,69.0,83.0,2.0,17.0,0.0,0.0,-71.0,98.0,0.0,160.0,-31.0,-29.0,11.0,9.0,0.0,36.0,39.0,48.0,0.0,78.0,88.0,108.0,64.0,135.0,18.0,32.0,-22.0,0.0,0.0,117.0,101.0,88.0,103.0,87.0,106.0,113.0,91.0,100.0,90.0,73.0,24.0,24.0,14.0,23.0,9.0,9.0,13.0,9.0,0.0,0.0,0.0,11.0,0.0,0.0,0.0,0.0,0.0,0.0,0.0,0.0,0.0,0.0,0.0,0.0,0.0,,,,,,,,,,,,,,,,,,,,,,,,,,,,,,,,,,,,,,,,,,,,,,,,,,,,,,,,,,,,,,,,,,,,,,,,,,,,,,,,,,,,,,,,,,,,,,,,,,,,,,,,,,,,,,
131,25,38,36,51,37,65,43,46,42,62,50,69,40,50,46,36,23,68,27,50,55,77,35,42,24,13,19,67,14,100,109,118,52,171,163,165,193,197,164,208,140.0,244.0,103.0,314.0,246.0,262.0,188.0,232.0,118.0,140.0,17.0,48.0,23.0,167.0,180.0,238.0,289.0,269.0,247.0,255.0,266.0,246.0,271.0,269.0,169.0,366.0,405.0,386.0,357.0,392.0,418.0,478.0,562.0,650.0,447.0,497.0,456.0,458.0,304.0,545.0,650.0,,,,,,,,,,,,,,,,,,,,,,,,,,,,,,,,,,,,,,,,,,,,,,,,,,,,,,,,,,,,,,,,,,,,,,,,,,,,,,,,,,,,,,,,,,,,,,,,,,,,,,,,,,,,,,,,,,,,,,,,,,,,,,,,,,,,,,,,,,,,,,,,,,
132,20,44,27,30,27,27,-24,-10,-24,15,28,49,37,44,43,41,26,41,32,50,37,44,36,25,13,7,0,4,0,75,0,45,59,70,70,81,95,81,113,80,58.0,104.0,92.0,152.0,158.0,178.0,63.0,115.0,109.0,122.0,150.0,155.0,157.0,151.0,187.0,225.0,231.0,232.0,224.0,269.0,267.0,272.0,262.0,251.0,267.0,372.0,334.0,390.0,367.0,446.0,473.0,511.0,506.0,525.0,416.0,421.0,444.0,425.0,488.0,459.0,502.0,495.0,474.0,554.0,682.0,754.0,571.0,668.0,704.0,668.0,760.0,800.0,825.0,896.0,874.0,927.0,957.0,,,,,,,,,,,,,,,,,,,,,,,,,,,,,,,,,,,,,,,,,,,,,,,,,,,,,,,,,,,,,,,,,,,,,,,,,,,,,,,,,,,,,,,,,,,,,,,,,,,,,,,,,,,,,,,,,,,,,,,,,,,,,,,,,,
