,0,1,2,3,4,5,6,7,8,9,10,11,12,13,14,15,16,17,18,19,20,21,22,23,24,25,26,27,28,29,30,31,32,33,34,35,36,37,38,39,40,41,42,43,44,45,46,47,48,49,50,51,52,53,54,55,56,57,58,59,60,61,62,63,64,65,66,67,68,69,70,71,72,73,74,75,76,77,78,79,80,81,82,83,84,85,86,87,88,89,90,91,92,93,94,95,96,97,98,99,100,101,102,103,104,105,106,107,108,109,110,111,112,113,114,115,116,117,118,119,120,121,122,123,124,125,126,127,128,129,130,131,132,133,134,135,136,137,138,139,140,141,142,143,144,145,146,147,148,149,150,151,152,153,154,155,156,157,158,159,160,161,162,163,164,165,166,167,168,169,170,171,172,173,174,175,176,177,178,179,180,181,182,183,184,185,186,187,188,189,190
0,32,36,35,37,32,39,24,27,12,12,4,17,5,21,18,28,25,33,18,31,26,36,31,22,22,26,19,17.0,-63.0,21.0,37.0,36.0,39.0,4.0,-12.0,51.0,48.0,50.0,1.0,11.0,9.0,4.0,26.0,0.0,0.0,8.0,-61.0,-70.0,-125.0,-79.0,-88.0,-79.0,-85.0,-87.0,-175.0,-15.0,-4.0,0.0,0.0,0.0,0.0,0.0,0.0,0.0,0.0,0.0,0.0,0.0,0.0,0.0,0.0,0.0,,,,,,,,,,,,,,,,,,,,,,,,,,,,,,,,,,,,,,,,,,,,,,,,,,,,,,,,,,,,,,,,,,,,,,,,,,,,,,,,,,,,,,,,,,,,,,,,,,,,,,,,,,,,,,,,,,,,,,,
1,35,46,33,46,45,46,15,44,37,41,0,15,5,15,-2,5,0,5,0,6,4,7,21,7,0,25,15,25.0,10.0,25.0,-4.0,14.0,0.0,5.0,0.0,35.0,-36.0,0.0,0.0,23.0,0.0,35.0,-14.0,72.0,51.0,71.0,63.0,140.0,109.0,127.0,0.0,175.0,166.0,192.0,192.0,213.0,181.0,202.0,168.0,170.0,141.0,245.0,186.0,345.0,263.0,354.0,275.0,534.0,356.0,439.0,224.0,236.0,228.0,316.0,334.0,866.0,910.0,1052.0,1063.0,1037.0,,,,,,,,,,,,,,,,,,,,,,,,,,,,,,,,,,,,,,,,,,,,,,,,,,,,,,,,,,,,,,,,,,,,,,,,,,,,,,,,,,,,,,,,,,,,,,,,,,,,,,,,,,,,,,,
2,28,43,29,33,23,35,12,62,13,27,21,26,18,26,18,25,3,24,28,35,32,34,25,23,0,0,0,0.0,0.0,0.0,0.0,0.0,-40.0,89.0,67.0,61.0,86.0,71.0,105.0,94.0,64.0,74.0,85.0,105.0,74.0,150.0,111.0,143.0,75.0,120.0,64.0,65.0,30.0,46.0,38.0,176.0,88.0,124.0,96.0,135.0,87.0,97.0,63.0,107.0,105.0,92.0,50.0,31.0,22.0,34.0,33.0,25.0,26.0,30.0,11.0,17.0,0.0,0.0,0.0,0.0,0.0,21.0,8.0,37.0,45.0,71.0,0.0,1.0,2.0,0.0,0.0,0.0,0.0,0.0,0.0,0.0,0.0,0.0,0.0,0.0,0.0,,,,,,,,,,,,,,,,,,,,,,,,,,,,,,,,,,,,,,,,,,,,,,,,,,,,,,,,,,,,,,,,,,,,,,,,,,,,,,,,,,,,,,,,,,
3,40,39,11,44,7,25,14,23,16,48,7,21,5,0,0,11,-13,22,6,0,-49,-27,-38,-34,-41,-33,-51,-31.0,-67.0,-70.0,-68.0,-62.0,-73.0,-48.0,-83.0,-42.0,-82.0,-59.0,-119.0,-108.0,-119.0,-100.0,-146.0,-204.0,-198.0,-204.0,-287.0,-262.0,-304.0,-302.0,-307.0,-317.0,-310.0,-204.0,-261.0,-134.0,-190.0,-169.0,-247.0,-178.0,-334.0,-314.0,-299.0,-47.0,-67.0,-50.0,-51.0,-32.0,-218.0,-152.0,-167.0,-149.0,-192.0,-201.0,-290.0,-114.0,-114.0,-92.0,-107.0,-109.0,-152.0,-76.0,-64.0,-20.0,-26.0,-12.0,-23.0,-11.0,-24.0,0.0,0.0,0.0,0.0,0.0,-8.0,-6.0,0.0,0.0,0.0,0.0,0.0,0.0,0.0,9.0,5.0,2.0,4.0,0.0,-4.0,0.0,0.0,0.0,0.0,0.0,0.0,0.0,0.0,0.0,0.0,0.0,0.0,0.0,0.0,0.0,0.0,0.0,,,,,,,,,,,,,,,,,,,,,,,,,,,,,,,,,,,,,,,,,,,,,,,,,,,,,,,,,,,,,,,,,
4,31,31,32,37,23,46,22,62,22,27,21,40,41,31,25,28,33,42,21,4,7,14,10,8,10,22,-1,24.0,30.0,51.0,35.0,73.0,61.0,62.0,52.0,59.0,39.0,52.0,61.0,48.0,0.0,1.0,2.0,4.0,-11.0,-2.0,-29.0,0.0,-12.0,-11.0,-15.0,0.0,0.0,0.0,0.0,0.0,0.0,0.0,0.0,0.0,0.0,0.0,0.0,0.0,0.0,0.0,0.0,0.0,0.0,0.0,0.0,0.0,,,,,,,,,,,,,,,,,,,,,,,,,,,,,,,,,,,,,,,,,,,,,,,,,,,,,,,,,,,,,,,,,,,,,,,,,,,,,,,,,,,,,,,,,,,,,,,,,,,,,,,,,,,,,,,,,,,,,,,
5,24,49,30,60,37,48,41,45,33,35,31,51,40,53,27,38,31,33,30,38,55,196,173,176,172,246,242,239.0,185.0,263.0,271.0,298.0,205.0,257.0,230.0,277.0,215.0,264.0,174.0,226.0,185.0,188.0,184.0,200.0,104.0,262.0,74.0,79.0,75.0,110.0,87.0,105.0,100.0,178.0,118.0,141.0,150.0,126.0,179.0,140.0,182.0,204.0,229.0,237.0,165.0,551.0,632.0,677.0,700.0,671.0,663.0,719.0,730.0,,,,,,,,,,,,,,,,,,,,,,,,,,,,,,,,,,,,,,,,,,,,,,,,,,,,,,,,,,,,,,,,,,,,,,,,,,,,,,,,,,,,,,,,,,,,,,,,,,,,,,,,,,,,,,,,,,,,,,
6,31,61,35,40,27,24,11,14,-6,24,24,37,6,27,23,22,21,23,19,29,26,36,30,53,54,58,23,64.0,41.0,49.0,42.0,50.0,54.0,65.0,65.0,75.0,62.0,88.0,63.0,101.0,100.0,98.0,108.0,78.0,76.0,89.0,72.0,96.0,61.0,64.0,54.0,56.0,32.0,54.0,34.0,40.0,35.0,37.0,14.0,25.0,23.0,17.0,-15.0,0.0,-39.0,-6.0,0.0,1.0,-9.0,11.0,9.0,6.0,0.0,1.0,0.0,0.0,-12.0,5.0,5.0,10.0,12.0,14.0,5.0,29.0,30.0,45.0,34.0,43.0,51.0,47.0,8.0,8.0,0.0,9.0,0.0,0.0,0.0,16.0,18.0,20.0,14.0,13.0,8.0,23.0,0.0,0.0,0.0,0.0,9.0,9.0,0.0,0.0,0.0,10.0,0.0,,,,,,,,,,,,,,,,,,,,,,,,,,,,,,,,,,,,,,,,,,,,,,,,,,,,,,,,,,,,,,,,,,,,,,,,,,,,
7,36,50,47,62,41,55,52,60,39,53,53,71,36,62,47,29,26,25,39,32,28,22,9,39,19,51,42,34.0,36.0,19.0,15.0,0.0,0.0,21.0,21.0,8.0,-14.0,0.0,0.0,0.0,53.0,31.0,27.0,35.0,40.0,34.0,32.0,10.0,14.0,14.0,12.0,111.0,62.0,112.0,88.0,159.0,165.0,235.0,239.0,251.0,261.0,275.0,241.0,240.0,254.0,335.0,305.0,331.0,336.0,433.0,366.0,391.0,371.0,448.0,457.0,461.0,452.0,444.0,477.0,462.0,474.0,441.0,461.0,546.0,567.0,,,,,,,,,,,,,,,,,,,,,,,,,,,,,,,,,,,,,,,,,,,,,,,,,,,,,,,,,,,,,,,,,,,,,,,,,,,,,,,,,,,,,,,,,,,,,,,,,,,,,,,,,,
8,29,37,30,48,25,20,11,17,2,32,18,37,23,31,4,25,28,28,26,24,15,23,34,42,-23,5,-52,-46.0,-66.0,-55.0,-51.0,-38.0,-59.0,17.0,5.0,13.0,8.0,12.0,11.0,14.0,13.0,28.0,17.0,20.0,22.0,11.0,3.0,11.0,11.0,10.0,0.0,0.0,0.0,43.0,33.0,26.0,29.0,56.0,42.0,58.0,44.0,117.0,33.0,28.0,45.0,32.0,31.0,55.0,26.0,33.0,12.0,26.0,33.0,16.0,0.0,61.0,49.0,61.0,45.0,45.0,53.0,55.0,47.0,63.0,65.0,66.0,62.0,75.0,66.0,92.0,50.0,52.0,35.0,41.0,39.0,53.0,46.0,71.0,39.0,45.0,38.0,40.0,33.0,29.0,36.0,33.0,32.0,32.0,2.0,6.0,9.0,16.0,0.0,0.0,0.0,0.0,0.0,0.0,0.0,55.0,15.0,16.0,19.0,22.0,14.0,15.0,17.0,12.0,42.0,25.0,0.0,0.0,0.0,48.0,0.0,0.0,0.0,0.0,0.0,0.0,0.0,0.0,,,,,,,,,,,,,,,,,,,,,,,,,,,,,,,,,,,,,,,,,,,,,,,,,
9,12,32,22,22,23,52,32,83,63,78,74,66,-25,-13,-27,-18,-21,5,-5,33,26,54,24,15,-46,-46,-42,-43.0,-52.0,-35.0,-39.0,-23.0,-26.0,-1.0,-23.0,39.0,-3.0,7.0,-33.0,43.0,31.0,107.0,102.0,81.0,13.0,4.0,0.0,0.0,0.0,0.0,0.0,0.0,-31.0,-7.0,-9.0,-3.0,-33.0,-33.0,-40.0,585.0,598.0,592.0,591.0,,,,,,,,,,,,,,,,,,,,,,,,,,,,,,,,,,,,,,,,,,,,,,,,,,,,,,,,,,,,,,,,,,,,,,,,,,,,,,,,,,,,,,,,,,,,,,,,,,,,,,,,,,,,,,,,,,,,,,,,,,,,,,,,
10,33,56,48,55,46,50,14,45,19,27,20,19,5,62,57,62,40,57,41,62,60,65,29,41,58,111,40,33.0,43.0,47.0,38.0,52.0,69.0,87.0,-19.0,0.0,-59.0,-32.0,-57.0,-51.0,-42.0,-58.0,-48.0,0.0,-16.0,-4.0,0.0,0.0,-131.0,-195.0,-253.0,-187.0,-195.0,-75.0,-138.0,-78.0,-132.0,-114.0,-155.0,-76.0,-117.0,-39.0,-227.0,-150.0,-174.0,-160.0,-133.0,-90.0,-105.0,-91.0,-88.0,-90.0,-98.0,-90.0,-137.0,-125.0,-128.0,-96.0,-87.0,-64.0,-59.0,-62.0,-75.0,-63.0,-56.0,0.0,-55.0,-26.0,-31.0,-38.0,-41.0,-35.0,-60.0,-50.0,-38.0,-38.0,-73.0,-64.0,-132.0,-149.0,-160.0,-133.0,-163.0,-98.0,-142.0,0.0,-158.0,-70.0,-302.0,-200.0,-291.0,-314.0,-337.0,-206.0,-486.0,-470.0,-452.0,-564.0,-584.0,-576.0,-663.0,-667.0,-752.0,-727.0,-833.0,-600.0,-590.0,-597.0,-779.0,-736.0,,,,,,,,,,,,,,,,,,,,,,,,,,,,,,,,,,,,,,,,,,,,,,,,,,,,,,,,,,,,,
11,25,49,45,44,25,39,16,24,25,38,16,24,22,32,23,23,12,39,43,64,34,51,-16,57,52,60,62,71.0,70.0,62.0,56.0,66.0,51.0,114.0,91.0,110.0,103.0,97.0,54.0,127.0,33.0,128.0,120.0,157.0,91.0,135.0,133.0,140.0,40.0,36.0,-20.0,-13.0,-31.0,11.0,7.0,0.0,0.0,81.0,51.0,84.0,65.0,49.0,-11.0,-3.0,-4.0,0.0,-4.0,-1.0,-84.0,-9.0,-27.0,0.0,-9.0,-25.0,0.0,-10.0,0.0,0.0,0.0,0.0,0.0,0.0,0.0,0.0,0.0,0.0,0.0,,,,,,,,,,,,,,,,,,,,,,,,,,,,,,,,,,,,,,,,,,,,,,,,,,,,,,,,,,,,,,,,,,,,,,,,,,,,,,,,,,,,,,,,,,,,,,,,,,,,,,,,
12,24,53,48,48,41,56,21,4,-3,-3,5,14,0,9,9,16,0,30,-8,9,4,-14,-10,11,0,33,4,62.0,39.0,43.0,-18.0,-5.0,-3.0,0.0,-31.0,-33.0,-45.0,-23.0,-116.0,-45.0,-53.0,-48.0,-41.0,-21.0,-12.0,-17.0,-33.0,-25.0,-29.0,-26.0,-32.0,-32.0,-35.0,0.0,-35.0,-30.0,-40.0,0.0,-18.0,0.0,-7.0,-23.0,-32.0,0.0,0.0,0.0,0.0,0.0,0.0,0.0,0.0,0.0,0.0,0.0,0.0,0.0,0.0,0.0,0.0,0.0,0.0,0.0,0.0,0.0,-26.0,-13.0,-17.0,0.0,-2.0,-3.0,0.0,0.0,0.0,0.0,0.0,0.0,0.0,0.0,0.0,0.0,0.0,0.0,0.0,0.0,0.0,0.0,0.0,0.0,0.0,0.0,0.0,0.0,0.0,0.0,0.0,0.0,0.0,,,,,,,,,,,,,,,,,,,,,,,,,,,,,,,,,,,,,,,,,,,,,,,,,,,,,,,,,,,,,,,,,,,,,,,,,,
13,36,41,37,50,47,32,20,37,37,41,18,35,1,18,3,17,18,30,26,23,34,34,31,37,14,28,1,3.0,52.0,56.0,58.0,52.0,52.0,59.0,51.0,36.0,43.0,86.0,68.0,76.0,86.0,83.0,9.0,14.0,10.0,24.0,25.0,23.0,13.0,11.0,16.0,13.0,12.0,12.0,13.0,12.0,0.0,12.0,16.0,13.0,17.0,18.0,21.0,21.0,13.0,24.0,11.0,21.0,25.0,23.0,27.0,37.0,11.0,17.0,0.0,37.0,0.0,38.0,39.0,41.0,0.0,29.0,31.0,36.0,18.0,62.0,52.0,49.0,42.0,47.0,46.0,41.0,31.0,56.0,0.0,69.0,11.0,26.0,10.0,5.0,5.0,15.0,1.0,13.0,10.0,19.0,0.0,-2.0,-4.0,-1.0,0.0,0.0,0.0,0.0,0.0,0.0,0.0,33.0,0.0,0.0,0.0,0.0,-191.0,0.0,0.0,0.0,0.0,0.0,0.0,0.0,0.0,0.0,0.0,0.0,0.0,0.0,0.0,0.0,0.0,,,,,,,,,,,,,,,,,,,,,,,,,,,,,,,,,,,,,,,,,,,,,,,,,,,,
14,22,43,33,36,19,27,26,22,11,12,5,23,0,28,0,17,20,28,-26,-19,-94,-56,-83,-1,-88,-7,0,-41.0,-30.0,0.0,0.0,52.0,0.0,0.0,-81.0,39.0,14.0,64.0,63.0,116.0,68.0,59.0,42.0,47.0,25.0,34.0,-110.0,-83.0,-69.0,-97.0,-221.0,-177.0,-233.0,-200.0,-240.0,-238.0,-227.0,-208.0,-233.0,48.0,30.0,23.0,25.0,18.0,14.0,26.0,12.0,305.0,260.0,367.0,27.0,104.0,-22.0,0.0,0.0,573.0,536.0,836.0,782.0,855.0,869.0,861.0,850.0,,,,,,,,,,,,,,,,,,,,,,,,,,,,,,,,,,,,,,,,,,,,,,,,,,,,,,,,,,,,,,,,,,,,,,,,,,,,,,,,,,,,,,,,,,,,,,,,,,,,,,,,,,,,
15,27,50,45,45,29,40,22,48,37,55,16,22,12,42,14,51,24,25,26,51,34,53,41,41,32,35,33,29.0,29.0,43.0,17.0,37.0,1.0,101.0,41.0,54.0,31.0,81.0,-5.0,72.0,60.0,50.0,40.0,43.0,-22.0,59.0,67.0,56.0,0.0,0.0,0.0,,,,,,,,,,,,,,,,,,,,,,,,,,,,,,,,,,,,,,,,,,,,,,,,,,,,,,,,,,,,,,,,,,,,,,,,,,,,,,,,,,,,,,,,,,,,,,,,,,,,,,,,,,,,,,,,,,,,,,,,,,,,,,,,,,,,,,,,,,,,
16,32,43,23,15,19,57,47,49,35,42,19,50,17,23,8,16,5,34,7,26,22,33,27,35,27,43,30,44.0,19.0,28.0,0.0,1.0,-6.0,-12.0,-6.0,20.0,9.0,34.0,-3.0,6.0,-14.0,0.0,-20.0,0.0,-25.0,-12.0,-31.0,26.0,-30.0,13.0,-5.0,34.0,-17.0,-17.0,-66.0,-62.0,-100.0,-17.0,-26.0,-30.0,-32.0,-28.0,-29.0,-5.0,0.0,32.0,42.0,62.0,39.0,62.0,37.0,54.0,60.0,149.0,131.0,133.0,113.0,170.0,145.0,147.0,154.0,149.0,49.0,285.0,281.0,278.0,277.0,285.0,207.0,392.0,280.0,301.0,300.0,308.0,330.0,310.0,344.0,383.0,453.0,459.0,379.0,415.0,334.0,487.0,515.0,703.0,684.0,698.0,702.0,651.0,767.0,743.0,782.0,856.0,830.0,845.0,851.0,860.0,903.0,,,,,,,,,,,,,,,,,,,,,,,,,,,,,,,,,,,,,,,,,,,,,,,,,,,,,,,,,,,,,,,,,,,,,,,,
17,21,46,42,31,36,26,31,38,27,35,39,40,37,70,71,74,54,66,44,63,36,64,54,72,67,85,86,76.0,78.0,84.0,11.0,-1.0,-4.0,0.0,0.0,26.0,-2.0,12.0,5.0,1.0,0.0,11.0,6.0,11.0,3.0,33.0,6.0,30.0,26.0,15.0,8.0,23.0,0.0,0.0,0.0,7.0,6.0,16.0,-22.0,0.0,0.0,-6.0,-21.0,-12.0,-40.0,-37.0,-48.0,-33.0,-71.0,-36.0,-67.0,-21.0,-26.0,-29.0,-31.0,-33.0,-30.0,-30.0,-78.0,-11.0,-42.0,-61.0,-53.0,-101.0,-104.0,-88.0,-164.0,-152.0,-704.0,-852.0,-863.0,-905.0,-925.0,-952.0,-987.0,-993.0,-1003.0,-1003.0,-1003.0,-1100.0,-1110.0,-1018.0,-1273.0,-1281.0,-1296.0,-1328.0,,,,,,,,,,,,,,,,,,,,,,,,,,,,,,,,,,,,,,,,,,,,,,,,,,,,,,,,,,,,,,,,,,,,,,,,,,,,,,,,,,,,,
18,13,25,28,66,22,28,16,22,20,20,19,28,-10,5,0,14,4,12,-8,16,14,30,33,47,27,98,26,54.0,35.0,40.0,12.0,29.0,-17.0,43.0,47.0,71.0,75.0,92.0,79.0,234.0,217.0,253.0,35.0,23.0,-33.0,34.0,0.0,83.0,58.0,128.0,123.0,286.0,85.0,164.0,65.0,372.0,182.0,354.0,6.0,26.0,-107.0,-101.0,-95.0,-95.0,-110.0,-91.0,-105.0,-62.0,-96.0,-47.0,-87.0,-65.0,-130.0,-71.0,-78.0,-64.0,-65.0,-56.0,-66.0,-55.0,-65.0,-46.0,-61.0,-43.0,-98.0,-69.0,-61.0,-59.0,-63.0,-60.0,-56.0,-50.0,-55.0,-38.0,-75.0,-45.0,-59.0,-51.0,-39.0,-10.0,-20.0,-5.0,-10.0,-7.0,-9.0,-9.0,-10.0,0.0,-11.0,-13.0,-11.0,62.0,-13.0,0.0,0.0,0.0,0.0,0.0,0.0,0.0,0.0,0.0,-13.0,-8.0,-8.0,0.0,-24.0,-18.0,-16.0,-13.0,-18.0,-15.0,-18.0,0.0,0.0,0.0,-14.0,-3.0,-3.0,0.0,-19.0,0.0,-5.0,,,,,,,,,,,,,,,,,,,,,,,,,,,,,,,,,,,,,,,,,,,,,,,,
19,33,45,52,33,30,47,43,70,44,87,79,88,74,65,37,68,33,49,34,30,33,63,61,67,0,5,2,27.0,0.0,38.0,26.0,25.0,17.0,84.0,33.0,61.0,46.0,62.0,-8.0,20.0,-42.0,9.0,-32.0,-1.0,0.0,0.0,0.0,0.0,-137.0,-124.0,-116.0,-112.0,-213.0,-191.0,-262.0,-235.0,-272.0,-85.0,-144.0,-23.0,-16.0,-7.0,-34.0,22.0,23.0,37.0,0.0,3.0,5.0,4.0,-9.0,103.0,73.0,96.0,99.0,96.0,87.0,140.0,70.0,186.0,137.0,240.0,116.0,176.0,105.0,265.0,141.0,122.0,86.0,107.0,110.0,129.0,139.0,112.0,84.0,143.0,151.0,91.0,102.0,107.0,55.0,50.0,78.0,78.0,58.0,63.0,100.0,246.0,297.0,297.0,299.0,281.0,49.0,32.0,31.0,29.0,31.0,29.0,7.0,90.0,10.0,0.0,0.0,74.0,68.0,57.0,40.0,17.0,0.0,0.0,0.0,0.0,0.0,0.0,0.0,0.0,0.0,0.0,0.0,0.0,0.0,0.0,0.0,0.0,0.0,0.0,0.0,0.0,0.0,0.0,0.0,0.0,0.0,0.0,0.0,0.0,0.0,0.0,0.0,0.0,0.0,0.0,0.0,0.0,0.0,0.0,0.0,,,,,,,,,,,,,,,,,,,,,,,,
20,31,43,44,52,60,67,62,75,62,80,65,73,69,74,54,77,87,75,77,101,79,77,89,170,109,164,152,187.0,140.0,193.0,186.0,217.0,207.0,193.0,200.0,221.0,120.0,336.0,242.0,233.0,115.0,178.0,99.0,70.0,88.0,86.0,-31.0,-37.0,-39.0,-32.0,-53.0,-12.0,-35.0,-16.0,-6.0,8.0,-128.0,-115.0,-114.0,-75.0,-119.0,-45.0,-46.0,0.0,-22.0,-32.0,-29.0,-23.0,-27.0,98.0,70.0,99.0,95.0,162.0,152.0,108.0,107.0,187.0,109.0,143.0,132.0,142.0,74.0,138.0,53.0,68.0,84.0,78.0,0.0,164.0,142.0,233.0,124.0,149.0,140.0,202.0,101.0,185.0,147.0,313.0,115.0,326.0,239.0,290.0,170.0,191.0,147.0,154.0,103.0,242.0,132.0,108.0,125.0,242.0,0.0,99.0,0.0,,,,,,,,,,,,,,,,,,,,,,,,,,,,,,,,,,,,,,,,,,,,,,,,,,,,,,,,,,,,,,,,,,,,,,,,,,
21,15,28,17,25,24,31,40,37,12,6,15,37,35,37,25,35,30,41,33,64,58,61,48,47,52,59,37,41.0,38.0,45.0,38.0,35.0,25.0,53.0,25.0,35.0,17.0,57.0,14.0,50.0,29.0,31.0,26.0,34.0,19.0,39.0,32.0,51.0,17.0,24.0,-62.0,52.0,47.0,62.0,46.0,53.0,60.0,54.0,61.0,63.0,42.0,113.0,108.0,108.0,103.0,102.0,103.0,125.0,98.0,140.0,119.0,121.0,112.0,124.0,99.0,112.0,120.0,120.0,113.0,145.0,114.0,120.0,96.0,153.0,124.0,114.0,0.0,131.0,135.0,477.0,470.0,,,,,,,,,,,,,,,,,,,,,,,,,,,,,,,,,,,,,,,,,,,,,,,,,,,,,,,,,,,,,,,,,,,,,,,,,,,,,,,,,,,,,,,,,,,,,,,,,,,,
22,35,56,40,62,47,69,64,75,69,78,52,46,48,58,18,47,46,65,52,72,40,50,23,31,-35,25,-6,23.0,42.0,40.0,-12.0,0.0,-8.0,56.0,53.0,59.0,37.0,40.0,12.0,57.0,-47.0,-21.0,-43.0,-22.0,-57.0,-69.0,-84.0,-37.0,-69.0,7.0,-8.0,24.0,9.0,-4.0,-7.0,6.0,-39.0,0.0,-40.0,-28.0,-68.0,-56.0,-73.0,-31.0,-85.0,-68.0,-78.0,-22.0,-36.0,0.0,-15.0,-6.0,-14.0,-15.0,-45.0,-44.0,-24.0,-9.0,-7.0,-2.0,0.0,0.0,-28.0,0.0,0.0,0.0,-31.0,5.0,0.0,3.0,2.0,3.0,0.0,0.0,0.0,0.0,0.0,8.0,0.0,0.0,0.0,0.0,0.0,0.0,0.0,0.0,0.0,0.0,0.0,0.0,0.0,0.0,0.0,0.0,0.0,0.0,0.0,0.0,0.0,0.0,0.0,0.0,0.0,0.0,0.0,0.0,0.0,0.0,,,,,,,,,,,,,,,,,,,,,,,,,,,,,,,,,,,,,,,,,,,,,,,,,,,,,,,,,,,,,,,
23,5,26,23,24,22,47,28,38,31,33,19,40,10,40,9,29,32,48,24,16,-23,24,12,28,2,39,-93,-98.0,-70.0,-6.0,-92.0,-114.0,-163.0,-134.0,-120.0,-51.0,-83.0,-15.0,-37.0,-3.0,-13.0,17.0,-12.0,0.0,-118.0,-84.0,-251.0,66.0,-138.0,-12.0,-15.0,0.0,-31.0,-8.0,-9.0,122.0,108.0,120.0,92.0,110.0,109.0,124.0,144.0,154.0,111.0,151.0,133.0,131.0,141.0,153.0,139.0,154.0,150.0,162.0,103.0,142.0,126.0,124.0,108.0,170.0,77.0,110.0,107.0,319.0,146.0,219.0,131.0,200.0,91.0,134.0,89.0,163.0,40.0,150.0,83.0,138.0,137.0,161.0,148.0,149.0,161.0,155.0,147.0,498.0,76.0,86.0,72.0,82.0,77.0,77.0,82.0,158.0,93.0,71.0,-97.0,-125.0,-144.0,-112.0,-109.0,-103.0,-146.0,-160.0,-203.0,-107.0,-103.0,-120.0,-200.0,-181.0,-245.0,-373.0,-414.0,-440.0,-509.0,-262.0,-334.0,-400.0,-400.0,-401.0,-400.0,-101.0,-451.0,-440.0,-509.0,-599.0,-525.0,-449.0,-647.0,-662.0,-850.0,-850.0,-972.0,-748.0,-736.0,-739.0,-792.0,-736.0,-909.0,-768.0,-972.0,-967.0,-1094.0,-1112.0,-1244.0,-1262.0,-1263.0,-801.0,,,,,,,,,,,,,,,,,,,,,,,,,
24,25,46,29,53,27,37,33,48,26,26,21,28,4,31,7,25,14,70,43,47,55,104,99,174,88,102,35,78.0,74.0,92.0,49.0,61.0,50.0,66.0,35.0,71.0,52.0,69.0,62.0,78.0,66.0,67.0,28.0,137.0,125.0,124.0,133.0,146.0,130.0,225.0,111.0,170.0,142.0,110.0,133.0,124.0,142.0,156.0,72.0,96.0,81.0,74.0,69.0,143.0,86.0,59.0,39.0,17.0,2.0,-5.0,-4.0,0.0,-3.0,0.0,0.0,0.0,0.0,0.0,0.0,2.0,0.0,1.0,2.0,0.0,12.0,12.0,0.0,9.0,4.0,20.0,12.0,12.0,0.0,18.0,0.0,24.0,26.0,15.0,25.0,12.0,13.0,18.0,13.0,16.0,0.0,155.0,20.0,31.0,6.0,8.0,8.0,2.0,2.0,56.0,0.0,1.0,0.0,0.0,0.0,0.0,0.0,0.0,0.0,0.0,0.0,0.0,0.0,0.0,0.0,0.0,0.0,0.0,0.0,0.0,0.0,0.0,0.0,0.0,0.0,0.0,0.0,0.0,0.0,0.0,0.0,0.0,,,,,,,,,,,,,,,,,,,,,,,,,,,,,,,,,,,,,,,,,,,,,
25,30,31,19,51,40,54,38,38,25,34,25,46,8,40,39,33,33,39,24,18,21,47,27,26,0,0,-1,50.0,33.0,14.0,13.0,18.0,0.0,,,,,,,,,,,,,,,,,,,,,,,,,,,,,,,,,,,,,,,,,,,,,,,,,,,,,,,,,,,,,,,,,,,,,,,,,,,,,,,,,,,,,,,,,,,,,,,,,,,,,,,,,,,,,,,,,,,,,,,,,,,,,,,,,,,,,,,,,,,,,,,,,,,,,,,,,,,,,,
26,34,48,37,51,38,30,27,52,40,73,50,76,46,37,38,35,41,34,15,29,25,26,11,23,20,19,11,99.0,71.0,99.0,81.0,86.0,42.0,57.0,50.0,55.0,40.0,57.0,68.0,57.0,63.0,63.0,39.0,86.0,7.0,50.0,3.0,49.0,55.0,75.0,82.0,191.0,20.0,54.0,25.0,18.0,7.0,38.0,15.0,73.0,89.0,98.0,62.0,92.0,45.0,158.0,160.0,222.0,213.0,219.0,213.0,225.0,212.0,226.0,190.0,257.0,239.0,291.0,333.0,415.0,403.0,436.0,413.0,433.0,237.0,247.0,234.0,229.0,207.0,276.0,202.0,208.0,129.0,272.0,159.0,247.0,248.0,369.0,408.0,420.0,398.0,488.0,493.0,509.0,512.0,9998.0,9999.0,,,,,,,,,,,,,,,,,,,,,,,,,,,,,,,,,,,,,,,,,,,,,,,,,,,,,,,,,,,,,,,,,,,,,,,,,,,,,,,,,,,,
27,25,59,31,35,27,33,52,52,25,20,25,30,18,30,27,31,23,28,-10,25,32,14,25,32,23,49,0,0.0,-20.0,-12.0,-6.0,9.0,-30.0,-10.0,-6.0,-14.0,-19.0,-4.0,-52.0,-27.0,-35.0,43.0,0.0,0.0,0.0,0.0,0.0,0.0,0.0,0.0,7.0,0.0,0.0,3.0,4.0,0.0,0.0,1.0,4.0,12.0,9.0,9.0,13.0,0.0,0.0,,,,,,,,,,,,,,,,,,,,,,,,,,,,,,,,,,,,,,,,,,,,,,,,,,,,,,,,,,,,,,,,,,,,,,,,,,,,,,,,,,,,,,,,,,,,,,,,,,,,,,,,,,,,,,,,,,,,,,,,,,,,,,
28,35,49,44,50,50,65,40,56,48,86,58,51,75,93,57,52,22,46,51,53,38,43,25,54,-29,0,-51,62.0,40.0,49.0,28.0,72.0,62.0,61.0,54.0,188.0,73.0,83.0,80.0,70.0,63.0,72.0,73.0,89.0,48.0,84.0,-37.0,119.0,45.0,61.0,62.0,70.0,51.0,101.0,98.0,149.0,125.0,487.0,-100.0,84.0,11.0,-13.0,-1.0,0.0,0.0,0.0,0.0,36.0,0.0,0.0,-31.0,-5.0,-2.0,-6.0,-3.0,-1.0,-2.0,18.0,11.0,76.0,10.0,27.0,11.0,12.0,15.0,20.0,5.0,22.0,28.0,56.0,76.0,138.0,85.0,116.0,120.0,136.0,116.0,134.0,18.0,304.0,112.0,905.0,217.0,489.0,539.0,538.0,540.0,496.0,487.0,502.0,516.0,489.0,498.0,548.0,515.0,512.0,512.0,529.0,510.0,585.0,621.0,659.0,658.0,643.0,700.0,787.0,788.0,,,,,,,,,,,,,,,,,,,,,,,,,,,,,,,,,,,,,,,,,,,,,,,,,,,,,,,,,,,,,,,,
29,30,47,26,25,25,46,30,20,26,37,23,24,7,12,-8,-7,7,-8,-13,24,-14,7,-10,-8,-62,-35,-53,26.0,-51.0,-37.0,-44.0,-52.0,-48.0,-46.0,-62.0,1.0,-19.0,32.0,-1.0,9.0,-72.0,-88.0,-77.0,-20.0,-86.0,-23.0,-39.0,-25.0,-32.0,-56.0,-17.0,-40.0,-15.0,0.0,0.0,,,,,,,,,,,,,,,,,,,,,,,,,,,,,,,,,,,,,,,,,,,,,,,,,,,,,,,,,,,,,,,,,,,,,,,,,,,,,,,,,,,,,,,,,,,,,,,,,,,,,,,,,,,,,,,,,,,,,,,,,,,,,,,,,,,,,,,,
30,33,49,51,52,35,71,50,71,63,72,46,77,71,82,61,77,4,69,45,78,41,48,40,74,35,42,21,8.0,36.0,16.0,15.0,16.0,0.0,0.0,-63.0,-25.0,-96.0,-86.0,-44.0,-36.0,-59.0,-39.0,-79.0,0.0,0.0,0.0,0.0,40.0,63.0,59.0,43.0,75.0,115.0,114.0,125.0,139.0,76.0,89.0,60.0,82.0,73.0,86.0,66.0,55.0,62.0,86.0,86.0,93.0,60.0,92.0,47.0,83.0,48.0,50.0,39.0,35.0,5.0,49.0,0.0,13.0,12.0,29.0,46.0,43.0,50.0,31.0,31.0,40.0,23.0,,,,,,,,,,,,,,,,,,,,,,,,,,,,,,,,,,,,,,,,,,,,,,,,,,,,,,,,,,,,,,,,,,,,,,,,,,,,,,,,,,,,,,,,,,,,,,,,,,,,,,
31,24,42,32,51,20,27,20,17,0,3,0,10,7,25,17,27,37,56,36,40,27,29,13,147,97,149,132,204.0,-25.0,-19.0,-50.0,0.0,0.0,-23.0,-37.0,-37.0,-46.0,69.0,0.0,0.0,8.0,0.0,4.0,61.0,55.0,171.0,63.0,121.0,75.0,45.0,55.0,104.0,17.0,62.0,52.0,134.0,125.0,817.0,842.0,848.0,488.0,497.0,500.0,531.0,511.0,566.0,611.0,742.0,575.0,568.0,523.0,508.0,540.0,537.0,540.0,569.0,551.0,919.0,924.0,959.0,462.0,466.0,478.0,784.0,455.0,521.0,554.0,741.0,441.0,567.0,446.0,500.0,458.0,547.0,512.0,649.0,588.0,662.0,648.0,874.0,871.0,972.0,1081.0,,,,,,,,,,,,,,,,,,,,,,,,,,,,,,,,,,,,,,,,,,,,,,,,,,,,,,,,,,,,,,,,,,,,,,,,,,,,,,,,,,,,,,,,
32,29,44,29,28,16,28,27,31,31,34,25,65,55,65,48,58,0,-5,-42,0,-12,0,-70,11,0,49,35,58.0,29.0,22.0,28.0,36.0,27.0,41.0,30.0,52.0,62.0,87.0,75.0,91.0,37.0,184.0,135.0,212.0,88.0,286.0,221.0,274.0,346.0,340.0,212.0,256.0,188.0,371.0,336.0,398.0,310.0,388.0,285.0,387.0,432.0,439.0,213.0,220.0,189.0,176.0,111.0,410.0,291.0,322.0,330.0,365.0,377.0,343.0,405.0,406.0,385.0,389.0,319.0,397.0,206.0,218.0,4.0,9.0,17.0,9.0,14.0,8.0,17.0,11.0,16.0,11.0,0.0,0.0,0.0,0.0,0.0,0.0,0.0,,,,,,,,,,,,,,,,,,,,,,,,,,,,,,,,,,,,,,,,,,,,,,,,,,,,,,,,,,,,,,,,,,,,,,,,,,,,,,,,,,,,,,,,,,,,
33,21,36,21,17,13,14,18,25,19,27,34,32,40,47,25,55,-15,106,99,128,92,96,82,139,129,129,121,103.0,94.0,107.0,65.0,67.0,31.0,41.0,15.0,29.0,19.0,98.0,9.0,56.0,0.0,81.0,48.0,111.0,81.0,87.0,13.0,131.0,86.0,221.0,39.0,62.0,60.0,74.0,63.0,62.0,49.0,67.0,35.0,36.0,12.0,0.0,0.0,0.0,0.0,0.0,-82.0,-49.0,-69.0,-27.0,-36.0,-24.0,-62.0,-13.0,-12.0,-12.0,-18.0,0.0,0.0,0.0,0.0,0.0,-13.0,0.0,0.0,0.0,-11.0,-11.0,-4.0,-4.0,-12.0,-3.0,-7.0,0.0,0.0,0.0,0.0,0.0,0.0,0.0,0.0,0.0,0.0,0.0,-24.0,0.0,-19.0,0.0,0.0,0.0,0.0,-18.0,-9.0,-13.0,-7.0,576.0,592.0,656.0,675.0,698.0,610.0,685.0,715.0,733.0,766.0,781.0,751.0,793.0,597.0,598.0,572.0,607.0,650.0,719.0,731.0,732.0,732.0,936.0,605.0,677.0,732.0,732.0,732.0,735.0,725.0,763.0,786.0,,,,,,,,,,,,,,,,,,,,,,,,,,,,,,,,,,,,,,,,,,,,
34,12,52,52,51,42,41,29,46,32,41,37,50,36,70,45,60,58,61,34,59,42,83,23,21,25,28,36,,,,,,,,,,,,,,,,,,,,,,,,,,,,,,,,,,,,,,,,,,,,,,,,,,,,,,,,,,,,,,,,,,,,,,,,,,,,,,,,,,,,,,,,,,,,,,,,,,,,,,,,,,,,,,,,,,,,,,,,,,,,,,,,,,,,,,,,,,,,,,,,,,,,,,,,,,,,,,,,,,,,
35,23,33,25,40,28,50,10,35,21,43,25,55,34,52,26,44,28,43,17,45,25,40,21,45,19,42,17,8.0,-17.0,6.0,1.0,41.0,3.0,31.0,0.0,10.0,-17.0,-17.0,-16.0,17.0,-56.0,0.0,-38.0,-30.0,-74.0,-37.0,-95.0,-72.0,-72.0,-76.0,-75.0,-8.0,-5.0,-3.0,0.0,0.0,0.0,0.0,-11.0,-7.0,-14.0,-14.0,-16.0,-12.0,-11.0,-9.0,-9.0,-3.0,-13.0,-5.0,-3.0,0.0,-26.0,-21.0,-9.0,-9.0,-15.0,-12.0,-3.0,-2.0,-2.0,-1.0,0.0,0.0,0.0,0.0,0.0,0.0,0.0,0.0,0.0,0.0,0.0,0.0,0.0,0.0,0.0,0.0,0.0,-3.0,0.0,0.0,0.0,-3.0,0.0,0.0,0.0,0.0,-18.0,-7.0,-34.0,-13.0,-50.0,-9.0,-262.0,0.0,-16.0,0.0,-6.0,0.0,0.0,0.0,0.0,0.0,0.0,0.0,0.0,0.0,0.0,0.0,0.0,,,,,,,,,,,,,,,,,,,,,,,,,,,,,,,,,,,,,,,,,,,,,,,,,,,,,,,,,,,,
36,26,33,30,86,72,112,106,137,150,148,123,87,66,213,231,233,218,229,217,223,201,219,158,159,200,197,192,237.0,75.0,84.0,62.0,87.0,48.0,76.0,-27.0,57.0,32.0,53.0,-140.0,-102.0,-462.0,-456.0,-608.0,-609.0,-579.0,-232.0,-226.0,-194.0,-320.0,-307.0,-355.0,-300.0,-308.0,-287.0,-381.0,-210.0,-210.0,-168.0,-159.0,-180.0,-168.0,-209.0,-283.0,-280.0,-268.0,-170.0,-219.0,-185.0,-171.0,-155.0,-198.0,-112.0,-162.0,-140.0,-139.0,-121.0,-142.0,-138.0,-202.0,-196.0,-182.0,-175.0,-202.0,-193.0,-202.0,-90.0,-253.0,-166.0,-182.0,-116.0,-265.0,0.0,-201.0,-186.0,-185.0,0.0,-185.0,-139.0,-150.0,0.0,-198.0,-133.0,-151.0,-112.0,-162.0,-146.0,-256.0,-225.0,-238.0,-211.0,-217.0,-222.0,-371.0,-354.0,-432.0,-434.0,-458.0,-251.0,-359.0,-457.0,-470.0,-11.0,-479.0,-439.0,-489.0,-510.0,-536.0,-529.0,-555.0,-475.0,-486.0,-270.0,-461.0,-472.0,-504.0,0.0,-406.0,-476.0,-566.0,-23.0,-28.0,-15.0,-12.0,0.0,-18.0,0.0,0.0,499.0,,,,,,,,,,,,,,,,,,,,,,,,,,,,,,,,,,,,,,,,,,,
37,16,68,47,75,72,96,60,81,85,78,59,62,44,79,67,131,114,202,169,180,173,244,30,67,64,44,51,62.0,58.0,42.0,37.0,65.0,40.0,95.0,54.0,60.0,-22.0,7.0,0.0,15.0,10.0,18.0,9.0,21.0,21.0,37.0,-7.0,19.0,-5.0,11.0,16.0,52.0,40.0,46.0,46.0,49.0,0.0,93.0,18.0,49.0,0.0,63.0,50.0,60.0,58.0,55.0,46.0,67.0,54.0,65.0,53.0,40.0,25.0,15.0,20.0,10.0,0.0,0.0,5.0,17.0,28.0,20.0,10.0,80.0,-184.0,-165.0,-157.0,-132.0,-167.0,-206.0,-249.0,-186.0,-157.0,0.0,0.0,25.0,17.0,9.0,0.0,58.0,-9.0,0.0,2.0,2.0,-21.0,-5.0,-55.0,-37.0,-34.0,0.0,0.0,0.0,-355.0,,,,,,,,,,,,,,,,,,,,,,,,,,,,,,,,,,,,,,,,,,,,,,,,,,,,,,,,,,,,,,,,,,,,,,,,,,,,,,
38,36,40,9,20,-11,17,1,23,9,14,-1,3,0,-1,4,12,-9,12,12,25,16,17,-7,39,6,15,13,17.0,0.0,54.0,37.0,106.0,86.0,79.0,76.0,93.0,68.0,91.0,75.0,85.0,76.0,102.0,68.0,71.0,48.0,104.0,99.0,182.0,163.0,201.0,141.0,120.0,116.0,208.0,145.0,402.0,364.0,345.0,290.0,789.0,781.0,802.0,852.0,,,,,,,,,,,,,,,,,,,,,,,,,,,,,,,,,,,,,,,,,,,,,,,,,,,,,,,,,,,,,,,,,,,,,,,,,,,,,,,,,,,,,,,,,,,,,,,,,,,,,,,,,,,,,,,,,,,,,,,,,,,,,,,,
39,18,34,10,25,17,28,20,20,-5,-5,-22,24,27,29,-51,58,29,42,48,51,51,66,53,86,76,100,78,74.0,45.0,96.0,100.0,118.0,80.0,112.0,106.0,173.0,45.0,212.0,211.0,221.0,194.0,226.0,188.0,246.0,205.0,225.0,181.0,170.0,112.0,211.0,28.0,43.0,24.0,49.0,48.0,74.0,2.0,99.0,80.0,270.0,261.0,341.0,135.0,178.0,123.0,164.0,107.0,91.0,-1.0,-7.0,1.0,0.0,3.0,28.0,28.0,35.0,0.0,39.0,18.0,7.0,-27.0,14.0,15.0,13.0,17.0,35.0,0.0,51.0,25.0,120.0,1.0,3.0,0.0,254.0,0.0,0.0,-6.0,0.0,-77.0,55.0,0.0,3.0,0.0,0.0,0.0,0.0,0.0,0.0,0.0,0.0,0.0,0.0,0.0,,,,,,,,,,,,,,,,,,,,,,,,,,,,,,,,,,,,,,,,,,,,,,,,,,,,,,,,,,,,,,,,,,,,,,,,,,,,,,
40,35,43,29,45,28,39,0,16,3,28,17,23,17,35,-10,10,-63,31,-25,43,2,6,2,9,25,9,5,-11.0,-36.0,-14.0,-36.0,-26.0,-61.0,-44.0,-50.0,-40.0,-125.0,-107.0,-110.0,-54.0,-63.0,-5.0,-174.0,-71.0,-155.0,52.0,-83.0,-61.0,-103.0,15.0,-71.0,-40.0,-65.0,-79.0,-93.0,0.0,-337.0,-326.0,-425.0,-274.0,-313.0,-285.0,-406.0,-46.0,-94.0,-91.0,-85.0,-75.0,-79.0,-62.0,-60.0,-61.0,-218.0,-139.0,-141.0,-169.0,-163.0,-164.0,-159.0,-66.0,-64.0,-11.0,-18.0,-1.0,0.0,-7.0,-7.0,-7.0,-14.0,-13.0,-25.0,-16.0,-27.0,-24.0,-27.0,-17.0,-34.0,-17.0,-23.0,-20.0,-28.0,-20.0,-24.0,-22.0,-23.0,-15.0,-23.0,-13.0,-26.0,-21.0,-24.0,-15.0,-19.0,-15.0,-17.0,0.0,-7.0,,,,,,,,,,,,,,,,,,,,,,,,,,,,,,,,,,,,,,,,,,,,,,,,,,,,,,,,,,,,,,,,,,,,,,,,,,
41,28,50,41,53,53,68,35,70,51,61,57,57,57,62,44,76,22,28,11,50,29,40,18,42,33,37,8,21.0,0.0,2.0,-11.0,-5.0,-4.0,4.0,-6.0,33.0,12.0,32.0,12.0,15.0,-1.0,1.0,-19.0,-8.0,-14.0,23.0,0.0,10.0,12.0,47.0,45.0,56.0,51.0,51.0,14.0,0.0,0.0,79.0,51.0,375.0,201.0,290.0,114.0,122.0,117.0,115.0,105.0,98.0,93.0,128.0,118.0,136.0,87.0,92.0,45.0,66.0,58.0,124.0,26.0,202.0,28.0,25.0,25.0,28.0,25.0,24.0,21.0,24.0,19.0,30.0,34.0,28.0,16.0,36.0,25.0,25.0,32.0,28.0,0.0,32.0,,,,,,,,,,,,,,,,,,,,,,,,,,,,,,,,,,,,,,,,,,,,,,,,,,,,,,,,,,,,,,,,,,,,,,,,,,,,,,,,,,,,,,,,,,,
42,20,46,17,27,0,20,8,21,15,24,-12,4,-26,-10,-22,-18,-18,-18,-25,-5,-25,-20,-62,-13,-70,-56,-59,-42.0,-67.0,-38.0,-102.0,-85.0,-121.0,-86.0,-83.0,-118.0,-121.0,-117.0,-113.0,-112.0,-126.0,-108.0,-151.0,-155.0,-216.0,-214.0,-225.0,-102.0,-126.0,-85.0,-96.0,-104.0,-99.0,-23.0,-17.0,-47.0,-147.0,-127.0,-136.0,-134.0,-127.0,-115.0,-119.0,-87.0,-165.0,-150.0,-139.0,-147.0,-166.0,-134.0,-125.0,-133.0,-128.0,-119.0,-141.0,-144.0,-177.0,-181.0,-174.0,-260.0,-228.0,-239.0,-223.0,-203.0,-237.0,-225.0,-274.0,-226.0,-221.0,-241.0,-358.0,-374.0,-400.0,-281.0,-234.0,-17.0,-235.0,-223.0,-252.0,-253.0,-283.0,-288.0,-321.0,-91.0,-119.0,-24.0,-2.0,0.0,-3.0,0.0,0.0,0.0,0.0,0.0,0.0,0.0,0.0,0.0,0.0,0.0,0.0,0.0,0.0,0.0,0.0,0.0,0.0,0.0,0.0,0.0,0.0,0.0,,,,,,,,,,,,,,,,,,,,,,,,,,,,,,,,,,,,,,,,,,,,,,,,,,,,,,,,,,,
43,22,61,34,25,11,16,9,15,14,37,30,64,45,42,30,43,31,40,12,24,30,7,0,33,18,25,1,56.0,24.0,5.0,16.0,22.0,22.0,16.0,4.0,43.0,1.0,31.0,11.0,23.0,-15.0,0.0,-18.0,0.0,0.0,10.0,0.0,-2.0,-12.0,169.0,83.0,81.0,62.0,125.0,62.0,161.0,189.0,171.0,171.0,190.0,174.0,365.0,208.0,352.0,162.0,247.0,206.0,319.0,321.0,422.0,390.0,429.0,408.0,427.0,380.0,436.0,375.0,449.0,417.0,599.0,565.0,572.0,588.0,582.0,590.0,606.0,621.0,680.0,673.0,735.0,655.0,650.0,670.0,,,,,,,,,,,,,,,,,,,,,,,,,,,,,,,,,,,,,,,,,,,,,,,,,,,,,,,,,,,,,,,,,,,,,,,,,,,,,,,,,,,,,,,,,,,,,,,,,,
44,30,44,5,17,16,38,-5,26,14,26,-11,-12,-6,63,39,88,67,64,46,62,38,85,75,111,47,142,103,95.0,51.0,52.0,0.0,37.0,34.0,39.0,9.0,88.0,66.0,73.0,11.0,39.0,10.0,17.0,12.0,54.0,32.0,285.0,204.0,233.0,206.0,228.0,194.0,327.0,329.0,372.0,365.0,354.0,325.0,332.0,339.0,508.0,299.0,474.0,341.0,291.0,272.0,311.0,281.0,,,,,,,,,,,,,,,,,,,,,,,,,,,,,,,,,,,,,,,,,,,,,,,,,,,,,,,,,,,,,,,,,,,,,,,,,,,,,,,,,,,,,,,,,,,,,,,,,,,,,,,,,,,,,,,,,,,,,,,,,,,,
45,20,56,53,53,22,26,27,36,24,47,31,26,20,16,3,40,-8,-8,-28,-18,4,-7,-16,12,8,7,-132,-107.0,-87.0,-75.0,-89.0,0.0,1.0,-10.0,-44.0,0.0,-83.0,-9.0,-173.0,-181.0,-186.0,-137.0,-167.0,-75.0,-297.0,-228.0,-288.0,-232.0,-260.0,-157.0,-162.0,-141.0,-178.0,-147.0,-189.0,-225.0,-334.0,-373.0,-431.0,-368.0,-500.0,-380.0,-489.0,-491.0,-535.0,-528.0,-727.0,-482.0,-1149.0,-1350.0,-1464.0,-1549.0,-1627.0,-1739.0,,,,,,,,,,,,,,,,,,,,,,,,,,,,,,,,,,,,,,,,,,,,,,,,,,,,,,,,,,,,,,,,,,,,,,,,,,,,,,,,,,,,,,,,,,,,,,,,,,,,,,,,,,,,,,,,,,,,,
46,28,30,20,93,73,127,125,83,82,127,46,62,43,79,53,47,42,55,37,44,50,70,56,77,45,76,50,90.0,-6.0,1.0,17.0,110.0,104.0,120.0,100.0,79.0,109.0,111.0,76.0,107.0,73.0,198.0,184.0,212.0,101.0,102.0,101.0,122.0,120.0,116.0,60.0,84.0,75.0,113.0,92.0,90.0,69.0,85.0,17.0,42.0,16.0,103.0,40.0,125.0,88.0,149.0,148.0,283.0,-84.0,343.0,354.0,418.0,194.0,350.0,192.0,348.0,230.0,288.0,406.0,420.0,437.0,511.0,320.0,392.0,149.0,464.0,466.0,483.0,423.0,434.0,434.0,699.0,0.0,41.0,0.0,24.0,0.0,31.0,7.0,56.0,0.0,84.0,122.0,566.0,595.0,604.0,648.0,649.0,649.0,654.0,658.0,654.0,695.0,697.0,632.0,,,,,,,,,,,,,,,,,,,,,,,,,,,,,,,,,,,,,,,,,,,,,,,,,,,,,,,,,,,,,,,,,,,,,,,,,,,,
47,32,41,29,46,22,32,17,61,25,23,19,24,9,9,0,17,18,32,25,38,34,74,57,65,57,65,61,62.0,57.0,56.0,53.0,35.0,49.0,40.0,41.0,40.0,19.0,40.0,52.0,56.0,12.0,38.0,14.0,39.0,43.0,44.0,25.0,33.0,14.0,34.0,0.0,64.0,11.0,69.0,-13.0,17.0,0.0,6.0,0.0,10.0,0.0,0.0,-6.0,10.0,0.0,0.0,-62.0,14.0,6.0,34.0,5.0,3.0,0.0,37.0,20.0,36.0,6.0,6.0,0.0,17.0,0.0,20.0,4.0,0.0,0.0,0.0,4.0,9.0,0.0,9.0,0.0,19.0,8.0,0.0,0.0,0.0,-15.0,0.0,-42.0,0.0,0.0,0.0,-4.0,0.0,0.0,17.0,17.0,22.0,0.0,32.0,15.0,85.0,0.0,-21.0,-22.0,18.0,23.0,78.0,89.0,61.0,50.0,38.0,57.0,66.0,70.0,82.0,44.0,46.0,-16.0,0.0,0.0,68.0,0.0,0.0,-2.0,0.0,0.0,0.0,0.0,14.0,2.0,0.0,0.0,0.0,0.0,0.0,0.0,0.0,0.0,167.0,109.0,197.0,171.0,222.0,60.0,75.0,54.0,272.0,337.0,375.0,387.0,478.0,514.0,496.0,536.0,604.0,626.0,661.0,550.0,552.0,0.0,0.0,0.0,0.0,0.0,-71.0,-222.0,-58.0,-49.0,-50.0,-50.0,-10.0,-26.0,-44.0,-59.0,-58.0,-344.0,-50.0,-57.0,-51.0,-51.0
48,23,46,23,40,40,58,27,42,26,40,29,37,39,71,52,61,48,61,33,49,41,54,35,82,40,53,50,63.0,50.0,57.0,46.0,85.0,9.0,6.0,12.0,11.0,0.0,19.0,-9.0,28.0,25.0,36.0,25.0,36.0,26.0,35.0,19.0,29.0,28.0,13.0,7.0,0.0,18.0,15.0,12.0,7.0,4.0,0.0,7.0,9.0,,,,,,,,,,,,,,,,,,,,,,,,,,,,,,,,,,,,,,,,,,,,,,,,,,,,,,,,,,,,,,,,,,,,,,,,,,,,,,,,,,,,,,,,,,,,,,,,,,,,,,,,,,,,,,,,,,,,,,,,,,,,,,,,,,,
49,0,30,11,12,-2,26,18,37,23,23,12,17,15,19,4,6,0,43,53,52,34,100,71,72,79,58,80,66.0,70.0,73.0,47.0,45.0,17.0,27.0,17.0,75.0,89.0,73.0,98.0,99.0,96.0,113.0,96.0,148.0,128.0,197.0,217.0,239.0,192.0,237.0,220.0,200.0,206.0,201.0,195.0,214.0,301.0,321.0,299.0,306.0,294.0,299.0,321.0,334.0,336.0,307.0,291.0,338.0,322.0,372.0,331.0,339.0,295.0,333.0,330.0,457.0,482.0,482.0,518.0,497.0,504.0,500.0,519.0,505.0,521.0,494.0,521.0,514.0,474.0,532.0,604.0,,,,,,,,,,,,,,,,,,,,,,,,,,,,,,,,,,,,,,,,,,,,,,,,,,,,,,,,,,,,,,,,,,,,,,,,,,,,,,,,,,,,,,,,,,,,,,,,,,,,
50,16,27,29,35,27,53,42,45,39,59,54,30,33,44,14,42,27,19,35,31,17,52,12,37,34,60,47,53.0,37.0,69.0,72.0,66.0,40.0,43.0,1.0,0.0,-8.0,-44.0,-30.0,-50.0,-42.0,-46.0,-42.0,-2.0,-22.0,-13.0,-26.0,-12.0,-13.0,-7.0,-23.0,-9.0,-14.0,2.0,-12.0,-3.0,-25.0,-20.0,-23.0,0.0,0.0,0.0,,,,,,,,,,,,,,,,,,,,,,,,,,,,,,,,,,,,,,,,,,,,,,,,,,,,,,,,,,,,,,,,,,,,,,,,,,,,,,,,,,,,,,,,,,,,,,,,,,,,,,,,,,,,,,,,,,,,,,,,,,,,,,,,,
51,23,32,25,22,17,40,24,51,28,33,41,45,43,58,17,35,36,33,40,68,44,113,101,81,75,99,74,83.0,-59.0,-38.0,-52.0,30.0,43.0,42.0,14.0,35.0,16.0,23.0,-73.0,0.0,0.0,0.0,0.0,0.0,0.0,0.0,0.0,0.0,0.0,0.0,,,,,,,,,,,,,,,,,,,,,,,,,,,,,,,,,,,,,,,,,,,,,,,,,,,,,,,,,,,,,,,,,,,,,,,,,,,,,,,,,,,,,,,,,,,,,,,,,,,,,,,,,,,,,,,,,,,,,,,,,,,,,,,,,,,,,,,,,,,,,
52,31,45,45,37,29,81,69,78,54,75,64,88,79,83,85,90,84,95,54,68,77,87,90,94,91,145,90,106.0,84.0,72.0,78.0,76.0,75.0,81.0,78.0,91.0,88.0,91.0,62.0,80.0,58.0,66.0,44.0,50.0,49.0,56.0,65.0,59.0,72.0,65.0,65.0,71.0,53.0,66.0,36.0,69.0,59.0,53.0,60.0,69.0,77.0,100.0,60.0,99.0,60.0,112.0,46.0,69.0,50.0,239.0,62.0,100.0,176.0,175.0,205.0,162.0,223.0,229.0,208.0,656.0,740.0,825.0,845.0,,,,,,,,,,,,,,,,,,,,,,,,,,,,,,,,,,,,,,,,,,,,,,,,,,,,,,,,,,,,,,,,,,,,,,,,,,,,,,,,,,,,,,,,,,,,,,,,,,,,,,,,,,,,
53,30,52,18,36,17,22,14,20,20,21,21,23,22,41,29,26,23,37,28,54,19,91,67,79,74,69,70,210.0,81.0,137.0,127.0,145.0,126.0,165.0,136.0,158.0,162.0,138.0,138.0,157.0,140.0,171.0,110.0,100.0,76.0,111.0,89.0,80.0,103.0,94.0,22.0,220.0,106.0,384.0,237.0,210.0,121.0,176.0,128.0,61.0,104.0,229.0,96.0,217.0,161.0,222.0,175.0,437.0,448.0,517.0,284.0,277.0,279.0,374.0,218.0,260.0,147.0,142.0,178.0,186.0,143.0,171.0,158.0,176.0,78.0,77.0,63.0,96.0,42.0,63.0,53.0,66.0,62.0,42.0,53.0,59.0,17.0,26.0,31.0,30.0,30.0,23.0,19.0,23.0,5.0,9.0,0.0,0.0,0.0,0.0,0.0,0.0,0.0,0.0,0.0,,,,,,,,,,,,,,,,,,,,,,,,,,,,,,,,,,,,,,,,,,,,,,,,,,,,,,,,,,,,,,,,,,,,,,,,,,,,
54,29,56,42,68,20,43,23,36,27,39,5,29,31,35,22,56,40,52,58,25,18,25,13,49,34,33,10,16.0,21.0,27.0,5.0,12.0,10.0,10.0,5.0,38.0,21.0,28.0,31.0,25.0,33.0,51.0,41.0,65.0,24.0,67.0,-84.0,-4.0,-15.0,86.0,46.0,31.0,34.0,34.0,35.0,94.0,94.0,147.0,169.0,186.0,146.0,187.0,121.0,145.0,120.0,176.0,164.0,247.0,226.0,251.0,255.0,219.0,202.0,363.0,382.0,327.0,252.0,333.0,341.0,342.0,290.0,325.0,303.0,316.0,355.0,342.0,390.0,373.0,372.0,426.0,348.0,507.0,530.0,551.0,574.0,560.0,468.0,471.0,530.0,647.0,674.0,752.0,302.0,342.0,321.0,465.0,533.0,427.0,486.0,566.0,562.0,627.0,565.0,627.0,625.0,644.0,738.0,861.0,910.0,959.0,604.0,601.0,588.0,632.0,584.0,637.0,572.0,514.0,497.0,494.0,494.0,502.0,418.0,591.0,542.0,582.0,671.0,921.0,787.0,763.0,759.0,,,,,,,,,,,,,,,,,,,,,,,,,,,,,,,,,,,,,,,,,,,,,,,,,,
55,25,49,28,23,22,49,28,53,2,24,-18,19,12,29,20,37,20,25,24,57,18,33,47,32,28,47,-9,29.0,-38.0,-3.0,-46.0,-10.0,-84.0,-37.0,-60.0,-56.0,-72.0,-49.0,-68.0,-64.0,-62.0,-39.0,-66.0,-3.0,-13.0,-24.0,-3.0,-13.0,-71.0,-40.0,-23.0,-22.0,-17.0,-30.0,-37.0,-6.0,-31.0,-42.0,-89.0,-58.0,,,,,,,,,,,,,,,,,,,,,,,,,,,,,,,,,,,,,,,,,,,,,,,,,,,,,,,,,,,,,,,,,,,,,,,,,,,,,,,,,,,,,,,,,,,,,,,,,,,,,,,,,,,,,,,,,,,,,,,,,,,,,,,,,,,
56,24,49,35,44,42,60,57,64,48,72,62,58,63,60,38,45,23,29,30,38,32,63,-1,-2,-16,0,-3,0.0,-2.0,-16.0,-16.0,7.0,-56.0,-17.0,-10.0,-5.0,-12.0,-14.0,-52.0,2.0,-17.0,-46.0,-38.0,-5.0,-24.0,-20.0,-67.0,-85.0,-80.0,-96.0,-87.0,-78.0,-95.0,-73.0,-77.0,-54.0,-38.0,-38.0,-81.0,0.0,-65.0,-21.0,-49.0,-34.0,-45.0,0.0,0.0,10.0,0.0,0.0,0.0,60.0,50.0,86.0,73.0,83.0,64.0,62.0,0.0,0.0,0.0,13.0,0.0,0.0,0.0,0.0,0.0,0.0,0.0,0.0,0.0,0.0,0.0,0.0,0.0,0.0,0.0,0.0,0.0,0.0,0.0,0.0,0.0,0.0,0.0,0.0,0.0,0.0,,,,,,,,,,,,,,,,,,,,,,,,,,,,,,,,,,,,,,,,,,,,,,,,,,,,,,,,,,,,,,,,,,,,,,,,,,,,,,,,,,,
57,18,55,41,57,20,34,25,31,14,37,40,43,20,31,27,36,28,25,13,25,17,21,15,23,12,11,-16,1.0,-3.0,40.0,23.0,36.0,46.0,48.0,38.0,42.0,25.0,41.0,5.0,59.0,24.0,26.0,0.0,0.0,0.0,0.0,0.0,0.0,0.0,0.0,0.0,0.0,0.0,0.0,0.0,0.0,0.0,0.0,,,,,,,,,,,,,,,,,,,,,,,,,,,,,,,,,,,,,,,,,,,,,,,,,,,,,,,,,,,,,,,,,,,,,,,,,,,,,,,,,,,,,,,,,,,,,,,,,,,,,,,,,,,,,,,,,,,,,,,,,,,,,,,,,,,,,
58,27,46,37,54,23,29,14,25,6,35,29,75,51,39,38,37,48,76,30,74,87,86,38,84,19,84,68,90.0,58.0,43.0,25.0,35.0,24.0,48.0,38.0,46.0,26.0,33.0,-37.0,8.0,3.0,21.0,15.0,51.0,-1.0,7.0,-15.0,-1.0,-11.0,87.0,20.0,20.0,13.0,15.0,0.0,0.0,-5.0,63.0,17.0,68.0,85.0,88.0,60.0,93.0,62.0,99.0,85.0,84.0,58.0,48.0,33.0,18.0,74.0,91.0,12.0,64.0,8.0,7.0,-26.0,-27.0,-12.0,-19.0,-26.0,-46.0,-37.0,8.0,5.0,10.0,0.0,0.0,0.0,-5.0,-29.0,-31.0,-298.0,-335.0,-425.0,-452.0,-738.0,-748.0,,,,,,,,,,,,,,,,,,,,,,,,,,,,,,,,,,,,,,,,,,,,,,,,,,,,,,,,,,,,,,,,,,,,,,,,,,,,,,,,,,,,,,,,,,,
59,30,61,43,43,28,64,59,54,49,72,60,71,61,58,40,30,11,27,41,25,28,31,39,63,19,45,37,34.0,25.0,24.0,15.0,34.0,27.0,23.0,6.0,77.0,55.0,114.0,85.0,76.0,65.0,99.0,95.0,69.0,82.0,108.0,86.0,110.0,84.0,102.0,91.0,99.0,95.0,89.0,41.0,59.0,41.0,37.0,52.0,161.0,165.0,183.0,142.0,211.0,76.0,144.0,108.0,65.0,63.0,83.0,28.0,39.0,33.0,38.0,18.0,78.0,1.0,0.0,0.0,11.0,9.0,8.0,2.0,1.0,3.0,16.0,37.0,25.0,30.0,35.0,20.0,271.0,257.0,568.0,658.0,589.0,468.0,518.0,292.0,398.0,475.0,503.0,500.0,466.0,473.0,550.0,648.0,749.0,344.0,450.0,460.0,448.0,13.0,6.0,6.0,109.0,83.0,704.0,689.0,760.0,776.0,776.0,,,,,,,,,,,,,,,,,,,,,,,,,,,,,,,,,,,,,,,,,,,,,,,,,,,,,,,,,,,,,,,,,,,,,
60,32,48,27,66,57,69,53,70,51,61,62,50,0,29,2,11,0,14,3,75,37,54,58,94,56,96,82,61.0,16.0,65.0,42.0,68.0,70.0,130.0,134.0,146.0,129.0,157.0,138.0,210.0,50.0,241.0,154.0,312.0,290.0,288.0,163.0,198.0,214.0,296.0,325.0,382.0,450.0,501.0,612.0,1076.0,9983.0,9992.0,9993.0,9993.0,9994.0,9994.0,9995.0,,,,,,,,,,,,,,,,,,,,,,,,,,,,,,,,,,,,,,,,,,,,,,,,,,,,,,,,,,,,,,,,,,,,,,,,,,,,,,,,,,,,,,,,,,,,,,,,,,,,,,,,,,,,,,,,,,,,,,,,,,,,,,,,
61,32,33,28,46,41,50,49,60,42,58,28,36,37,27,36,25,12,35,28,28,35,36,27,22,14,19,16,18.0,0.0,4.0,-2.0,7.0,-35.0,-30.0,-28.0,0.0,-25.0,-30.0,-29.0,-20.0,-26.0,0.0,0.0,0.0,0.0,7.0,0.0,3.0,0.0,0.0,0.0,0.0,0.0,10.0,0.0,0.0,0.0,8.0,22.0,36.0,40.0,43.0,24.0,41.0,34.0,33.0,30.0,36.0,30.0,35.0,37.0,33.0,27.0,39.0,42.0,46.0,48.0,44.0,48.0,53.0,27.0,55.0,14.0,37.0,7.0,54.0,11.0,14.0,11.0,40.0,15.0,19.0,15.0,16.0,18.0,22.0,20.0,22.0,7.0,12.0,15.0,11.0,14.0,15.0,12.0,21.0,6.0,15.0,7.0,39.0,22.0,37.0,37.0,37.0,12.0,14.0,6.0,15.0,13.0,13.0,16.0,10.0,13.0,4.0,3.0,2.0,6.0,53.0,10.0,53.0,15.0,16.0,16.0,53.0,8.0,0.0,9.0,11.0,9.0,10.0,10.0,9.0,0.0,9.0,15.0,4.0,0.0,9.0,1.0,2.0,2.0,1.0,1.0,52.0,12.0,6.0,7.0,3.0,2.0,51.0,0.0,3.0,10.0,7.0,0.0,6.0,0.0,0.0,4.0,0.0,0.0,3.0,0.0,0.0,0.0,0.0,0.0,0.0,0.0,0.0,0.0,0.0,-53.0,-3.0,-56.0,-53.0,-52.0,0.0,0.0,0.0,0.0
62,35,47,46,55,43,55,43,47,48,55,38,50,8,10,0,24,20,39,26,20,0,91,43,61,46,61,49,75.0,52.0,54.0,0.0,32.0,27.0,35.0,36.0,50.0,35.0,39.0,35.0,48.0,31.0,91.0,-69.0,-60.0,-80.0,-60.0,-67.0,-70.0,-59.0,-50.0,-84.0,-67.0,-49.0,-28.0,-41.0,-23.0,-11.0,-14.0,-19.0,30.0,-99.0,-117.0,-134.0,-128.0,-124.0,23.0,0.0,0.0,7.0,0.0,5.0,76.0,-50.0,128.0,148.0,191.0,161.0,192.0,141.0,161.0,175.0,277.0,320.0,333.0,344.0,412.0,438.0,490.0,478.0,488.0,492.0,587.0,463.0,540.0,487.0,604.0,621.0,750.0,730.0,729.0,720.0,722.0,736.0,,,,,,,,,,,,,,,,,,,,,,,,,,,,,,,,,,,,,,,,,,,,,,,,,,,,,,,,,,,,,,,,,,,,,,,,,,,,,,,,,,,,,,,,
63,22,37,29,29,28,58,16,22,5,30,2,22,7,27,5,58,46,46,45,47,25,42,28,32,21,29,12,17.0,0.0,10.0,4.0,-8.0,-10.0,0.0,0.0,-1.0,4.0,28.0,0.0,52.0,43.0,46.0,29.0,33.0,6.0,73.0,32.0,76.0,55.0,75.0,21.0,16.0,0.0,0.0,0.0,32.0,0.0,12.0,24.0,14.0,12.0,26.0,6.0,-18.0,-13.0,-17.0,-13.0,16.0,0.0,149.0,147.0,149.0,157.0,152.0,66.0,165.0,168.0,178.0,206.0,212.0,156.0,247.0,227.0,245.0,271.0,293.0,231.0,274.0,206.0,488.0,458.0,508.0,341.0,593.0,602.0,653.0,503.0,534.0,555.0,700.0,542.0,543.0,564.0,583.0,568.0,636.0,548.0,597.0,572.0,614.0,589.0,594.0,612.0,613.0,569.0,,,,,,,,,,,,,,,,,,,,,,,,,,,,,,,,,,,,,,,,,,,,,,,,,,,,,,,,,,,,,,,,,,,,,,,,,,,,
