,0,1,2,3,4,5,6,7,8,9,10,11,12,13,14,15,16,17,18,19,20,21,22,23,24,25,26,27,28,29,30,31,32,33,34,35,36,37,38,39,40,41,42,43,44,45,46,47,48,49,50,51,52,53,54,55,56,57,58,59,60,61,62,63,64,65,66,67,68,69,70,71,72,73,74,75,76,77,78,79,80,81,82,83,84,85,86,87,88,89,90,91,92,93,94,95,96,97,98,99,100,101,102,103,104,105,106,107,108,109,110,111,112,113,114,115,116,117,118,119,120,121,122,123,124,125,126,127,128,129,130,131,132,133,134,135,136,137,138,139,140,141,142,143,144,145,146,147,148,149,150,151,152,153,154,155,156,157,158,159,160,161,162,163,164,165,166,167,168,169,170,171,172,173,174,175,176,177,178,179,180,181,182,183,184,185,186,187,188,189,190,191,192,193,194,195,196
0,32,36,35,37,29,37,28,40,37,39,44,50,38,69,49,52,27,42,24,32,23,47,23,35,29,24,9,11,0,15,0,19,-3,2,-11,12,10,0,-4,0,0,3.0,3.0,24.0,6.0,27.0,0.0,0.0,0.0,8.0,0.0,14.0,0.0,6.0,0.0,11.0,0.0,0.0,0.0,,,,,,,,,,,,,,,,,,,,,,,,,,,,,,,,,,,,,,,,,,,,,,,,,,,,,,,,,,,,,,,,,,,,,,,,,,,,,,,,,,,,,,,,,,,,,,,,,,,,,,,,,,,,,,,,,,,,,,,,,,,,,,,,,,,,,,,,,,
1,17,26,25,60,40,42,12,36,46,62,46,52,40,46,0,15,11,19,3,0,0,0,0,51,-12,-7,-100,-98,-79,-85,-71,0,0,0,0,0,0,0,0,0,0,,,,,,,,,,,,,,,,,,,,,,,,,,,,,,,,,,,,,,,,,,,,,,,,,,,,,,,,,,,,,,,,,,,,,,,,,,,,,,,,,,,,,,,,,,,,,,,,,,,,,,,,,,,,,,,,,,,,,,,,,,,,,,,,,,,,,,,,,,,,,,,,,,,,,,,,,,,,
2,29,53,44,41,28,29,16,45,40,31,23,40,25,35,32,44,45,44,32,42,24,20,15,20,28,37,27,31,-25,28,60,52,60,127,47,51,42,48,40,142,68,20.0,2.0,0.0,2.0,2.0,7.0,0.0,-6.0,-3.0,-9.0,-12.0,-6.0,-5.0,-3.0,-11.0,0.0,0.0,0.0,0.0,-6.0,0.0,0.0,0.0,0.0,0.0,0.0,0.0,0.0,0.0,,,,,,,,,,,,,,,,,,,,,,,,,,,,,,,,,,,,,,,,,,,,,,,,,,,,,,,,,,,,,,,,,,,,,,,,,,,,,,,,,,,,,,,,,,,,,,,,,,,,,,,,,,,,,,,,,,,,,,,,,,,,,,,
3,20,63,44,31,20,38,40,51,43,36,30,38,31,47,45,34,34,32,33,34,35,36,25,35,19,35,24,27,25,27,16,24,11,32,-1,38,-14,-2,-7,1,1,0.0,0.0,0.0,-12.0,0.0,0.0,9.0,0.0,0.0,0.0,0.0,0.0,0.0,-3.0,-4.0,-5.0,-5.0,-2.0,-1.0,0.0,0.0,0.0,0.0,0.0,-6.0,0.0,0.0,0.0,0.0,0.0,0.0,0.0,0.0,0.0,0.0,0.0,0.0,0.0,0.0,0.0,0.0,0.0,0.0,0.0,0.0,0.0,0.0,0.0,0.0,0.0,0.0,0.0,0.0,,,,,,,,,,,,,,,,,,,,,,,,,,,,,,,,,,,,,,,,,,,,,,,,,,,,,,,,,,,,,,,,,,,,,,,,,,,,,,,,,,,,,,,,,,,,,,,,,,,,,,,
4,35,50,24,46,26,29,17,23,29,41,4,30,6,7,8,11,0,12,4,0,17,71,54,66,26,56,47,55,38,39,-9,-6,0,0,-16,0,-13,0,-10,0,0,0.0,0.0,4.0,0.0,0.0,-13.0,-10.0,-5.0,-3.0,-11.0,0.0,0.0,0.0,-1.0,0.0,0.0,9.0,4.0,3.0,-2.0,0.0,0.0,0.0,0.0,0.0,0.0,0.0,-1.0,0.0,-3.0,0.0,0.0,0.0,-3.0,,,,,,,,,,,,,,,,,,,,,,,,,,,,,,,,,,,,,,,,,,,,,,,,,,,,,,,,,,,,,,,,,,,,,,,,,,,,,,,,,,,,,,,,,,,,,,,,,,,,,,,,,,,,,,,,,,,,,,,,,,
5,15,16,19,58,41,47,38,36,40,57,30,66,54,46,34,63,7,60,23,62,65,94,37,78,22,36,10,34,7,74,74,73,59,71,33,50,38,76,46,98,18,29.0,37.0,107.0,0.0,91.0,69.0,63.0,-5.0,0.0,4.0,24.0,-22.0,-4.0,-6.0,0.0,0.0,42.0,-11.0,0.0,-9.0,0.0,0.0,0.0,0.0,0.0,0.0,0.0,0.0,0.0,0.0,0.0,0.0,0.0,-5.0,0.0,0.0,0.0,0.0,0.0,0.0,0.0,,,,,,,,,,,,,,,,,,,,,,,,,,,,,,,,,,,,,,,,,,,,,,,,,,,,,,,,,,,,,,,,,,,,,,,,,,,,,,,,,,,,,,,,,,,,,,,,,,,,,,,,,,,,,,,,,,,
6,14,45,32,50,35,35,24,27,26,28,15,24,24,24,-15,-6,-20,-11,19,46,7,35,0,34,23,97,48,108,83,99,66,81,102,101,98,182,133,126,112,236,167,159.0,119.0,126.0,127.0,215.0,127.0,198.0,-15.0,-39.0,0.0,0.0,-90.0,241.0,323.0,345.0,324.0,354.0,358.0,327.0,375.0,364.0,365.0,384.0,412.0,574.0,615.0,588.0,605.0,602.0,653.0,804.0,628.0,711.0,721.0,738.0,738.0,748.0,764.0,912.0,975.0,,,,,,,,,,,,,,,,,,,,,,,,,,,,,,,,,,,,,,,,,,,,,,,,,,,,,,,,,,,,,,,,,,,,,,,,,,,,,,,,,,,,,,,,,,,,,,,,,,,,,,,,,,,,,,,,,,,,
7,42,45,49,45,29,32,20,46,32,48,22,46,17,48,5,11,15,32,0,0,-17,0,-19,-1,0,79,33,58,7,23,26,19,14,22,22,24,8,26,10,9,8,18.0,8.0,0.0,21.0,5.0,0.0,53.0,0.0,0.0,6.0,4.0,0.0,0.0,0.0,0.0,0.0,0.0,-183.0,128.0,130.0,134.0,150.0,191.0,203.0,559.0,620.0,614.0,646.0,669.0,664.0,675.0,636.0,675.0,675.0,675.0,671.0,735.0,726.0,806.0,675.0,739.0,755.0,749.0,731.0,785.0,708.0,726.0,735.0,747.0,741.0,744.0,759.0,810.0,852.0,,,,,,,,,,,,,,,,,,,,,,,,,,,,,,,,,,,,,,,,,,,,,,,,,,,,,,,,,,,,,,,,,,,,,,,,,,,,,,,,,,,,,,,,,,,,,,,,,,,,,,
8,13,37,29,47,40,33,25,17,13,38,35,12,33,42,26,75,15,62,50,67,47,54,54,60,43,37,22,35,45,83,76,96,34,84,12,0,0,13,-8,1,0,0.0,0.0,0.0,0.0,0.0,0.0,0.0,0.0,0.0,0.0,0.0,0.0,0.0,0.0,0.0,0.0,0.0,0.0,0.0,,,,,,,,,,,,,,,,,,,,,,,,,,,,,,,,,,,,,,,,,,,,,,,,,,,,,,,,,,,,,,,,,,,,,,,,,,,,,,,,,,,,,,,,,,,,,,,,,,,,,,,,,,,,,,,,,,,,,,,,,,,,,,,,,,,,,,,,,
9,24,52,40,41,39,42,23,42,12,0,25,34,21,13,10,3,5,0,-3,13,12,15,12,21,12,22,21,22,3,61,46,35,11,0,2,8,-1,-3,-13,0,-77,-51.0,-131.0,-122.0,-81.0,-80.0,-134.0,-129.0,-138.0,-120.0,-134.0,-139.0,-160.0,-24.0,-47.0,-29.0,-39.0,-21.0,-33.0,-28.0,-44.0,0.0,0.0,0.0,-48.0,,,,,,,,,,,,,,,,,,,,,,,,,,,,,,,,,,,,,,,,,,,,,,,,,,,,,,,,,,,,,,,,,,,,,,,,,,,,,,,,,,,,,,,,,,,,,,,,,,,,,,,,,,,,,,,,,,,,,,,,,,,,,,,,,,,,
10,22,46,32,32,22,35,27,47,12,45,30,34,19,37,25,23,9,17,17,26,23,33,26,33,39,43,27,38,37,65,35,47,46,52,41,48,30,43,39,33,35,36.0,16.0,27.0,29.0,27.0,33.0,30.0,17.0,51.0,36.0,51.0,40.0,44.0,44.0,51.0,36.0,30.0,15.0,44.0,32.0,31.0,32.0,29.0,16.0,24.0,18.0,16.0,16.0,16.0,23.0,22.0,10.0,48.0,30.0,21.0,30.0,0.0,5.0,6.0,0.0,0.0,12.0,0.0,0.0,0.0,20.0,4.0,1.0,1.0,0.0,0.0,0.0,0.0,0.0,0.0,0.0,0.0,0.0,0.0,0.0,0.0,0.0,,,,,,,,,,,,,,,,,,,,,,,,,,,,,,,,,,,,,,,,,,,,,,,,,,,,,,,,,,,,,,,,,,,,,,,,,,,,,,,,,,,,,,,,,,,,,,
11,23,53,28,42,46,41,36,56,27,21,13,25,15,24,12,35,0,13,0,69,18,26,3,25,7,3,4,12,6,0,5,15,0,17,-13,48,123,97,111,96,98,131.0,99.0,158.0,120.0,137.0,117.0,137.0,111.0,150.0,136.0,130.0,115.0,182.0,125.0,151.0,198.0,203.0,138.0,215.0,71.0,64.0,65.0,40.0,33.0,38.0,31.0,64.0,36.0,44.0,31.0,41.0,34.0,32.0,45.0,44.0,27.0,50.0,22.0,27.0,14.0,32.0,22.0,17.0,17.0,28.0,28.0,36.0,23.0,36.0,24.0,37.0,45.0,145.0,111.0,80.0,105.0,170.0,152.0,146.0,143.0,133.0,131.0,149.0,150.0,169.0,149.0,266.0,144.0,289.0,277.0,264.0,231.0,322.0,248.0,231.0,249.0,246.0,246.0,239.0,251.0,253.0,238.0,247.0,248.0,255.0,245.0,251.0,241.0,248.0,224.0,258.0,252.0,247.0,252.0,288.0,224.0,225.0,218.0,238.0,209.0,200.0,191.0,188.0,189.0,198.0,214.0,221.0,207.0,201.0,193.0,205.0,187.0,187.0,213.0,221.0,170.0,204.0,114.0,152.0,141.0,200.0,43.0,57.0,4.0,3.0,1.0,2.0,4.0,0.0,0.0,0.0,0.0,0.0,0.0,0.0,0.0,0.0,0.0,0.0,0.0,0.0,,,,,,,,,,,,,,,
12,28,48,47,62,44,55,37,60,24,64,37,43,20,47,31,42,28,49,1,47,-18,38,25,25,-1,0,14,28,4,30,35,25,36,37,21,17,11,22,13,28,15,158.0,66.0,94.0,96.0,70.0,71.0,87.0,62.0,75.0,57.0,81.0,47.0,65.0,0.0,4.0,-15.0,4.0,-15.0,44.0,31.0,14.0,0.0,-3.0,-14.0,-12.0,-17.0,0.0,-2.0,0.0,0.0,-5.0,-17.0,0.0,-10.0,0.0,0.0,0.0,0.0,-3.0,0.0,0.0,-1.0,-2.0,-7.0,-7.0,-3.0,-5.0,0.0,0.0,0.0,0.0,0.0,0.0,0.0,0.0,0.0,,,,,,,,,,,,,,,,,,,,,,,,,,,,,,,,,,,,,,,,,,,,,,,,,,,,,,,,,,,,,,,,,,,,,,,,,,,,,,,,,,,,,,,,,,,,,,,,,,,,
13,18,54,22,60,43,39,28,41,25,12,-16,-16,-18,-21,-46,0,-33,-13,-23,-9,-44,-8,-15,58,-43,-15,-6,32,17,93,104,104,138,121,100,116,113,158,113,310,115,146.0,167.0,215.0,281.0,303.0,265.0,297.0,304.0,350.0,262.0,251.0,250.0,310.0,288.0,280.0,179.0,201.0,3.0,-9.0,-19.0,-21.0,-5.0,14.0,0.0,61.0,-74.0,0.0,-62.0,90.0,92.0,106.0,83.0,0.0,-12.0,-3.0,-17.0,74.0,-143.0,0.0,-28.0,0.0,0.0,28.0,-65.0,-65.0,-57.0,225.0,230.0,233.0,220.0,450.0,340.0,412.0,201.0,231.0,146.0,147.0,124.0,137.0,140.0,142.0,125.0,241.0,256.0,246.0,258.0,268.0,271.0,318.0,301.0,292.0,297.0,293.0,267.0,324.0,277.0,268.0,220.0,260.0,254.0,312.0,272.0,309.0,256.0,316.0,277.0,380.0,351.0,517.0,518.0,546.0,520.0,550.0,455.0,472.0,312.0,323.0,207.0,234.0,230.0,219.0,161.0,445.0,320.0,314.0,264.0,318.0,280.0,354.0,215.0,179.0,142.0,208.0,85.0,214.0,216.0,328.0,342.0,319.0,275.0,421.0,264.0,323.0,144.0,334.0,250.0,400.0,300.0,391.0,354.0,544.0,508.0,633.0,660.0,706.0,710.0,811.0,852.0,819.0,865.0,,,,,,,,,,,,,,,,
14,26,25,35,35,34,51,13,50,24,40,33,68,49,41,27,32,32,50,38,65,54,75,28,111,40,191,170,209,46,63,27,52,54,59,62,82,-13,139,77,357,-212,-110.0,-142.0,-154.0,-449.0,-44.0,-43.0,-17.0,-97.0,-146.0,-110.0,-145.0,-137.0,-135.0,-134.0,-58.0,-69.0,-54.0,-71.0,-97.0,-159.0,-85.0,-129.0,-128.0,-204.0,-153.0,-271.0,-274.0,-273.0,-281.0,-411.0,-380.0,-556.0,-187.0,-504.0,-331.0,-369.0,-301.0,-373.0,-303.0,-337.0,-249.0,-338.0,-192.0,-225.0,-175.0,-227.0,94.0,82.0,82.0,61.0,418.0,-289.0,-322.0,-345.0,-299.0,-347.0,-351.0,-361.0,-357.0,-364.0,-334.0,-337.0,-303.0,-491.0,-385.0,-835.0,-847.0,-922.0,-573.0,-589.0,-609.0,-897.0,-531.0,,,,,,,,,,,,,,,,,,,,,,,,,,,,,,,,,,,,,,,,,,,,,,,,,,,,,,,,,,,,,,,,,,,,,,,,,,,,,,,,,,,
15,23,29,17,27,28,36,6,16,0,34,32,15,8,40,30,37,26,62,60,65,60,62,39,53,54,53,52,36,26,106,78,73,64,69,-9,0,0,80,64,55,-98,-108.0,-105.0,-100.0,-100.0,-46.0,-26.0,35.0,-52.0,-24.0,-46.0,-1.0,-238.0,79.0,52.0,70.0,2.0,0.0,0.0,29.0,-12.0,-23.0,-41.0,-22.0,-29.0,-30.0,0.0,0.0,-52.0,0.0,-359.0,-35.0,-10.0,115.0,113.0,143.0,133.0,316.0,524.0,576.0,622.0,699.0,636.0,834.0,957.0,1007.0,1056.0,1125.0,1224.0,1710.0,2161.0,3071.0,3590.0,,,,,,,,,,,,,,,,,,,,,,,,,,,,,,,,,,,,,,,,,,,,,,,,,,,,,,,,,,,,,,,,,,,,,,,,,,,,,,,,,,,,,,,,,,,,,,,,,,,,,,,,
16,28,21,23,49,33,36,27,37,36,41,28,44,34,23,24,33,28,35,-12,17,6,19,10,44,11,24,0,4,-14,-5,-22,-28,-32,-42,-40,-13,-41,-7,-9,-2,-52,-34.0,-68.0,-34.0,-77.0,-63.0,-65.0,-77.0,-108.0,-129.0,-145.0,-100.0,-119.0,-88.0,-91.0,-39.0,-66.0,0.0,-156.0,-146.0,-323.0,-226.0,-301.0,-312.0,-281.0,-303.0,-287.0,-254.0,-259.0,-194.0,-265.0,-240.0,-273.0,-201.0,-375.0,-430.0,-519.0,-306.0,-357.0,-324.0,-350.0,-143.0,-113.0,-65.0,-249.0,-214.0,-384.0,-276.0,-381.0,-415.0,-445.0,-491.0,-445.0,-197.0,-197.0,-184.0,-482.0,-512.0,-490.0,-480.0,-550.0,-469.0,-619.0,-624.0,-838.0,-811.0,-1016.0,-905.0,-1959.0,-2122.0,,,,,,,,,,,,,,,,,,,,,,,,,,,,,,,,,,,,,,,,,,,,,,,,,,,,,,,,,,,,,,,,,,,,,,,,,,,,,,,,,,,,,,,
17,23,26,26,72,64,36,-3,8,34,58,30,45,27,45,27,40,23,24,21,64,48,56,16,19,12,27,-87,-56,-100,46,61,154,55,42,37,270,239,229,242,505,482,564.0,513.0,538.0,416.0,492.0,525.0,516.0,537.0,397.0,294.0,356.0,269.0,228.0,99.0,484.0,93.0,133.0,97.0,126.0,-76.0,0.0,-457.0,-531.0,-644.0,-658.0,-692.0,-713.0,-710.0,-685.0,-706.0,-732.0,-737.0,-718.0,-740.0,-380.0,-457.0,-383.0,-633.0,-787.0,-880.0,-930.0,-945.0,-749.0,-862.0,-908.0,-907.0,-931.0,-945.0,,,,,,,,,,,,,,,,,,,,,,,,,,,,,,,,,,,,,,,,,,,,,,,,,,,,,,,,,,,,,,,,,,,,,,,,,,,,,,,,,,,,,,,,,,,,,,,,,,,,,,,,,,,,
18,21,31,33,58,46,58,73,81,46,68,35,47,49,49,53,47,24,40,36,32,18,32,37,50,16,30,26,20,15,44,-8,41,1,21,-58,-20,-29,-31,-79,-58,-95,-93.0,-151.0,-139.0,-130.0,-125.0,-146.0,-122.0,-190.0,-108.0,-137.0,-92.0,-106.0,-83.0,-60.0,-83.0,-125.0,-31.0,-32.0,38.0,0.0,0.0,0.0,0.0,0.0,0.0,0.0,0.0,0.0,0.0,0.0,0.0,0.0,0.0,0.0,0.0,0.0,0.0,0.0,0.0,0.0,,,,,,,,,,,,,,,,,,,,,,,,,,,,,,,,,,,,,,,,,,,,,,,,,,,,,,,,,,,,,,,,,,,,,,,,,,,,,,,,,,,,,,,,,,,,,,,,,,,,,,,,,,,,,,,,,,,,
19,8,33,4,13,1,-6,8,23,-9,3,-27,27,32,37,31,27,60,75,43,81,-1,-2,0,11,0,87,77,99,-101,225,248,257,234,277,231,256,167,150,154,161,153,237.0,65.0,154.0,62.0,113.0,99.0,83.0,80.0,80.0,51.0,104.0,103.0,91.0,40.0,17.0,0.0,59.0,66.0,0.0,0.0,0.0,-11.0,-3.0,0.0,0.0,0.0,0.0,0.0,0.0,0.0,0.0,0.0,0.0,0.0,0.0,0.0,0.0,0.0,0.0,0.0,0.0,0.0,0.0,0.0,0.0,,,,,,,,,,,,,,,,,,,,,,,,,,,,,,,,,,,,,,,,,,,,,,,,,,,,,,,,,,,,,,,,,,,,,,,,,,,,,,,,,,,,,,,,,,,,,,,,,,,,,,,,,,,,,,,
20,-18,26,48,50,15,51,1,57,44,87,69,275,65,123,88,200,142,167,104,146,116,151,177,201,164,156,162,190,136,150,133,438,406,464,312,614,462,554,570,598,548,544.0,561.0,534.0,585.0,585.0,548.0,620.0,624.0,677.0,686.0,681.0,676.0,701.0,686.0,705.0,689.0,696.0,657.0,680.0,679.0,704.0,721.0,825.0,833.0,830.0,798.0,835.0,877.0,868.0,858.0,890.0,879.0,895.0,906.0,881.0,896.0,897.0,897.0,947.0,977.0,,,,,,,,,,,,,,,,,,,,,,,,,,,,,,,,,,,,,,,,,,,,,,,,,,,,,,,,,,,,,,,,,,,,,,,,,,,,,,,,,,,,,,,,,,,,,,,,,,,,,,,,,,,,,,,,,,,,
21,19,42,27,41,25,31,31,54,0,0,5,0,-17,-22,-49,-28,-68,-20,-39,-17,-109,-87,-108,-49,-74,126,16,0,-7,22,28,29,17,27,-87,40,29,44,20,64,104,37.0,-136.0,-125.0,-152.0,-129.0,-326.0,-272.0,-327.0,-195.0,-478.0,-497.0,-571.0,-588.0,-588.0,-576.0,-1236.0,-1279.0,,,,,,,,,,,,,,,,,,,,,,,,,,,,,,,,,,,,,,,,,,,,,,,,,,,,,,,,,,,,,,,,,,,,,,,,,,,,,,,,,,,,,,,,,,,,,,,,,,,,,,,,,,,,,,,,,,,,,,,,,,,,,,,,,,,,,,,,,,,
22,25,35,32,27,0,28,34,40,42,43,40,52,44,81,46,57,47,69,62,190,170,200,135,196,165,206,75,369,325,362,315,347,213,471,526,725,633,650,624,621,288,235.0,156.0,207.0,-243.0,52.0,0.0,67.0,-146.0,-144.0,-159.0,0.0,-206.0,-273.0,-342.0,-363.0,,,,,,,,,,,,,,,,,,,,,,,,,,,,,,,,,,,,,,,,,,,,,,,,,,,,,,,,,,,,,,,,,,,,,,,,,,,,,,,,,,,,,,,,,,,,,,,,,,,,,,,,,,,,,,,,,,,,,,,,,,,,,,,,,,,,,,,,,,,,,
23,4,44,5,20,-11,8,-8,15,2,31,29,36,-11,18,12,32,0,9,3,46,41,61,55,62,-20,62,32,65,-77,60,35,72,36,74,25,94,10,68,30,42,38,97.0,0.0,0.0,0.0,0.0,-17.0,0.0,-10.0,-14.0,-31.0,-14.0,-81.0,-38.0,-44.0,0.0,-37.0,-45.0,-10.0,0.0,0.0,0.0,-77.0,23.0,7.0,18.0,-34.0,36.0,29.0,28.0,7.0,69.0,25.0,1.0,-119.0,-125.0,-109.0,-96.0,-166.0,-161.0,-566.0,193.0,168.0,190.0,204.0,208.0,150.0,262.0,128.0,173.0,135.0,183.0,161.0,278.0,250.0,232.0,189.0,160.0,96.0,321.0,315.0,338.0,383.0,412.0,397.0,450.0,466.0,577.0,590.0,612.0,636.0,690.0,644.0,655.0,628.0,704.0,698.0,706.0,725.0,838.0,710.0,711.0,661.0,678.0,607.0,665.0,678.0,684.0,668.0,718.0,722.0,704.0,757.0,762.0,733.0,753.0,737.0,807.0,811.0,843.0,845.0,884.0,752.0,696.0,886.0,925.0,900.0,894.0,956.0,909.0,662.0,712.0,725.0,784.0,602.0,784.0,796.0,835.0,672.0,703.0,704.0,708.0,750.0,746.0,773.0,1049.0,855.0,958.0,1011.0,1053.0,1086.0,1115.0,1182.0,1235.0,1242.0,1305.0,1308.0,1312.0,1309.0,1312.0,1218.0,1315.0,1316.0,1318.0,1256.0,1339.0,1362.0,1418.0,1508.0,1568.0,1568.0,1681.0,1781.0,2036.0,1746.0,1966.0,2513.0
24,-9,6,3,12,-70,-61,-59,-55,-97,-68,-88,-29,-87,-35,-41,-11,-69,-60,-102,-40,-72,-48,-73,-54,-67,-23,-9,112,23,11,-7,10,10,10,5,18,-29,-18,-16,47,62,49.0,29.0,44.0,28.0,37.0,25.0,27.0,0.0,45.0,42.0,50.0,47.0,56.0,45.0,62.0,55.0,60.0,45.0,148.0,117.0,128.0,131.0,137.0,134.0,148.0,113.0,87.0,111.0,64.0,64.0,90.0,89.0,100.0,110.0,88.0,76.0,100.0,64.0,68.0,0.0,87.0,-10.0,0.0,0.0,0.0,0.0,0.0,0.0,0.0,-12.0,-12.0,-10.0,-10.0,-8.0,0.0,0.0,0.0,-8.0,0.0,0.0,0.0,0.0,-1.0,0.0,0.0,0.0,2.0,1.0,-2.0,0.0,0.0,0.0,0.0,0.0,0.0,0.0,0.0,0.0,0.0,-40.0,-26.0,-36.0,0.0,0.0,0.0,0.0,0.0,0.0,0.0,0.0,0.0,,,,,,,,,,,,,,,,,,,,,,,,,,,,,,,,,,,,,,,,,,,,,,,,,,,,,,,,,,,,,,,,,
25,38,48,-20,28,-10,11,-25,-14,-30,51,34,111,87,124,84,111,70,127,106,113,75,113,61,91,52,139,135,124,99,112,80,57,69,92,5,26,12,-32,-98,0,-50,-118.0,-135.0,17.0,-143.0,-125.0,-201.0,-202.0,-286.0,-106.0,-66.0,176.0,160.0,375.0,7.0,0.0,0.0,0.0,-181.0,-173.0,-327.0,-264.0,-294.0,-335.0,-625.0,227.0,116.0,326.0,396.0,448.0,422.0,433.0,433.0,430.0,408.0,496.0,0.0,0.0,0.0,0.0,0.0,0.0,0.0,0.0,-11.0,0.0,0.0,,,,,,,,,,,,,,,,,,,,,,,,,,,,,,,,,,,,,,,,,,,,,,,,,,,,,,,,,,,,,,,,,,,,,,,,,,,,,,,,,,,,,,,,,,,,,,,,,,,,,,,,,,,,,,
26,15,27,21,32,22,36,27,38,37,35,32,42,41,39,-3,26,12,23,21,50,50,66,-38,64,-2,-10,-93,-29,-34,-19,0,-22,-101,-97,-83,-14,-37,4,-116,-87,-119,-113.0,-99.0,-67.0,-87.0,-39.0,-33.0,-9.0,-17.0,-23.0,-74.0,-42.0,-68.0,-22.0,-90.0,-77.0,-78.0,-49.0,-56.0,-52.0,-58.0,-37.0,-43.0,-43.0,-70.0,-60.0,-58.0,-17.0,-16.0,-15.0,-10.0,0.0,0.0,0.0,0.0,1.0,0.0,0.0,0.0,3.0,0.0,0.0,0.0,19.0,4.0,2.0,0.0,4.0,-25.0,-21.0,-25.0,0.0,-32.0,-34.0,-137.0,0.0,-10.0,0.0,-40.0,-11.0,-122.0,0.0,-20.0,0.0,-158.0,-180.0,-200.0,-172.0,-351.0,369.0,325.0,9995.0,9996.0,9996.0,9997.0,9997.0,9998.0,,,,,,,,,,,,,,,,,,,,,,,,,,,,,,,,,,,,,,,,,,,,,,,,,,,,,,,,,,,,,,,,,,,,,,,,,,,,,,,,
27,19,57,23,65,65,71,28,84,28,38,16,35,12,72,43,82,65,125,75,94,78,93,48,71,12,78,78,73,53,237,257,252,183,210,196,302,307,318,215,262,246,382.0,473.0,504.0,514.0,524.0,372.0,592.0,391.0,540.0,495.0,531.0,522.0,600.0,537.0,532.0,731.0,749.0,707.0,729.0,476.0,738.0,738.0,773.0,665.0,719.0,695.0,814.0,831.0,862.0,843.0,857.0,854.0,872.0,781.0,,,,,,,,,,,,,,,,,,,,,,,,,,,,,,,,,,,,,,,,,,,,,,,,,,,,,,,,,,,,,,,,,,,,,,,,,,,,,,,,,,,,,,,,,,,,,,,,,,,,,,,,,,,,,,,,,,,,,,,,,,
28,25,38,36,34,34,19,43,58,58,64,28,63,53,52,40,108,89,123,94,128,93,112,13,79,62,87,88,90,90,58,98,140,66,83,62,99,88,121,131,125,117,160.0,116.0,150.0,160.0,173.0,148.0,144.0,63.0,169.0,229.0,416.0,0.0,122.0,99.0,188.0,140.0,242.0,137.0,146.0,174.0,697.0,686.0,724.0,719.0,,,,,,,,,,,,,,,,,,,,,,,,,,,,,,,,,,,,,,,,,,,,,,,,,,,,,,,,,,,,,,,,,,,,,,,,,,,,,,,,,,,,,,,,,,,,,,,,,,,,,,,,,,,,,,,,,,,,,,,,,,,,,,,,,,,,
29,13,48,21,64,61,64,59,52,13,28,20,27,-47,-1,-25,-24,-44,-50,-40,0,-27,-22,-47,-28,-37,-28,-62,-12,-65,-56,-141,-133,-134,-124,-132,-132,-224,-228,-238,-249,-229,-212.0,-351.0,-308.0,-422.0,-368.0,-426.0,-323.0,-488.0,-453.0,-437.0,-440.0,-450.0,-396.0,-708.0,-738.0,-1073.0,-841.0,-1654.0,-1506.0,,,,,,,,,,,,,,,,,,,,,,,,,,,,,,,,,,,,,,,,,,,,,,,,,,,,,,,,,,,,,,,,,,,,,,,,,,,,,,,,,,,,,,,,,,,,,,,,,,,,,,,,,,,,,,,,,,,,,,,,,,,,,,,,,,,,,,,,,
30,30,43,35,46,28,66,30,80,51,83,45,49,58,69,50,58,21,48,21,24,16,43,2,-6,-29,32,10,24,3,22,12,32,12,27,16,16,11,17,1,23,8,24.0,13.0,38.0,0.0,31.0,0.0,0.0,-31.0,-12.0,-47.0,-31.0,-13.0,-11.0,-30.0,-31.0,-56.0,-37.0,-55.0,-53.0,-57.0,-28.0,-29.0,-28.0,-52.0,-10.0,-35.0,-32.0,-76.0,-76.0,-111.0,-101.0,-209.0,-199.0,-221.0,-233.0,-233.0,-208.0,-235.0,-209.0,-306.0,-214.0,-201.0,-259.0,-273.0,-241.0,-255.0,-262.0,-268.0,-267.0,-275.0,-212.0,-286.0,-262.0,-209.0,-231.0,-282.0,-150.0,-169.0,-182.0,-193.0,-143.0,-211.0,-181.0,-227.0,-241.0,-242.0,-246.0,-291.0,-49.0,-292.0,-299.0,-315.0,-288.0,-549.0,-737.0,-813.0,-808.0,-883.0,-868.0,-989.0,-834.0,-897.0,-959.0,-1107.0,-1109.0,-1096.0,-860.0,-786.0,-881.0,-940.0,-913.0,-999.0,-982.0,-1087.0,-1150.0,-1124.0,-1225.0,-1259.0,-1287.0,-1619.0,-1669.0,,,,,,,,,,,,,,,,,,,,,,,,,,,,,,,,,,,,,,,,,,,,,,,,,,,,,,,
31,29,30,38,32,36,37,37,33,27,24,17,23,10,16,20,30,45,29,47,68,66,81,63,74,57,76,43,77,46,66,28,39,28,46,2,74,47,127,134,172,144,171.0,125.0,164.0,63.0,66.0,12.0,9.0,28.0,118.0,2.0,0.0,-15.0,-3.0,-16.0,-25.0,-10.0,-3.0,0.0,0.0,-1.0,0.0,-4.0,0.0,0.0,-8.0,0.0,0.0,0.0,0.0,0.0,0.0,0.0,0.0,0.0,0.0,-11.0,-3.0,-12.0,-1.0,-4.0,-5.0,0.0,0.0,0.0,0.0,-2.0,0.0,0.0,7.0,0.0,2.0,0.0,0.0,,,,,,,,,,,,,,,,,,,,,,,,,,,,,,,,,,,,,,,,,,,,,,,,,,,,,,,,,,,,,,,,,,,,,,,,,,,,,,,,,,,,,,,,,,,,,,,,,,,,,,,
32,33,36,28,34,25,26,26,50,39,62,39,57,49,42,51,57,5,4,-22,-28,-18,-18,2,-2,-9,-10,-14,-4,9,5,1,0,6,16,-11,-3,-23,-17,-4,2,-13,1.0,0.0,0.0,0.0,4.0,-35.0,-16.0,-33.0,-33.0,-34.0,-17.0,-37.0,1.0,-20.0,-16.0,-23.0,-12.0,-20.0,-20.0,-11.0,-1.0,-10.0,-23.0,-15.0,,,,,,,,,,,,,,,,,,,,,,,,,,,,,,,,,,,,,,,,,,,,,,,,,,,,,,,,,,,,,,,,,,,,,,,,,,,,,,,,,,,,,,,,,,,,,,,,,,,,,,,,,,,,,,,,,,,,,,,,,,,,,,,,,,,,
33,29,42,36,53,37,57,33,46,30,29,36,45,37,37,39,35,29,34,36,30,3,14,5,20,7,12,-1,14,9,2,-17,17,3,8,6,10,3,10,5,9,-18,29.0,0.0,0.0,0.0,9.0,15.0,4.0,-6.0,8.0,1.0,0.0,0.0,0.0,0.0,0.0,0.0,0.0,0.0,0.0,,,,,,,,,,,,,,,,,,,,,,,,,,,,,,,,,,,,,,,,,,,,,,,,,,,,,,,,,,,,,,,,,,,,,,,,,,,,,,,,,,,,,,,,,,,,,,,,,,,,,,,,,,,,,,,,,,,,,,,,,,,,,,,,,,,,,,,,,
34,35,43,41,61,55,39,34,38,23,25,12,14,19,15,16,10,17,18,4,21,2,16,12,17,7,-3,-12,-8,-16,4,20,27,12,46,35,53,42,49,50,41,35,41.0,31.0,37.0,0.0,7.0,8.0,6.0,-2.0,1.0,0.0,0.0,0.0,1.0,0.0,26.0,27.0,35.0,29.0,34.0,2.0,,,,,,,,,,,,,,,,,,,,,,,,,,,,,,,,,,,,,,,,,,,,,,,,,,,,,,,,,,,,,,,,,,,,,,,,,,,,,,,,,,,,,,,,,,,,,,,,,,,,,,,,,,,,,,,,,,,,,,,,,,,,,,,,,,,,,,,,
35,27,53,35,52,40,27,21,25,16,52,32,47,43,33,29,50,51,50,52,38,43,84,64,69,82,55,42,55,0,58,-13,33,-2,-12,-10,-5,-18,-11,-23,-9,-12,-8.0,-27.0,-3.0,-37.0,-11.0,-25.0,-8.0,-18.0,0.0,-24.0,,,,,,,,,,,,,,,,,,,,,,,,,,,,,,,,,,,,,,,,,,,,,,,,,,,,,,,,,,,,,,,,,,,,,,,,,,,,,,,,,,,,,,,,,,,,,,,,,,,,,,,,,,,,,,,,,,,,,,,,,,,,,,,,,,,,,,,,,,,,,,,,,,
36,25,43,36,42,24,41,20,28,16,40,56,49,41,53,45,38,46,32,15,0,-7,0,17,24,25,12,12,15,4,23,12,23,7,12,19,17,11,9,16,22,11,11.0,3.0,0.0,0.0,0.0,-1.0,0.0,0.0,0.0,0.0,0.0,0.0,0.0,0.0,0.0,0.0,0.0,0.0,,,,,,,,,,,,,,,,,,,,,,,,,,,,,,,,,,,,,,,,,,,,,,,,,,,,,,,,,,,,,,,,,,,,,,,,,,,,,,,,,,,,,,,,,,,,,,,,,,,,,,,,,,,,,,,,,,,,,,,,,,,,,,,,,,,,,,,,,,
37,37,50,40,42,47,42,22,49,29,47,34,37,19,38,16,27,12,15,14,23,31,35,-4,33,2,26,31,31,28,31,26,26,26,28,30,27,25,29,17,23,27,21.0,27.0,25.0,24.0,28.0,0.0,22.0,0.0,,,,,,,,,,,,,,,,,,,,,,,,,,,,,,,,,,,,,,,,,,,,,,,,,,,,,,,,,,,,,,,,,,,,,,,,,,,,,,,,,,,,,,,,,,,,,,,,,,,,,,,,,,,,,,,,,,,,,,,,,,,,,,,,,,,,,,,,,,,,,,,,,,,,
38,18,33,19,36,22,55,9,43,23,15,5,49,49,36,-4,11,-20,0,4,13,10,2,5,1,0,26,-16,4,6,8,-25,-5,0,1,-43,48,4,19,-50,22,24,6.0,-23.0,,,,,,,,,,,,,,,,,,,,,,,,,,,,,,,,,,,,,,,,,,,,,,,,,,,,,,,,,,,,,,,,,,,,,,,,,,,,,,,,,,,,,,,,,,,,,,,,,,,,,,,,,,,,,,,,,,,,,,,,,,,,,,,,,,,,,,,,,,,,,,,,,,,,,,,,,,
39,25,44,25,57,36,56,6,46,9,30,50,59,40,40,11,57,32,40,23,70,69,128,109,134,105,114,179,172,150,181,183,186,174,203,176,186,160,182,31,42,22,17.0,19.0,28.0,19.0,111.0,70.0,95.0,69.0,73.0,54.0,60.0,37.0,49.0,58.0,77.0,39.0,41.0,65.0,57.0,55.0,58.0,40.0,43.0,35.0,85.0,24.0,75.0,0.0,0.0,0.0,0.0,-37.0,-32.0,-45.0,-2.0,0.0,-10.0,-6.0,-9.0,-23.0,0.0,-41.0,-42.0,-46.0,-20.0,-28.0,-13.0,-15.0,-3.0,-24.0,-12.0,-65.0,-31.0,-24.0,0.0,0.0,0.0,0.0,0.0,0.0,0.0,0.0,0.0,0.0,0.0,0.0,9.0,-1.0,-3.0,-19.0,3.0,0.0,4.0,5.0,8.0,6.0,1.0,-15.0,12.0,0.0,12.0,0.0,30.0,12.0,26.0,6.0,4.0,0.0,0.0,0.0,0.0,0.0,0.0,0.0,,,,,,,,,,,,,,,,,,,,,,,,,,,,,,,,,,,,,,,,,,,,,,,,,,,,,,,,,,,,,,
40,12,39,25,58,-11,6,-14,1,-19,0,-63,-44,-38,-23,-115,-28,-35,30,6,55,34,57,25,58,40,37,62,62,76,68,87,80,90,105,91,127,58,94,92,90,7,0.0,6.0,323.0,302.0,357.0,298.0,350.0,308.0,428.0,457.0,440.0,431.0,656.0,601.0,607.0,601.0,632.0,706.0,706.0,651.0,742.0,653.0,621.0,675.0,1042.0,645.0,924.0,796.0,1393.0,1173.0,,,,,,,,,,,,,,,,,,,,,,,,,,,,,,,,,,,,,,,,,,,,,,,,,,,,,,,,,,,,,,,,,,,,,,,,,,,,,,,,,,,,,,,,,,,,,,,,,,,,,,,,,,,,,,,,,,,,,,,,,,,,,,
41,25,37,36,46,30,38,23,23,9,86,77,97,64,160,23,108,55,116,95,142,77,81,70,105,67,112,78,96,90,162,153,136,135,145,122,136,125,149,87,124,125,97.0,93.0,120.0,104.0,107.0,80.0,111.0,68.0,222.0,212.0,258.0,237.0,346.0,281.0,313.0,255.0,516.0,483.0,481.0,470.0,506.0,475.0,603.0,552.0,669.0,608.0,628.0,553.0,668.0,597.0,690.0,735.0,858.0,790.0,878.0,845.0,842.0,901.0,939.0,799.0,856.0,853.0,824.0,870.0,907.0,968.0,959.0,972.0,,,,,,,,,,,,,,,,,,,,,,,,,,,,,,,,,,,,,,,,,,,,,,,,,,,,,,,,,,,,,,,,,,,,,,,,,,,,,,,,,,,,,,,,,,,,,,,,,,,,,,,,,,,,
42,24,52,37,52,44,40,18,46,33,46,33,48,28,34,-5,12,5,16,12,17,2,1,25,9,-2,0,0,0,0,0,2,6,24,36,19,25,14,28,13,26,12,22.0,17.0,18.0,20.0,48.0,44.0,51.0,51.0,80.0,33.0,37.0,39.0,48.0,4.0,5.0,0.0,13.0,0.0,0.0,-3.0,0.0,0.0,0.0,0.0,0.0,0.0,0.0,0.0,,,,,,,,,,,,,,,,,,,,,,,,,,,,,,,,,,,,,,,,,,,,,,,,,,,,,,,,,,,,,,,,,,,,,,,,,,,,,,,,,,,,,,,,,,,,,,,,,,,,,,,,,,,,,,,,,,,,,,,,,,,,,,,,
43,26,30,26,44,42,30,25,30,28,46,34,63,43,56,20,28,13,19,0,20,0,15,7,5,5,42,39,73,22,32,-14,-24,-24,-3,-66,-41,-39,-15,-35,-3,0,-3.0,-4.0,2.0,14.0,23.0,23.0,20.0,22.0,4.0,-4.0,1.0,0.0,0.0,-17.0,-15.0,-37.0,-19.0,-25.0,-19.0,-24.0,0.0,0.0,0.0,0.0,0.0,0.0,15.0,0.0,0.0,0.0,0.0,0.0,0.0,0.0,0.0,0.0,0.0,0.0,0.0,0.0,,,,,,,,,,,,,,,,,,,,,,,,,,,,,,,,,,,,,,,,,,,,,,,,,,,,,,,,,,,,,,,,,,,,,,,,,,,,,,,,,,,,,,,,,,,,,,,,,,,,,,,,,,,,,,,,,,,,
44,32,39,12,38,35,31,32,37,28,33,23,40,13,22,-34,56,44,42,40,46,48,64,52,59,15,53,25,17,18,41,44,58,0,12,0,18,0,30,-9,0,0,0.0,-4.0,0.0,-14.0,-15.0,0.0,3.0,10.0,23.0,12.0,30.0,0.0,0.0,-45.0,-26.0,-161.0,-166.0,-158.0,-180.0,-175.0,-140.0,-148.0,-140.0,-148.0,-100.0,-189.0,-91.0,-340.0,-279.0,-575.0,-556.0,-630.0,-613.0,-688.0,-644.0,-715.0,-703.0,-729.0,-750.0,-749.0,-750.0,-790.0,-740.0,-822.0,-802.0,-832.0,-824.0,-845.0,-795.0,-916.0,-888.0,,,,,,,,,,,,,,,,,,,,,,,,,,,,,,,,,,,,,,,,,,,,,,,,,,,,,,,,,,,,,,,,,,,,,,,,,,,,,,,,,,,,,,,,,,,,,,,,,,,,,,,,,
45,20,37,14,17,14,80,27,38,16,23,22,28,20,25,16,17,3,0,-43,-5,-5,14,4,30,-12,18,18,41,-72,-48,-59,-37,-90,-77,-47,-47,-133,-74,-145,-81,-95,-72.0,-110.0,-3.0,-29.0,-29.0,-44.0,0.0,6.0,0.0,1.0,8.0,0.0,85.0,65.0,139.0,-1.0,300.0,336.0,448.0,74.0,911.0,906.0,1475.0,1812.0,,,,,,,,,,,,,,,,,,,,,,,,,,,,,,,,,,,,,,,,,,,,,,,,,,,,,,,,,,,,,,,,,,,,,,,,,,,,,,,,,,,,,,,,,,,,,,,,,,,,,,,,,,,,,,,,,,,,,,,,,,,,,,,,,,,,
46,18,30,28,38,35,44,34,46,52,46,25,46,25,36,-30,62,44,50,46,41,43,36,21,42,34,44,-258,-268,-273,-303,-332,-302,-394,-315,-433,-392,-445,-465,-614,-592,-605,-592.0,-726.0,-681.0,-781.0,-502.0,-608.0,-510.0,-544.0,-549.0,-527.0,-502.0,-1051.0,-725.0,,,,,,,,,,,,,,,,,,,,,,,,,,,,,,,,,,,,,,,,,,,,,,,,,,,,,,,,,,,,,,,,,,,,,,,,,,,,,,,,,,,,,,,,,,,,,,,,,,,,,,,,,,,,,,,,,,,,,,,,,,,,,,,,,,,,,,,,,,,,,,,
47,18,60,-19,-6,-5,0,-14,-9,-17,45,23,23,17,44,21,41,22,47,7,42,5,13,2,5,-10,14,5,44,0,43,29,76,26,60,9,48,35,34,7,12,-40,-20.0,-75.0,-75.0,-85.0,-3.0,-35.0,45.0,-15.0,-31.0,-24.0,0.0,-20.0,-11.0,-15.0,-22.0,-25.0,-26.0,-25.0,-35.0,-78.0,0.0,-102.0,-108.0,-167.0,-143.0,-122.0,-108.0,-126.0,52.0,-316.0,-62.0,-236.0,59.0,0.0,0.0,0.0,170.0,-107.0,0.0,0.0,0.0,0.0,0.0,0.0,0.0,0.0,0.0,-37.0,0.0,0.0,0.0,-17.0,0.0,,,,,,,,,,,,,,,,,,,,,,,,,,,,,,,,,,,,,,,,,,,,,,,,,,,,,,,,,,,,,,,,,,,,,,,,,,,,,,,,,,,,,,,,,,,,,,,,,,,,,,,
48,23,52,41,48,17,23,15,26,16,18,30,37,23,28,23,39,19,35,29,21,10,58,1,27,0,40,22,33,12,38,25,34,39,47,31,64,57,78,44,84,99,88.0,100.0,118.0,136.0,153.0,147.0,237.0,267.0,266.0,242.0,267.0,219.0,228.0,225.0,220.0,208.0,209.0,179.0,212.0,166.0,155.0,101.0,165.0,152.0,126.0,96.0,112.0,129.0,509.0,558.0,527.0,567.0,511.0,483.0,,,,,,,,,,,,,,,,,,,,,,,,,,,,,,,,,,,,,,,,,,,,,,,,,,,,,,,,,,,,,,,,,,,,,,,,,,,,,,,,,,,,,,,,,,,,,,,,,,,,,,,,,,,,,,,,,,,,,,,,,,
49,23,35,31,42,15,39,-5,26,20,4,-8,0,-23,-5,-66,-19,-72,28,-22,-2,-47,0,0,65,28,60,28,36,16,42,-130,-86,-126,-112,-135,-108,-154,-125,-150,-78,-158,-124.0,-175.0,-155.0,-215.0,-125.0,-131.0,-137.0,-211.0,40.0,93.0,44.0,0.0,48.0,43.0,169.0,-26.0,237.0,256.0,452.0,329.0,454.0,588.0,525.0,419.0,581.0,658.0,731.0,520.0,364.0,377.0,351.0,0.0,66.0,66.0,104.0,75.0,199.0,165.0,9994.0,9995.0,9995.0,9996.0,,,,,,,,,,,,,,,,,,,,,,,,,,,,,,,,,,,,,,,,,,,,,,,,,,,,,,,,,,,,,,,,,,,,,,,,,,,,,,,,,,,,,,,,,,,,,,,,,,,,,,,,,,,,,,,,,,
50,36,35,26,30,35,29,17,29,34,46,37,42,29,61,47,58,43,53,35,41,5,6,7,-1,1,27,0,27,40,41,48,28,10,0,0,1,36,0,0,0,16,18.0,-25.0,-7.0,-5.0,0.0,0.0,0.0,0.0,6.0,0.0,0.0,0.0,10.0,0.0,0.0,0.0,0.0,0.0,0.0,0.0,0.0,0.0,0.0,0.0,,,,,,,,,,,,,,,,,,,,,,,,,,,,,,,,,,,,,,,,,,,,,,,,,,,,,,,,,,,,,,,,,,,,,,,,,,,,,,,,,,,,,,,,,,,,,,,,,,,,,,,,,,,,,,,,,,,,,,,,,,,,,,,,,,,,
51,33,48,24,30,20,30,13,35,43,36,22,34,14,53,45,59,38,59,51,35,50,43,36,31,17,-4,1,14,12,83,81,100,67,110,71,83,51,78,45,79,49,84.0,67.0,84.0,75.0,73.0,69.0,77.0,73.0,105.0,85.0,96.0,47.0,148.0,137.0,149.0,71.0,137.0,132.0,134.0,125.0,123.0,161.0,182.0,148.0,163.0,139.0,459.0,440.0,448.0,483.0,,,,,,,,,,,,,,,,,,,,,,,,,,,,,,,,,,,,,,,,,,,,,,,,,,,,,,,,,,,,,,,,,,,,,,,,,,,,,,,,,,,,,,,,,,,,,,,,,,,,,,,,,,,,,,,,,,,,,,,,,,,,,,
52,31,43,27,51,29,45,35,40,37,32,31,45,41,46,18,53,36,44,39,59,47,40,48,66,17,73,44,37,43,53,39,59,58,51,49,63,32,71,27,46,50,93.0,84.0,121.0,115.0,133.0,128.0,167.0,162.0,175.0,159.0,159.0,139.0,141.0,150.0,162.0,165.0,223.0,184.0,444.0,432.0,441.0,465.0,514.0,517.0,509.0,514.0,530.0,555.0,561.0,525.0,552.0,486.0,520.0,531.0,545.0,563.0,674.0,702.0,753.0,749.0,775.0,611.0,,,,,,,,,,,,,,,,,,,,,,,,,,,,,,,,,,,,,,,,,,,,,,,,,,,,,,,,,,,,,,,,,,,,,,,,,,,,,,,,,,,,,,,,,,,,,,,,,,,,,,,,,,,,,,,,,,
53,31,40,28,53,39,75,59,35,24,63,33,34,37,59,25,15,22,32,4,23,18,37,17,27,1,7,0,0,0,0,5,21,0,7,0,21,7,30,20,42,-6,22.0,6.0,0.0,0.0,0.0,0.0,0.0,0.0,7.0,0.0,4.0,0.0,8.0,-15.0,4.0,4.0,5.0,3.0,6.0,,,,,,,,,,,,,,,,,,,,,,,,,,,,,,,,,,,,,,,,,,,,,,,,,,,,,,,,,,,,,,,,,,,,,,,,,,,,,,,,,,,,,,,,,,,,,,,,,,,,,,,,,,,,,,,,,,,,,,,,,,,,,,,,,,,,,,,,,
54,35,28,12,46,34,64,24,19,24,60,40,52,47,51,40,90,74,104,87,113,100,124,102,115,97,124,122,150,161,180,161,200,170,185,184,182,183,190,164,174,180,202.0,180.0,244.0,225.0,240.0,159.0,202.0,186.0,242.0,206.0,202.0,210.0,230.0,200.0,202.0,184.0,212.0,208.0,253.0,200.0,247.0,187.0,267.0,238.0,239.0,198.0,317.0,279.0,301.0,311.0,480.0,543.0,634.0,613.0,860.0,840.0,1570.0,1791.0,,,,,,,,,,,,,,,,,,,,,,,,,,,,,,,,,,,,,,,,,,,,,,,,,,,,,,,,,,,,,,,,,,,,,,,,,,,,,,,,,,,,,,,,,,,,,,,,,,,,,,,,,,,,,,,,,,,,,,
55,0,27,27,30,25,55,34,47,42,33,5,37,34,60,6,38,49,64,-13,75,-30,72,-91,-77,-90,-100,-89,-76,-94,-89,-126,-87,-226,-135,-129,-72,-113,-121,-246,-240,-321,-287.0,-432.0,-349.0,-369.0,-365.0,-445.0,-430.0,-405.0,-275.0,-398.0,-387.0,-472.0,-445.0,-401.0,-334.0,-509.0,-546.0,-505.0,-426.0,-423.0,-439.0,-468.0,-507.0,-556.0,-537.0,-682.0,-685.0,-680.0,-671.0,-673.0,-650.0,-675.0,-676.0,,,,,,,,,,,,,,,,,,,,,,,,,,,,,,,,,,,,,,,,,,,,,,,,,,,,,,,,,,,,,,,,,,,,,,,,,,,,,,,,,,,,,,,,,,,,,,,,,,,,,,,,,,,,,,,,,,,,,,,,,,,
56,30,42,29,32,18,31,6,9,0,3,3,14,0,5,-3,12,0,25,31,26,20,31,22,0,10,13,5,8,12,4,0,4,22,2,0,0,0,0,0,0,0,0.0,0.0,0.0,0.0,22.0,8.0,0.0,9.0,0.0,0.0,0.0,6.0,0.0,0.0,0.0,0.0,0.0,0.0,0.0,0.0,0.0,,,,,,,,,,,,,,,,,,,,,,,,,,,,,,,,,,,,,,,,,,,,,,,,,,,,,,,,,,,,,,,,,,,,,,,,,,,,,,,,,,,,,,,,,,,,,,,,,,,,,,,,,,,,,,,,,,,,,,,,,,,,,,,,,,,,,,,
57,23,48,40,32,30,38,22,22,20,38,-6,3,0,20,4,39,0,33,16,20,-2,0,-39,5,2,-15,-13,4,3,28,0,6,6,1,-25,-8,-121,-73,-83,-62,-81,173.0,163.0,168.0,169.0,172.0,212.0,650.0,650.0,,,,,,,,,,,,,,,,,,,,,,,,,,,,,,,,,,,,,,,,,,,,,,,,,,,,,,,,,,,,,,,,,,,,,,,,,,,,,,,,,,,,,,,,,,,,,,,,,,,,,,,,,,,,,,,,,,,,,,,,,,,,,,,,,,,,,,,,,,,,,,,,,,,,
58,24,56,45,54,12,37,25,30,30,36,28,26,24,28,5,35,8,18,11,32,-7,25,-8,15,19,17,6,75,64,87,83,98,71,64,16,20,0,19,20,24,7,-28.0,-45.0,-25.0,-12.0,-4.0,-3.0,0.0,0.0,0.0,0.0,21.0,19.0,26.0,0.0,28.0,0.0,39.0,0.0,31.0,38.0,53.0,0.0,0.0,14.0,0.0,0.0,2.0,-20.0,-9.0,-6.0,1.0,-3.0,0.0,-11.0,-4.0,-13.0,-7.0,-13.0,-2.0,-4.0,-4.0,-5.0,-6.0,,,,,,,,,,,,,,,,,,,,,,,,,,,,,,,,,,,,,,,,,,,,,,,,,,,,,,,,,,,,,,,,,,,,,,,,,,,,,,,,,,,,,,,,,,,,,,,,,,,,,,,,,,,,,,,,,
59,23,55,50,79,9,17,0,18,-19,1,1,11,11,21,18,20,-2,25,13,10,-6,10,1,9,-1,10,-25,1,0,98,78,95,69,192,127,154,154,154,183,152,151,319.0,328.0,316.0,293.0,337.0,308.0,348.0,334.0,367.0,210.0,210.0,223.0,243.0,248.0,262.0,251.0,297.0,298.0,283.0,311.0,353.0,336.0,328.0,335.0,356.0,369.0,387.0,302.0,357.0,321.0,336.0,290.0,310.0,267.0,300.0,331.0,312.0,319.0,391.0,459.0,484.0,458.0,440.0,475.0,557.0,479.0,555.0,565.0,596.0,603.0,662.0,666.0,660.0,665.0,679.0,537.0,548.0,472.0,616.0,636.0,687.0,551.0,657.0,653.0,717.0,678.0,,,,,,,,,,,,,,,,,,,,,,,,,,,,,,,,,,,,,,,,,,,,,,,,,,,,,,,,,,,,,,,,,,,,,,,,,,,,,,,,,,,,,,,,,,
60,23,43,21,56,31,52,29,40,25,12,17,25,19,24,0,5,-10,-4,18,17,16,18,8,52,13,26,7,66,73,109,42,53,71,78,62,28,60,43,43,45,54,114.0,6.0,0.0,5.0,16.0,6.0,7.0,4.0,18.0,0.0,0.0,0.0,7.0,2.0,1.0,0.0,,,,,,,,,,,,,,,,,,,,,,,,,,,,,,,,,,,,,,,,,,,,,,,,,,,,,,,,,,,,,,,,,,,,,,,,,,,,,,,,,,,,,,,,,,,,,,,,,,,,,,,,,,,,,,,,,,,,,,,,,,,,,,,,,,,,,,,,,,,,
61,20,24,23,41,-1,0,-10,20,6,9,5,-1,-1,23,-105,-19,-100,-12,-36,-25,-36,-26,-101,49,-223,-202,-204,-206,-210,-203,-238,-229,-339,-185,-225,-208,-435,-388,-400,-429,-454,-450.0,-575.0,-555.0,-620.0,-603.0,-698.0,-659.0,-721.0,-796.0,-861.0,-907.0,-916.0,-789.0,-940.0,-872.0,-888.0,,,,,,,,,,,,,,,,,,,,,,,,,,,,,,,,,,,,,,,,,,,,,,,,,,,,,,,,,,,,,,,,,,,,,,,,,,,,,,,,,,,,,,,,,,,,,,,,,,,,,,,,,,,,,,,,,,,,,,,,,,,,,,,,,,,,,,,,,,,,
62,35,50,56,54,25,61,4,50,38,39,30,46,27,40,18,52,0,34,-21,0,16,23,6,16,-18,2,-21,74,2,109,112,127,101,161,124,146,153,132,134,151,-23,-16.0,10.0,83.0,3.0,131.0,16.0,35.0,35.0,13.0,16.0,151.0,49.0,84.0,96.0,109.0,18.0,11.0,23.0,13.0,0.0,0.0,0.0,0.0,0.0,37.0,0.0,0.0,-34.0,,,,,,,,,,,,,,,,,,,,,,,,,,,,,,,,,,,,,,,,,,,,,,,,,,,,,,,,,,,,,,,,,,,,,,,,,,,,,,,,,,,,,,,,,,,,,,,,,,,,,,,,,,,,,,,,,,,,,,,,,,,,,,,,
63,13,42,27,51,45,45,26,37,42,49,30,29,32,37,27,36,21,27,36,36,23,50,10,14,27,25,5,62,28,32,28,27,23,61,0,43,39,64,-31,65,10,57.0,16.0,64.0,57.0,78.0,68.0,92.0,65.0,127.0,92.0,119.0,142.0,125.0,99.0,100.0,95.0,97.0,90.0,100.0,37.0,64.0,25.0,64.0,13.0,44.0,8.0,0.0,-2.0,0.0,0.0,0.0,0.0,0.0,0.0,10.0,10.0,19.0,14.0,11.0,12.0,11.0,12.0,10.0,14.0,20.0,10.0,10.0,16.0,12.0,11.0,11.0,35.0,16.0,13.0,17.0,7.0,14.0,7.0,7.0,7.0,7.0,12.0,14.0,3.0,3.0,0.0,0.0,2.0,3.0,0.0,17.0,0.0,0.0,24.0,13.0,6.0,22.0,8.0,21.0,10.0,0.0,0.0,0.0,0.0,2.0,0.0,0.0,0.0,0.0,0.0,0.0,0.0,25.0,4.0,23.0,0.0,0.0,0.0,0.0,0.0,0.0,,,,,,,,,,,,,,,,,,,,,,,,,,,,,,,,,,,,,,,,,,,,,,,,,,,,,,,
64,26,51,42,67,29,50,17,29,12,19,5,28,28,12,28,35,32,28,28,40,31,33,11,40,28,56,50,88,23,20,26,37,21,37,23,50,34,37,41,125,23,23.0,30.0,54.0,37.0,33.0,45.0,21.0,2.0,0.0,12.0,17.0,11.0,8.0,0.0,25.0,21.0,32.0,30.0,24.0,25.0,32.0,20.0,30.0,16.0,27.0,15.0,27.0,25.0,137.0,88.0,146.0,123.0,151.0,155.0,129.0,107.0,161.0,153.0,203.0,162.0,189.0,103.0,173.0,85.0,107.0,82.0,96.0,94.0,98.0,54.0,104.0,75.0,117.0,109.0,111.0,83.0,112.0,112.0,111.0,74.0,77.0,53.0,62.0,25.0,94.0,81.0,175.0,115.0,108.0,95.0,95.0,59.0,194.0,183.0,199.0,197.0,230.0,208.0,213.0,146.0,181.0,175.0,242.0,178.0,184.0,236.0,339.0,398.0,410.0,398.0,411.0,412.0,417.0,424.0,414.0,449.0,450.0,480.0,480.0,505.0,659.0,763.0,778.0,751.0,751.0,780.0,785.0,785.0,,,,,,,,,,,,,,,,,,,,,,,,,,,,,,,,,,,,,,,,,,,,,,,,
65,29,45,21,27,34,51,35,45,43,30,35,56,31,46,38,47,43,34,22,33,22,29,30,44,20,26,28,27,18,25,22,10,15,7,1,11,8,21,5,0,0,0.0,0.0,0.0,0.0,0.0,0.0,0.0,0.0,0.0,0.0,0.0,0.0,0.0,0.0,0.0,0.0,0.0,0.0,,,,,,,,,,,,,,,,,,,,,,,,,,,,,,,,,,,,,,,,,,,,,,,,,,,,,,,,,,,,,,,,,,,,,,,,,,,,,,,,,,,,,,,,,,,,,,,,,,,,,,,,,,,,,,,,,,,,,,,,,,,,,,,,,,,,,,,,,,
66,32,46,44,64,50,54,17,31,-13,-4,7,-3,0,26,21,62,48,70,75,89,66,67,57,56,36,38,29,20,29,65,38,44,10,29,-4,0,-2,-7,-15,0,-23,0.0,0.0,17.0,21.0,18.0,14.0,19.0,15.0,0.0,0.0,0.0,0.0,0.0,0.0,0.0,0.0,0.0,0.0,2.0,0.0,0.0,5.0,2.0,1.0,0.0,0.0,0.0,0.0,0.0,0.0,0.0,0.0,0.0,0.0,0.0,0.0,0.0,0.0,0.0,0.0,,,,,,,,,,,,,,,,,,,,,,,,,,,,,,,,,,,,,,,,,,,,,,,,,,,,,,,,,,,,,,,,,,,,,,,,,,,,,,,,,,,,,,,,,,,,,,,,,,,,,,,,,,,,,,,,,,,,
67,24,27,44,49,29,54,11,29,12,33,20,31,30,25,29,33,31,49,32,49,26,37,11,21,31,8,4,1,0,37,0,19,9,23,-18,-31,-84,-54,-56,-46,-33,-24.0,-38.0,-22.0,-26.0,-37.0,-72.0,-40.0,-48.0,-38.0,-139.0,-104.0,-137.0,-96.0,-137.0,-105.0,-120.0,-127.0,-132.0,-101.0,-128.0,-120.0,-114.0,-123.0,-123.0,-99.0,-122.0,-90.0,-145.0,-69.0,-186.0,-152.0,-155.0,-150.0,-161.0,-144.0,-186.0,-113.0,-182.0,0.0,-12.0,0.0,-12.0,0.0,0.0,0.0,0.0,0.0,0.0,0.0,0.0,0.0,0.0,0.0,0.0,0.0,0.0,0.0,0.0,0.0,,,,,,,,,,,,,,,,,,,,,,,,,,,,,,,,,,,,,,,,,,,,,,,,,,,,,,,,,,,,,,,,,,,,,,,,,,,,,,,,,,,,,,,,,,,,,,,,,
68,23,29,40,40,30,35,35,43,21,68,73,68,20,56,35,47,37,48,47,66,62,63,73,57,42,50,43,50,52,50,49,55,-22,-19,-22,3,-56,-43,-17,-5,-44,-34.0,-40.0,-2.0,-1.0,0.0,0.0,14.0,0.0,0.0,0.0,0.0,0.0,0.0,0.0,0.0,0.0,0.0,0.0,0.0,0.0,0.0,0.0,0.0,0.0,-2.0,-10.0,0.0,-64.0,-65.0,-103.0,180.0,97.0,281.0,217.0,257.0,27.0,7.0,7.0,15.0,,,,,,,,,,,,,,,,,,,,,,,,,,,,,,,,,,,,,,,,,,,,,,,,,,,,,,,,,,,,,,,,,,,,,,,,,,,,,,,,,,,,,,,,,,,,,,,,,,,,,,,,,,,,,,,,,,,,,
69,29,40,32,69,53,64,53,69,68,62,52,76,61,67,54,66,25,22,24,28,27,53,52,64,51,73,73,101,96,84,84,99,93,110,25,57,50,101,62,60,67,88.0,56.0,67.0,80.0,57.0,83.0,135.0,149.0,148.0,111.0,164.0,123.0,125.0,106.0,142.0,74.0,176.0,140.0,179.0,171.0,216.0,206.0,241.0,225.0,266.0,233.0,269.0,186.0,191.0,191.0,190.0,86.0,99.0,94.0,182.0,125.0,193.0,188.0,213.0,218.0,294.0,296.0,343.0,178.0,207.0,222.0,229.0,171.0,175.0,216.0,239.0,204.0,196.0,181.0,303.0,389.0,413.0,451.0,581.0,580.0,589.0,592.0,675.0,594.0,762.0,776.0,787.0,801.0,899.0,1014.0,,,,,,,,,,,,,,,,,,,,,,,,,,,,,,,,,,,,,,,,,,,,,,,,,,,,,,,,,,,,,,,,,,,,,,,,,,,,,,,,,,,,,,
70,18,35,37,49,18,32,23,40,25,28,18,21,24,36,12,30,19,35,31,48,12,32,20,28,12,36,23,34,18,29,17,41,0,25,11,35,18,42,37,48,40,43.0,45.0,49.0,41.0,60.0,51.0,58.0,56.0,86.0,-30.0,88.0,65.0,119.0,82.0,124.0,82.0,99.0,68.0,94.0,56.0,59.0,46.0,51.0,58.0,43.0,19.0,28.0,12.0,53.0,42.0,31.0,0.0,76.0,46.0,57.0,49.0,95.0,75.0,90.0,62.0,80.0,63.0,86.0,21.0,61.0,46.0,82.0,48.0,70.0,22.0,34.0,25.0,104.0,63.0,90.0,39.0,62.0,23.0,36.0,32.0,37.0,8.0,8.0,0.0,40.0,36.0,50.0,38.0,56.0,36.0,72.0,44.0,50.0,38.0,29.0,6.0,13.0,0.0,0.0,0.0,0.0,0.0,38.0,0.0,0.0,0.0,12.0,15.0,17.0,0.0,58.0,50.0,82.0,74.0,74.0,74.0,89.0,83.0,70.0,82.0,73.0,48.0,59.0,58.0,54.0,39.0,63.0,66.0,69.0,0.0,176.0,121.0,106.0,103.0,87.0,63.0,100.0,54.0,60.0,60.0,61.0,69.0,70.0,23.0,57.0,49.0,66.0,64.0,64.0,0.0,0.0,0.0,0.0,0.0,0.0,-42.0,0.0,0.0,0.0,-40.0,0.0,0.0,0.0,-34.0,,,,,,,,,,,,
71,25,52,35,64,34,58,17,25,23,14,11,28,17,17,16,28,16,31,17,20,28,28,45,75,45,113,38,112,94,95,98,96,78,138,107,197,154,177,72,154,100,173.0,141.0,175.0,127.0,151.0,159.0,179.0,159.0,180.0,147.0,149.0,165.0,151.0,117.0,259.0,288.0,315.0,315.0,325.0,309.0,369.0,317.0,401.0,324.0,576.0,625.0,661.0,603.0,701.0,719.0,728.0,404.0,505.0,490.0,473.0,460.0,653.0,676.0,704.0,646.0,,,,,,,,,,,,,,,,,,,,,,,,,,,,,,,,,,,,,,,,,,,,,,,,,,,,,,,,,,,,,,,,,,,,,,,,,,,,,,,,,,,,,,,,,,,,,,,,,,,,,,,,,,,,,,,,,,,,
72,25,37,23,65,37,37,33,58,30,49,37,43,41,43,41,63,56,57,37,54,47,52,46,52,36,51,51,45,50,47,28,41,30,38,33,53,45,55,58,42,25,28.0,30.0,20.0,12.0,15.0,0.0,0.0,1.0,8.0,6.0,13.0,2.0,0.0,0.0,0.0,0.0,0.0,0.0,0.0,0.0,0.0,1.0,0.0,0.0,0.0,0.0,0.0,0.0,0.0,0.0,0.0,0.0,0.0,,,,,,,,,,,,,,,,,,,,,,,,,,,,,,,,,,,,,,,,,,,,,,,,,,,,,,,,,,,,,,,,,,,,,,,,,,,,,,,,,,,,,,,,,,,,,,,,,,,,,,,,,,,,,,,,,,,,,,,,,,,
73,11,46,18,37,-5,3,-7,16,12,45,6,35,34,34,35,25,22,32,35,25,26,43,14,26,34,18,2,4,6,0,9,31,23,31,27,41,21,37,30,23,16,7.0,15.0,37.0,0.0,0.0,0.0,0.0,0.0,0.0,-1.0,0.0,0.0,0.0,0.0,0.0,0.0,0.0,0.0,0.0,0.0,0.0,0.0,0.0,0.0,0.0,,,,,,,,,,,,,,,,,,,,,,,,,,,,,,,,,,,,,,,,,,,,,,,,,,,,,,,,,,,,,,,,,,,,,,,,,,,,,,,,,,,,,,,,,,,,,,,,,,,,,,,,,,,,,,,,,,,,,,,,,,,,,,,,,,,
74,36,55,41,58,27,46,23,20,5,9,-7,8,12,1,-8,35,-12,24,0,27,4,25,-28,3,-16,-13,-31,8,-17,-13,-57,-56,-68,-36,-118,-96,-190,-145,-227,-214,-507,-494.0,-553.0,-521.0,-578.0,-628.0,-732.0,-635.0,-783.0,-817.0,-995.0,-985.0,,,,,,,,,,,,,,,,,,,,,,,,,,,,,,,,,,,,,,,,,,,,,,,,,,,,,,,,,,,,,,,,,,,,,,,,,,,,,,,,,,,,,,,,,,,,,,,,,,,,,,,,,,,,,,,,,,,,,,,,,,,,,,,,,,,,,,,,,,,,,,,,,
75,39,40,44,57,43,51,35,49,42,50,60,52,49,75,55,96,93,107,110,122,118,88,83,91,63,65,58,77,40,90,13,0,0,0,0,0,0,16,4,26,0,20.0,16.0,11.0,0.0,0.0,-1.0,0.0,0.0,0.0,0.0,0.0,0.0,-2.0,0.0,0.0,0.0,0.0,0.0,0.0,0.0,,,,,,,,,,,,,,,,,,,,,,,,,,,,,,,,,,,,,,,,,,,,,,,,,,,,,,,,,,,,,,,,,,,,,,,,,,,,,,,,,,,,,,,,,,,,,,,,,,,,,,,,,,,,,,,,,,,,,,,,,,,,,,,,,,,,,,,,
76,26,30,38,66,60,64,13,29,20,22,-8,22,8,33,22,63,52,89,25,136,107,104,79,132,62,125,57,70,96,95,53,101,28,49,26,94,-23,107,-94,0,-80,-51.0,-74.0,-35.0,-113.0,-96.0,-218.0,-186.0,-301.0,-262.0,-305.0,-189.0,-231.0,-202.0,-215.0,-204.0,-228.0,-243.0,-460.0,-526.0,-539.0,-589.0,-650.0,-618.0,-675.0,-687.0,,,,,,,,,,,,,,,,,,,,,,,,,,,,,,,,,,,,,,,,,,,,,,,,,,,,,,,,,,,,,,,,,,,,,,,,,,,,,,,,,,,,,,,,,,,,,,,,,,,,,,,,,,,,,,,,,,,,,,,,,,,,,,,,,,,
77,28,25,24,38,41,44,0,41,34,53,34,52,33,56,17,36,25,57,21,28,20,17,22,21,5,37,56,63,52,61,36,90,75,87,97,98,104,122,53,86,55,84.0,87.0,93.0,67.0,61.0,47.0,113.0,98.0,242.0,76.0,79.0,81.0,75.0,69.0,51.0,74.0,75.0,63.0,88.0,51.0,50.0,60.0,184.0,175.0,160.0,160.0,163.0,105.0,439.0,541.0,589.0,612.0,593.0,580.0,659.0,683.0,762.0,769.0,769.0,433.0,454.0,396.0,418.0,537.0,598.0,608.0,687.0,606.0,586.0,579.0,713.0,431.0,521.0,557.0,605.0,473.0,554.0,608.0,695.0,709.0,924.0,924.0,927.0,927.0,958.0,943.0,1020.0,1021.0,1023.0,1020.0,,,,,,,,,,,,,,,,,,,,,,,,,,,,,,,,,,,,,,,,,,,,,,,,,,,,,,,,,,,,,,,,,,,,,,,,,,,,,,,,,,,,,,
78,23,34,28,28,1,19,25,32,32,51,37,44,25,39,38,34,31,53,28,99,71,83,77,75,-20,0,-49,-62,-75,59,43,51,50,108,26,26,7,33,0,0,-37,85.0,118.0,142.0,135.0,135.0,137.0,262.0,269.0,284.0,276.0,262.0,271.0,357.0,284.0,444.0,446.0,515.0,560.0,658.0,631.0,710.0,725.0,,,,,,,,,,,,,,,,,,,,,,,,,,,,,,,,,,,,,,,,,,,,,,,,,,,,,,,,,,,,,,,,,,,,,,,,,,,,,,,,,,,,,,,,,,,,,,,,,,,,,,,,,,,,,,,,,,,,,,,,,,,,,,,,,,,,,,
79,35,47,44,44,36,37,44,43,33,47,30,38,24,24,14,28,22,30,31,34,11,44,5,37,-21,0,-35,-38,-56,-52,-43,-16,-71,-47,-40,-20,-24,30,10,46,40,49.0,-36.0,-6.0,0.0,0.0,-230.0,0.0,-14.0,-17.0,-29.0,0.0,-117.0,-93.0,-125.0,-111.0,-143.0,-129.0,-237.0,-145.0,-142.0,-46.0,-157.0,-136.0,-200.0,-80.0,-103.0,-81.0,-83.0,-82.0,-80.0,-104.0,-138.0,-131.0,-150.0,-99.0,-116.0,-23.0,-80.0,-62.0,-52.0,-21.0,-151.0,-127.0,-114.0,-103.0,-133.0,-138.0,-161.0,-136.0,-154.0,-118.0,-123.0,-123.0,-274.0,-175.0,-311.0,-172.0,-322.0,-250.0,-584.0,-679.0,-799.0,-801.0,-812.0,-825.0,,,,,,,,,,,,,,,,,,,,,,,,,,,,,,,,,,,,,,,,,,,,,,,,,,,,,,,,,,,,,,,,,,,,,,,,,,,,,,,,,,,,,,,,,,,
