,0,1,2,3,4,5,6,7,8,9,10,11,12,13,14,15,16,17,18,19,20,21,22,23,24,25,26,27,28,29,30,31,32,33,34,35,36,37,38,39,40,41,42,43,44,45,46,47,48,49,50,51,52,53,54,55,56,57,58,59,60,61,62,63,64,65,66,67,68,69,70,71,72,73,74,75,76,77,78,79,80,81,82,83,84,85,86,87,88,89,90,91,92,93,94,95,96,97,98,99,100,101,102,103,104,105,106,107,108,109,110,111,112,113,114,115,116,117,118,119,120,121,122,123,124,125,126,127,128,129,130,131,132,133,134,135,136,137,138,139,140,141,142,143,144,145,146,147,148,149,150,151,152,153,154,155,156,157,158,159,160,161,162,163,164,165,166,167,168,169,170,171,172
0,21,37,19,34,38,36,20,47,48,40,47,49,33,63,43,46,27,63,35,60,34,128.0,87.0,118.0,82.0,114.0,89.0,152.0,93.0,98.0,130.0,85.0,113.0,128.0,148.0,134.0,158.0,173.0,177.0,200.0,160.0,347.0,326.0,432.0,428.0,492.0,466.0,485.0,491.0,,,,,,,,,,,,,,,,,,,,,,,,,,,,,,,,,,,,,,,,,,,,,,,,,,,,,,,,,,,,,,,,,,,,,,,,,,,,,,,,,,,,,,,,,,,,,,,,,,,,,,,,,,,,,,,,,,,,,,,,,,,,
1,18,46,38,55,-3,2,4,1,5,15,10,13,15,9,9,12,13,5,7,1,0,16.0,0.0,12.0,-21.0,-9.0,-13.0,-4.0,-3.0,0.0,-10.0,-2.0,-5.0,-9.0,0.0,0.0,0.0,1.0,0.0,-9.0,-16.0,-17.0,-21.0,0.0,-7.0,9.0,0.0,11.0,-46.0,-35.0,-10.0,0.0,0.0,0.0,1.0,0.0,5.0,3.0,0.0,2.0,0.0,12.0,,,,,,,,,,,,,,,,,,,,,,,,,,,,,,,,,,,,,,,,,,,,,,,,,,,,,,,,,,,,,,,,,,,,,,,,,,,,,,,,,,,,,,,,,,,,,,,,,,,,,,,,,,,,,,,
2,24,47,33,31,36,39,43,58,40,45,31,33,30,41,8,51,31,37,-2,48,65,65.0,50.0,56.0,61.0,71.0,79.0,59.0,70.0,75.0,0.0,17.0,0.0,21.0,21.0,25.0,-116.0,6.0,-22.0,2.0,-29.0,-15.0,0.0,-12.0,-18.0,84.0,42.0,72.0,63.0,82.0,82.0,164.0,131.0,206.0,175.0,317.0,334.0,330.0,380.0,446.0,444.0,788.0,831.0,831.0,475.0,637.0,661.0,,,,,,,,,,,,,,,,,,,,,,,,,,,,,,,,,,,,,,,,,,,,,,,,,,,,,,,,,,,,,,,,,,,,,,,,,,,,,,,,,,,,,,,,,,,,,,,,,,,,,,,,,,
3,20,41,10,36,32,54,12,53,12,58,51,54,48,59,59,49,52,49,39,61,53,64.0,39.0,76.0,27.0,64.0,0.0,14.0,2.0,32.0,0.0,17.0,12.0,8.0,-58.0,-8.0,-33.0,0.0,-35.0,75.0,-70.0,-40.0,-73.0,-33.0,-28.0,4.0,0.0,7.0,-108.0,-101.0,-95.0,-102.0,-87.0,-112.0,-110.0,-74.0,-62.0,-61.0,-236.0,-243.0,-261.0,-229.0,-262.0,-144.0,-212.0,-148.0,-159.0,-124.0,-130.0,-130.0,-124.0,-117.0,-112.0,-111.0,-125.0,-92.0,-93.0,-70.0,-181.0,-229.0,-336.0,-304.0,-408.0,-446.0,-439.0,-383.0,-440.0,-468.0,-465.0,-462.0,-442.0,-390.0,-439.0,-400.0,-411.0,-426.0,-435.0,-427.0,-413.0,-420.0,-470.0,-492.0,-539.0,-456.0,-516.0,-520.0,-549.0,-566.0,-609.0,-565.0,-547.0,-522.0,-507.0,-505.0,-546.0,-527.0,-599.0,-587.0,-588.0,-607.0,-716.0,-766.0,-795.0,-834.0,-902.0,-939.0,-983.0,-953.0,,,,,,,,,,,,,,,,,,,,,,,,,,,,,,,,,,,,,,,,,,,,,
4,16,46,34,41,21,35,30,35,22,23,2,6,-3,24,10,17,0,17,3,29,12,14.0,3.0,46.0,27.0,62.0,47.0,65.0,51.0,131.0,132.0,168.0,154.0,164.0,147.0,172.0,121.0,108.0,130.0,174.0,162.0,164.0,104.0,199.0,50.0,0.0,-27.0,-4.0,-11.0,-5.0,-2.0,8.0,8.0,38.0,30.0,24.0,-64.0,-37.0,-38.0,-24.0,-46.0,-23.0,-29.0,-17.0,-25.0,-9.0,,,,,,,,,,,,,,,,,,,,,,,,,,,,,,,,,,,,,,,,,,,,,,,,,,,,,,,,,,,,,,,,,,,,,,,,,,,,,,,,,,,,,,,,,,,,,,,,,,,,,,,,,,,
5,35,26,34,27,29,47,41,48,25,40,40,52,41,69,72,66,26,35,24,68,52,74.0,55.0,74.0,75.0,75.0,24.0,37.0,8.0,98.0,80.0,127.0,118.0,153.0,108.0,113.0,83.0,128.0,82.0,122.0,68.0,137.0,123.0,143.0,371.0,356.0,425.0,496.0,562.0,574.0,582.0,592.0,463.0,515.0,594.0,587.0,579.0,713.0,675.0,725.0,738.0,745.0,720.0,751.0,795.0,,,,,,,,,,,,,,,,,,,,,,,,,,,,,,,,,,,,,,,,,,,,,,,,,,,,,,,,,,,,,,,,,,,,,,,,,,,,,,,,,,,,,,,,,,,,,,,,,,,,,,,,,,,,
6,27,36,33,58,16,23,2,3,-6,3,0,28,16,32,24,23,23,22,17,48,12,12.0,4.0,15.0,0.0,32.0,32.0,45.0,0.0,60.0,-10.0,0.0,0.0,6.0,0.0,0.0,-23.0,25.0,-49.0,-45.0,-76.0,85.0,68.0,91.0,-42.0,-6.0,0.0,0.0,20.0,27.0,-25.0,37.0,-12.0,15.0,-80.0,-87.0,-150.0,-58.0,-208.0,-218.0,-295.0,-13.0,-101.0,-27.0,-58.0,-27.0,-19.0,4.0,0.0,0.0,-1.0,0.0,0.0,0.0,0.0,0.0,-49.0,0.0,0.0,0.0,0.0,105.0,0.0,219.0,204.0,373.0,314.0,374.0,370.0,427.0,411.0,441.0,398.0,528.0,495.0,564.0,519.0,567.0,550.0,605.0,640.0,710.0,686.0,765.0,924.0,997.0,744.0,803.0,948.0,956.0,1021.0,1087.0,790.0,866.0,842.0,862.0,887.0,909.0,755.0,810.0,769.0,822.0,788.0,895.0,902.0,935.0,918.0,1149.0,1402.0,,,,,,,,,,,,,,,,,,,,,,,,,,,,,,,,,,,,,,,,,,,,
7,28,41,37,72,48,70,29,36,21,42,40,29,35,50,29,57,46,30,28,16,-7,72.0,30.0,71.0,51.0,61.0,14.0,19.0,-7.0,4.0,4.0,-4.0,-9.0,0.0,-9.0,-15.0,0.0,10.0,-13.0,-3.0,3.0,25.0,12.0,29.0,26.0,18.0,22.0,28.0,14.0,15.0,25.0,21.0,5.0,28.0,27.0,25.0,39.0,21.0,15.0,11.0,16.0,29.0,13.0,10.0,7.0,14.0,21.0,3.0,0.0,0.0,0.0,18.0,0.0,0.0,0.0,11.0,0.0,0.0,0.0,17.0,5.0,0.0,0.0,0.0,-14.0,-16.0,-5.0,-6.0,-11.0,-4.0,-55.0,-10.0,-35.0,-3.0,,,,,,,,,,,,,,,,,,,,,,,,,,,,,,,,,,,,,,,,,,,,,,,,,,,,,,,,,,,,,,,,,,,,,,,,,,,,,,,
8,23,39,48,38,17,23,28,40,32,35,0,13,-6,40,30,35,30,39,32,50,39,24.0,32.0,19.0,12.0,48.0,47.0,4.0,-25.0,15.0,25.0,135.0,36.0,164.0,73.0,80.0,0.0,0.0,0.0,0.0,-65.0,-46.0,-40.0,119.0,57.0,94.0,54.0,122.0,-46.0,-41.0,-108.0,-80.0,-73.0,1.0,-8.0,120.0,112.0,198.0,140.0,222.0,187.0,214.0,203.0,304.0,240.0,255.0,259.0,264.0,249.0,249.0,262.0,248.0,234.0,350.0,306.0,346.0,387.0,495.0,496.0,514.0,443.0,488.0,498.0,484.0,428.0,491.0,523.0,522.0,537.0,515.0,501.0,563.0,502.0,555.0,535.0,653.0,667.0,701.0,610.0,,,,,,,,,,,,,,,,,,,,,,,,,,,,,,,,,,,,,,,,,,,,,,,,,,,,,,,,,,,,,,,,,,,,,,,,,,
9,25,42,29,27,29,44,25,37,37,39,6,15,10,13,9,28,0,11,5,10,-8,0.0,6.0,139.0,49.0,47.0,-26.0,-38.0,-71.0,-68.0,-124.0,-2.0,-9.0,6.0,-1.0,0.0,5.0,0.0,-12.0,35.0,19.0,68.0,36.0,40.0,43.0,88.0,30.0,23.0,20.0,237.0,27.0,24.0,43.0,63.0,63.0,52.0,50.0,36.0,0.0,0.0,0.0,0.0,0.0,,,,,,,,,,,,,,,,,,,,,,,,,,,,,,,,,,,,,,,,,,,,,,,,,,,,,,,,,,,,,,,,,,,,,,,,,,,,,,,,,,,,,,,,,,,,,,,,,,,,,,,,,,,,,,
10,31,36,0,6,-7,-8,-23,50,38,71,60,140,100,113,-154,161,97,140,72,78,79,80.0,69.0,75.0,86.0,71.0,46.0,77.0,53.0,86.0,69.0,103.0,80.0,107.0,57.0,108.0,88.0,140.0,150.0,152.0,119.0,116.0,96.0,208.0,176.0,181.0,154.0,168.0,29.0,52.0,49.0,40.0,12.0,71.0,55.0,63.0,74.0,141.0,149.0,147.0,150.0,148.0,158.0,175.0,145.0,187.0,151.0,149.0,142.0,149.0,84.0,91.0,138.0,149.0,112.0,137.0,100.0,140.0,36.0,60.0,36.0,32.0,0.0,3.0,0.0,0.0,0.0,22.0,0.0,0.0,0.0,0.0,1.0,3.0,0.0,160.0,103.0,231.0,284.0,235.0,300.0,320.0,291.0,713.0,812.0,815.0,792.0,1250.0,1412.0,1560.0,,,,,,,,,,,,,,,,,,,,,,,,,,,,,,,,,,,,,,,,,,,,,,,,,,,,,,,,,,,,,,,
11,28,51,47,36,37,55,39,60,56,44,54,66,61,90,63,66,50,47,44,55,25,107.0,94.0,90.0,86.0,109.0,105.0,108.0,82.0,124.0,116.0,146.0,145.0,168.0,149.0,176.0,138.0,162.0,152.0,163.0,71.0,212.0,148.0,347.0,250.0,298.0,325.0,401.0,431.0,495.0,434.0,495.0,542.0,618.0,596.0,703.0,847.0,1274.0,2036.0,9989.0,1520.0,1912.0,2167.0,2128.0,2246.0,,,,,,,,,,,,,,,,,,,,,,,,,,,,,,,,,,,,,,,,,,,,,,,,,,,,,,,,,,,,,,,,,,,,,,,,,,,,,,,,,,,,,,,,,,,,,,,,,,,,,,,,,,,,
12,24,18,7,39,12,47,26,34,10,21,20,35,16,22,9,73,70,46,0,87,54,83.0,60.0,93.0,75.0,158.0,58.0,50.0,42.0,51.0,37.0,75.0,80.0,72.0,15.0,54.0,39.0,46.0,51.0,44.0,23.0,52.0,25.0,25.0,24.0,53.0,50.0,52.0,50.0,66.0,58.0,75.0,36.0,73.0,29.0,49.0,22.0,34.0,31.0,34.0,36.0,41.0,36.0,32.0,0.0,27.0,,,,,,,,,,,,,,,,,,,,,,,,,,,,,,,,,,,,,,,,,,,,,,,,,,,,,,,,,,,,,,,,,,,,,,,,,,,,,,,,,,,,,,,,,,,,,,,,,,,,,,,,,,,
13,26,45,29,39,37,39,32,34,21,26,21,32,27,27,30,49,23,34,32,30,25,34.0,31.0,19.0,19.0,19.0,3.0,52.0,40.0,92.0,90.0,53.0,79.0,90.0,75.0,70.0,69.0,75.0,79.0,100.0,62.0,200.0,178.0,210.0,186.0,203.0,65.0,68.0,21.0,53.0,18.0,17.0,17.0,10.0,4.0,30.0,29.0,29.0,29.0,71.0,5.0,15.0,8.0,8.0,10.0,16.0,9.0,12.0,14.0,15.0,,,,,,,,,,,,,,,,,,,,,,,,,,,,,,,,,,,,,,,,,,,,,,,,,,,,,,,,,,,,,,,,,,,,,,,,,,,,,,,,,,,,,,,,,,,,,,,,,,,,,,,
14,21,44,42,46,34,53,39,43,29,48,8,40,42,57,27,47,-36,18,12,113,71,104.0,77.0,99.0,55.0,88.0,55.0,69.0,61.0,62.0,61.0,61.0,71.0,84.0,32.0,52.0,42.0,36.0,4.0,11.0,3.0,76.0,63.0,67.0,72.0,72.0,59.0,73.0,74.0,407.0,26.0,23.0,0.0,57.0,61.0,174.0,74.0,78.0,85.0,95.0,94.0,80.0,90.0,96.0,98.0,114.0,94.0,108.0,68.0,72.0,77.0,128.0,87.0,113.0,87.0,109.0,27.0,261.0,281.0,291.0,269.0,288.0,324.0,306.0,303.0,344.0,314.0,298.0,280.0,282.0,271.0,349.0,260.0,335.0,365.0,365.0,365.0,369.0,401.0,401.0,379.0,447.0,471.0,465.0,479.0,774.0,512.0,853.0,515.0,595.0,542.0,717.0,709.0,752.0,761.0,753.0,768.0,804.0,830.0,896.0,850.0,767.0,745.0,766.0,177.0,63.0,87.0,136.0,139.0,290.0,288.0,310.0,270.0,1151.0,1279.0,1279.0,1278.0,1280.0,1280.0,,,,,,,,,,,,,,,,,,,,,,,,,,,,,,,,,,
15,16,50,32,48,25,34,2,25,13,61,51,72,43,66,30,54,25,42,40,53,35,21.0,37.0,52.0,40.0,59.0,25.0,79.0,50.0,69.0,55.0,64.0,32.0,68.0,20.0,66.0,59.0,80.0,16.0,88.0,94.0,126.0,117.0,115.0,102.0,125.0,45.0,88.0,66.0,95.0,72.0,75.0,90.0,69.0,66.0,65.0,40.0,41.0,50.0,66.0,47.0,183.0,122.0,179.0,171.0,181.0,200.0,206.0,101.0,129.0,115.0,142.0,91.0,104.0,85.0,101.0,62.0,104.0,71.0,164.0,147.0,157.0,150.0,160.0,194.0,175.0,170.0,182.0,112.0,146.0,148.0,150.0,165.0,251.0,290.0,298.0,323.0,583.0,378.0,369.0,-282.0,364.0,313.0,388.0,300.0,262.0,209.0,284.0,288.0,286.0,284.0,281.0,281.0,303.0,276.0,280.0,287.0,308.0,255.0,247.0,223.0,362.0,214.0,369.0,319.0,488.0,405.0,433.0,371.0,438.0,204.0,271.0,246.0,238.0,266.0,319.0,34.0,57.0,0.0,32.0,14.0,92.0,-113.0,-175.0,-327.0,-262.0,-354.0,-384.0,-420.0,-502.0,-624.0,-100.0,-23.0,-5.0,-6.0,-6.0,-747.0,-775.0,-787.0,-771.0,,,,,,,,,,,,,
16,21,49,31,89,47,70,61,84,41,68,57,52,26,54,33,57,46,64,46,82,75,72.0,68.0,81.0,52.0,65.0,60.0,93.0,66.0,75.0,67.0,58.0,38.0,45.0,32.0,30.0,38.0,35.0,17.0,32.0,17.0,18.0,10.0,2.0,0.0,0.0,0.0,0.0,0.0,30.0,23.0,44.0,41.0,18.0,31.0,32.0,0.0,0.0,0.0,0.0,0.0,0.0,0.0,0.0,0.0,,,,,,,,,,,,,,,,,,,,,,,,,,,,,,,,,,,,,,,,,,,,,,,,,,,,,,,,,,,,,,,,,,,,,,,,,,,,,,,,,,,,,,,,,,,,,,,,,,,,,,,,,,,,
17,12,96,78,68,71,85,71,75,79,105,101,96,98,121,98,150,113,131,112,152,130,166.0,144.0,161.0,166.0,156.0,127.0,214.0,111.0,156.0,143.0,148.0,134.0,134.0,130.0,150.0,108.0,176.0,-8.0,72.0,-22.0,-13.0,-38.0,-10.0,-25.0,-15.0,-23.0,21.0,0.0,0.0,0.0,4.0,49.0,42.0,27.0,35.0,17.0,66.0,65.0,63.0,44.0,68.0,44.0,22.0,9.0,31.0,15.0,29.0,20.0,30.0,21.0,42.0,11.0,40.0,0.0,0.0,-4.0,0.0,0.0,0.0,0.0,0.0,0.0,0.0,-38.0,-30.0,-31.0,,,,,,,,,,,,,,,,,,,,,,,,,,,,,,,,,,,,,,,,,,,,,,,,,,,,,,,,,,,,,,,,,,,,,,,,,,,,,,,,,,,,,,
18,26,36,36,48,29,35,7,36,32,42,6,35,16,35,41,27,51,65,3,0,0,24.0,11.0,48.0,13.0,34.0,11.0,4.0,-1.0,69.0,61.0,98.0,68.0,6.0,0.0,-17.0,-30.0,-20.0,-30.0,-28.0,-29.0,-23.0,-31.0,0.0,0.0,96.0,-29.0,17.0,-49.0,30.0,-46.0,-11.0,-46.0,-42.0,-139.0,-117.0,-137.0,-120.0,-241.0,-250.0,-297.0,-384.0,-404.0,-390.0,-401.0,-293.0,-318.0,-221.0,-165.0,-164.0,-184.0,-178.0,-370.0,-238.0,-487.0,-126.0,-168.0,-159.0,-179.0,-160.0,-164.0,-120.0,-173.0,-122.0,-175.0,-160.0,-194.0,-150.0,-302.0,-329.0,-324.0,-225.0,-262.0,-300.0,-315.0,-262.0,-358.0,-83.0,-73.0,-75.0,-80.0,-67.0,-91.0,-55.0,-72.0,-73.0,-85.0,-32.0,-52.0,-36.0,-38.0,-28.0,-443.0,-450.0,-453.0,-470.0,-487.0,-481.0,,,,,,,,,,,,,,,,,,,,,,,,,,,,,,,,,,,,,,,,,,,,,,,,,,,,,,,
19,23,37,13,33,27,41,16,23,23,19,15,19,17,36,31,36,16,31,20,48,30,49.0,7.0,63.0,5.0,8.0,-8.0,100.0,13.0,57.0,-18.0,-17.0,-21.0,8.0,-30.0,6.0,-22.0,0.0,-34.0,-15.0,-29.0,-9.0,-17.0,-9.0,-6.0,-12.0,-26.0,-16.0,-25.0,-2.0,-43.0,-2.0,-15.0,28.0,-168.0,-51.0,-182.0,-171.0,-167.0,-137.0,-125.0,-87.0,-133.0,0.0,0.0,-6.0,-9.0,-17.0,-18.0,-11.0,-14.0,-1.0,-2.0,0.0,0.0,0.0,-17.0,0.0,0.0,0.0,0.0,0.0,0.0,0.0,0.0,0.0,0.0,0.0,0.0,0.0,0.0,,,,,,,,,,,,,,,,,,,,,,,,,,,,,,,,,,,,,,,,,,,,,,,,,,,,,,,,,,,,,,,,,,,,,,,,,,,,,,,,,,
20,36,45,44,49,38,48,33,26,20,32,14,5,-5,16,-9,50,27,28,15,12,-25,-12.0,-57.0,-29.0,-45.0,-41.0,-39.0,-26.0,-30.0,87.0,-28.0,-18.0,-55.0,-17.0,-78.0,133.0,118.0,125.0,87.0,149.0,100.0,146.0,130.0,154.0,86.0,124.0,122.0,148.0,188.0,196.0,188.0,201.0,48.0,117.0,65.0,65.0,22.0,62.0,20.0,36.0,14.0,17.0,5.0,30.0,25.0,41.0,17.0,24.0,7.0,26.0,27.0,33.0,0.0,0.0,0.0,0.0,0.0,61.0,119.0,114.0,0.0,0.0,-5.0,60.0,-225.0,-164.0,-182.0,-238.0,-587.0,-579.0,-637.0,-649.0,-576.0,-510.0,-565.0,-595.0,-737.0,-647.0,-634.0,-748.0,-861.0,-907.0,-989.0,-971.0,-1069.0,-1096.0,,,,,,,,,,,,,,,,,,,,,,,,,,,,,,,,,,,,,,,,,,,,,,,,,,,,,,,,,,,,,,,,,,,
21,16,25,37,44,51,57,42,50,37,57,39,56,48,45,28,50,24,24,23,36,45,42.0,29.0,56.0,60.0,40.0,47.0,93.0,108.0,102.0,61.0,90.0,67.0,111.0,61.0,98.0,62.0,100.0,90.0,86.0,41.0,103.0,61.0,83.0,57.0,45.0,58.0,75.0,79.0,63.0,40.0,429.0,461.0,478.0,495.0,431.0,308.0,372.0,312.0,377.0,365.0,367.0,379.0,418.0,413.0,425.0,450.0,493.0,464.0,515.0,482.0,522.0,474.0,504.0,521.0,495.0,442.0,561.0,615.0,678.0,701.0,726.0,784.0,788.0,833.0,837.0,879.0,945.0,941.0,1062.0,1307.0,9989.0,9991.0,,,,,,,,,,,,,,,,,,,,,,,,,,,,,,,,,,,,,,,,,,,,,,,,,,,,,,,,,,,,,,,,,,,,,,,,,,,,,,,,
22,29,50,38,39,32,40,46,66,46,66,38,62,36,58,53,63,60,83,54,40,18,22.0,29.0,74.0,68.0,64.0,71.0,89.0,51.0,105.0,44.0,113.0,87.0,124.0,101.0,112.0,112.0,119.0,63.0,175.0,54.0,40.0,56.0,70.0,55.0,90.0,25.0,129.0,52.0,68.0,37.0,47.0,34.0,74.0,62.0,118.0,124.0,118.0,106.0,415.0,439.0,433.0,403.0,600.0,578.0,627.0,439.0,444.0,359.0,420.0,343.0,352.0,293.0,293.0,135.0,139.0,141.0,149.0,163.0,233.0,241.0,251.0,225.0,372.0,408.0,482.0,168.0,216.0,166.0,164.0,153.0,431.0,365.0,385.0,320.0,414.0,355.0,411.0,280.0,269.0,225.0,256.0,284.0,265.0,275.0,359.0,165.0,202.0,189.0,220.0,231.0,343.0,182.0,609.0,598.0,775.0,875.0,1025.0,902.0,1040.0,1041.0,1140.0,1197.0,1196.0,907.0,1337.0,1283.0,,,,,,,,,,,,,,,,,,,,,,,,,,,,,,,,,,,,,,,,,,,,,,
23,25,45,45,42,9,12,1,27,5,30,24,33,31,31,17,39,37,47,37,29,28,21.0,7.0,11.0,5.0,32.0,-73.0,-53.0,-88.0,26.0,6.0,134.0,105.0,87.0,31.0,41.0,6.0,38.0,-152.0,102.0,70.0,93.0,82.0,130.0,148.0,153.0,116.0,269.0,55.0,100.0,94.0,454.0,435.0,715.0,637.0,767.0,768.0,,,,,,,,,,,,,,,,,,,,,,,,,,,,,,,,,,,,,,,,,,,,,,,,,,,,,,,,,,,,,,,,,,,,,,,,,,,,,,,,,,,,,,,,,,,,,,,,,,,,,,,,,,,,,,,,,,,,
24,12,28,37,37,30,59,42,77,47,101,68,66,48,31,12,25,21,29,25,38,8,29.0,-12.0,-3.0,-42.0,0.0,-112.0,-43.0,-62.0,-37.0,-54.0,-47.0,-26.0,-14.0,-9.0,-26.0,-25.0,-10.0,-56.0,-77.0,-69.0,-48.0,-69.0,-38.0,-71.0,-12.0,-106.0,-113.0,-102.0,-102.0,-81.0,-108.0,-131.0,-100.0,-132.0,-125.0,-97.0,-88.0,-92.0,-50.0,-50.0,-58.0,-75.0,-57.0,-93.0,-87.0,-98.0,-64.0,-67.0,-62.0,-92.0,-64.0,-70.0,-64.0,-47.0,0.0,-78.0,,,,,,,,,,,,,,,,,,,,,,,,,,,,,,,,,,,,,,,,,,,,,,,,,,,,,,,,,,,,,,,,,,,,,,,,,,,,,,,,,,,,,,,,,,,,,,,,
25,27,44,13,46,-21,30,12,29,10,15,7,41,27,31,21,32,25,25,23,32,11,24.0,13.0,14.0,8.0,23.0,15.0,23.0,11.0,24.0,10.0,14.0,13.0,16.0,10.0,20.0,0.0,33.0,45.0,40.0,55.0,62.0,37.0,49.0,52.0,54.0,50.0,67.0,49.0,75.0,53.0,61.0,50.0,65.0,47.0,68.0,62.0,53.0,46.0,62.0,37.0,49.0,48.0,38.0,38.0,49.0,46.0,96.0,67.0,96.0,93.0,129.0,162.0,127.0,138.0,125.0,100.0,92.0,91.0,78.0,64.0,66.0,35.0,32.0,35.0,28.0,26.0,36.0,37.0,162.0,186.0,261.0,295.0,339.0,70.0,115.0,34.0,38.0,32.0,30.0,30.0,23.0,22.0,29.0,6.0,0.0,0.0,0.0,0.0,5.0,1.0,16.0,1.0,5.0,0.0,0.0,0.0,5.0,0.0,0.0,0.0,5.0,0.0,0.0,7.0,7.0,6.0,29.0,25.0,56.0,7.0,56.0,0.0,0.0,0.0,0.0,0.0,0.0,,,,,,,,,,,,,,,,,,,,,,,,,,,,,,,,,,,
26,27,45,36,30,18,27,24,59,-14,56,37,41,24,43,21,137,48,122,106,107,66,108.0,-5.0,96.0,63.0,184.0,165.0,221.0,209.0,239.0,142.0,188.0,205.0,409.0,27.0,168.0,179.0,168.0,-64.0,232.0,192.0,218.0,-238.0,-185.0,-260.0,-75.0,-171.0,-54.0,-140.0,-150.0,-148.0,-123.0,-121.0,-93.0,-128.0,-98.0,-137.0,-137.0,-170.0,-136.0,-165.0,91.0,50.0,48.0,40.0,415.0,396.0,651.0,629.0,700.0,750.0,760.0,828.0,877.0,733.0,749.0,649.0,618.0,478.0,828.0,826.0,1746.0,2580.0,6012.0,5989.0,7110.0,7118.0,7357.0,9990.0,9990.0,9991.0,9991.0,9992.0,9992.0,9994.0,9994.0,9995.0,9995.0,9996.0,,,,,,,,,,,,,,,,,,,,,,,,,,,,,,,,,,,,,,,,,,,,,,,,,,,,,,,,,,,,,,,,,,,,,,,,,,
27,20,25,32,35,7,33,31,43,25,50,16,25,13,25,17,16,0,14,5,27,13,28.0,12.0,12.0,7.0,44.0,11.0,17.0,6.0,32.0,15.0,22.0,9.0,21.0,28.0,11.0,-1.0,-8.0,-5.0,0.0,0.0,0.0,0.0,-7.0,-2.0,0.0,-7.0,0.0,0.0,-5.0,0.0,0.0,0.0,0.0,0.0,0.0,0.0,0.0,,,,,,,,,,,,,,,,,,,,,,,,,,,,,,,,,,,,,,,,,,,,,,,,,,,,,,,,,,,,,,,,,,,,,,,,,,,,,,,,,,,,,,,,,,,,,,,,,,,,,,,,,,,,,,,,,,,
28,25,37,16,35,11,39,24,22,21,46,44,34,41,40,32,51,48,32,21,50,36,86.0,62.0,88.0,71.0,88.0,75.0,92.0,70.0,88.0,75.0,97.0,92.0,94.0,87.0,127.0,84.0,192.0,87.0,84.0,94.0,499.0,374.0,316.0,397.0,407.0,386.0,419.0,363.0,370.0,396.0,603.0,,,,,,,,,,,,,,,,,,,,,,,,,,,,,,,,,,,,,,,,,,,,,,,,,,,,,,,,,,,,,,,,,,,,,,,,,,,,,,,,,,,,,,,,,,,,,,,,,,,,,,,,,,,,,,,,,,,,,,,,,
29,23,29,23,52,27,36,30,40,0,35,30,37,31,35,28,33,27,46,41,52,17,55.0,11.0,13.0,26.0,44.0,4.0,3.0,0.0,0.0,-4.0,-4.0,-75.0,51.0,16.0,31.0,10.0,41.0,10.0,46.0,38.0,43.0,39.0,41.0,50.0,95.0,107.0,109.0,93.0,103.0,92.0,96.0,57.0,79.0,0.0,-3.0,-3.0,13.0,7.0,15.0,13.0,15.0,8.0,3.0,,,,,,,,,,,,,,,,,,,,,,,,,,,,,,,,,,,,,,,,,,,,,,,,,,,,,,,,,,,,,,,,,,,,,,,,,,,,,,,,,,,,,,,,,,,,,,,,,,,,,,,,,,,,,
30,13,24,17,62,64,59,42,38,41,53,25,32,28,17,9,66,24,24,32,65,0,28.0,-1.0,23.0,-60.0,-59.0,-59.0,-63.0,-100.0,7.0,1.0,-24.0,-44.0,-42.0,-47.0,-39.0,-55.0,-51.0,-50.0,-10.0,-64.0,-23.0,-68.0,123.0,-31.0,-12.0,-16.0,16.0,-134.0,-84.0,-79.0,-56.0,-92.0,-75.0,-201.0,-9.0,-9.0,88.0,27.0,3.0,0.0,19.0,8.0,27.0,-14.0,88.0,86.0,105.0,53.0,92.0,7.0,49.0,0.0,92.0,22.0,191.0,108.0,131.0,111.0,339.0,311.0,489.0,375.0,747.0,697.0,,,,,,,,,,,,,,,,,,,,,,,,,,,,,,,,,,,,,,,,,,,,,,,,,,,,,,,,,,,,,,,,,,,,,,,,,,,,,,,,,,,,,,,,
31,28,38,34,47,28,42,23,26,0,8,0,0,0,9,19,0,2,10,0,0,0,47.0,29.0,40.0,21.0,39.0,43.0,60.0,37.0,47.0,62.0,103.0,51.0,77.0,-12.0,43.0,-51.0,-36.0,-47.0,-33.0,-104.0,-56.0,-71.0,-54.0,-81.0,-74.0,-42.0,-59.0,-55.0,-35.0,-161.0,-180.0,-189.0,-187.0,-201.0,-212.0,-211.0,-198.0,-351.0,-244.0,-300.0,-340.0,-325.0,-317.0,-389.0,-225.0,-380.0,-302.0,-327.0,-323.0,-324.0,-281.0,-312.0,-257.0,-403.0,-332.0,-384.0,-359.0,-451.0,-510.0,-522.0,-525.0,-589.0,-475.0,-487.0,-476.0,-470.0,-499.0,-530.0,-512.0,-506.0,-416.0,-470.0,-494.0,-537.0,-575.0,-615.0,-625.0,-675.0,-627.0,-662.0,-668.0,-723.0,-764.0,-732.0,-728.0,-743.0,-532.0,-563.0,-632.0,-657.0,-310.0,-366.0,-356.0,-356.0,-333.0,-373.0,-358.0,-375.0,-375.0,-467.0,-458.0,-525.0,-404.0,-522.0,-425.0,-661.0,-388.0,-512.0,-341.0,-416.0,-341.0,-333.0,-355.0,-554.0,0.0,-331.0,-480.0,-593.0,-652.0,-660.0,-760.0,-786.0,-786.0,-786.0,-786.0,-786.0,-972.0,-1352.0,-1369.0,-1344.0,-1062.0,-1169.0,-1311.0,-1300.0,-1298.0,-1312.0,-1385.0,-1639.0,-1643.0,-1709.0,-1760.0,-1961.0,-1283.0,-5615.0,-5615.0,-9995.0,-9994.0,,,,,
32,23,80,52,76,74,68,59,74,68,61,73,94,80,95,88,101,77,93,71,84,80,93.0,87.0,90.0,79.0,82.0,60.0,75.0,76.0,116.0,89.0,107.0,78.0,99.0,75.0,114.0,105.0,123.0,89.0,97.0,68.0,81.0,87.0,142.0,138.0,142.0,95.0,103.0,45.0,122.0,99.0,109.0,106.0,112.0,84.0,87.0,0.0,146.0,124.0,123.0,77.0,93.0,65.0,109.0,113.0,120.0,0.0,,,,,,,,,,,,,,,,,,,,,,,,,,,,,,,,,,,,,,,,,,,,,,,,,,,,,,,,,,,,,,,,,,,,,,,,,,,,,,,,,,,,,,,,,,,,,,,,,,,,,,,,,,
33,24,40,-21,-21,-35,13,-9,8,-3,5,0,7,-15,34,25,36,34,76,44,124,111,130.0,102.0,140.0,151.0,151.0,134.0,141.0,134.0,146.0,128.0,158.0,148.0,172.0,119.0,125.0,88.0,80.0,66.0,62.0,72.0,74.0,67.0,76.0,35.0,80.0,60.0,120.0,110.0,115.0,17.0,14.0,41.0,30.0,-134.0,-96.0,-81.0,7.0,0.0,13.0,0.0,0.0,0.0,0.0,0.0,0.0,0.0,0.0,0.0,28.0,15.0,17.0,0.0,7.0,0.0,124.0,0.0,0.0,0.0,127.0,,,,,,,,,,,,,,,,,,,,,,,,,,,,,,,,,,,,,,,,,,,,,,,,,,,,,,,,,,,,,,,,,,,,,,,,,,,,,,,,,,,,,,,,,,,,,
34,18,45,53,40,14,24,6,15,24,32,0,33,35,87,71,95,111,72,92,102,95,,,,,,,,,,,,,,,,,,,,,,,,,,,,,,,,,,,,,,,,,,,,,,,,,,,,,,,,,,,,,,,,,,,,,,,,,,,,,,,,,,,,,,,,,,,,,,,,,,,,,,,,,,,,,,,,,,,,,,,,,,,,,,,,,,,,,,,,,,,,,,,,,,,,,,,,
35,37,28,0,24,4,7,-15,-1,-16,16,6,0,-26,19,-19,7,-22,-17,-28,-12,-77,-69.0,-149.0,-22.0,-44.0,112.0,140.0,162.0,140.0,163.0,136.0,470.0,283.0,287.0,287.0,307.0,270.0,530.0,520.0,531.0,532.0,652.0,637.0,667.0,696.0,717.0,754.0,661.0,692.0,9994.0,9995.0,,,,,,,,,,,,,,,,,,,,,,,,,,,,,,,,,,,,,,,,,,,,,,,,,,,,,,,,,,,,,,,,,,,,,,,,,,,,,,,,,,,,,,,,,,,,,,,,,,,,,,,,,,,,,,,,,,,,,,,,,,
36,19,37,14,33,0,0,-23,12,28,33,36,45,48,70,55,57,-20,17,13,60,34,21.0,0.0,73.0,70.0,167.0,94.0,281.0,189.0,525.0,280.0,288.0,296.0,531.0,49.0,42.0,41.0,62.0,0.0,0.0,58.0,7.0,10.0,11.0,0.0,18.0,24.0,44.0,49.0,75.0,10.0,15.0,13.0,11.0,-20.0,-10.0,-16.0,9.0,-68.0,-51.0,-152.0,-118.0,-149.0,-69.0,-124.0,-123.0,-144.0,-95.0,-190.0,-278.0,-362.0,-462.0,-462.0,-451.0,-539.0,-537.0,-641.0,-440.0,-574.0,-593.0,-623.0,0.0,-510.0,-500.0,-546.0,-615.0,-585.0,-602.0,-656.0,-631.0,-725.0,-634.0,-718.0,-690.0,-741.0,-584.0,-592.0,-403.0,-423.0,-425.0,-428.0,8.0,9.0,14.0,0.0,0.0,0.0,0.0,0.0,0.0,0.0,3.0,0.0,7.0,0.0,0.0,0.0,0.0,0.0,0.0,0.0,0.0,0.0,0.0,0.0,0.0,,,,,,,,,,,,,,,,,,,,,,,,,,,,,,,,,,,,,,,,,,,,,,,
37,24,35,23,46,24,27,21,19,37,37,20,21,39,30,27,32,30,48,37,54,18,81.0,88.0,132.0,108.0,160.0,112.0,134.0,140.0,140.0,151.0,132.0,136.0,138.0,147.0,368.0,217.0,367.0,382.0,529.0,519.0,643.0,638.0,659.0,722.0,732.0,720.0,752.0,776.0,777.0,760.0,831.0,848.0,858.0,860.0,865.0,869.0,860.0,886.0,1050.0,9989.0,9997.0,9998.0,9998.0,9999.0,9999.0,10000.0,,,,,,,,,,,,,,,,,,,,,,,,,,,,,,,,,,,,,,,,,,,,,,,,,,,,,,,,,,,,,,,,,,,,,,,,,,,,,,,,,,,,,,,,,,,,,,,,,,,,,,,,,,
38,26,31,36,58,23,40,40,43,29,37,28,41,28,40,33,37,36,46,31,44,34,94.0,12.0,37.0,-2.0,50.0,-25.0,6.0,-66.0,-50.0,-66.0,-44.0,-100.0,0.0,-37.0,-14.0,-32.0,24.0,0.0,131.0,131.0,103.0,92.0,115.0,85.0,93.0,105.0,234.0,240.0,228.0,218.0,234.0,311.0,281.0,233.0,319.0,360.0,366.0,348.0,360.0,360.0,348.0,346.0,466.0,323.0,555.0,374.0,353.0,365.0,353.0,320.0,389.0,380.0,409.0,366.0,420.0,392.0,462.0,469.0,483.0,527.0,643.0,562.0,1365.0,1631.0,9998.0,9999.0,,,,,,,,,,,,,,,,,,,,,,,,,,,,,,,,,,,,,,,,,,,,,,,,,,,,,,,,,,,,,,,,,,,,,,,,,,,,,,,,,,,,,,
39,-1,50,23,48,35,30,31,23,10,31,-6,17,-17,28,0,52,11,43,31,37,26,23.0,3.0,43.0,31.0,30.0,35.0,123.0,22.0,38.0,21.0,28.0,19.0,28.0,30.0,30.0,13.0,30.0,7.0,34.0,0.0,39.0,-14.0,50.0,35.0,48.0,13.0,20.0,11.0,7.0,-40.0,-4.0,0.0,69.0,53.0,59.0,-30.0,-10.0,-16.0,-10.0,-27.0,4.0,7.0,11.0,5.0,42.0,40.0,41.0,36.0,28.0,38.0,99.0,106.0,707.0,18.0,14.0,0.0,16.0,24.0,30.0,0.0,0.0,-11.0,0.0,0.0,0.0,0.0,0.0,0.0,0.0,0.0,0.0,0.0,0.0,0.0,0.0,0.0,0.0,0.0,0.0,0.0,0.0,0.0,3.0,-25.0,0.0,-13.0,-10.0,-25.0,0.0,0.0,0.0,-16.0,,,,,,,,,,,,,,,,,,,,,,,,,,,,,,,,,,,,,,,,,,,,,,,,,,,,,,,,,,,,
40,28,45,40,61,39,52,50,63,54,81,52,75,64,68,54,62,54,69,78,76,39,74.0,40.0,50.0,29.0,46.0,37.0,62.0,74.0,85.0,19.0,25.0,-25.0,-9.0,-34.0,1.0,0.0,43.0,27.0,95.0,28.0,74.0,22.0,15.0,4.0,2.0,-31.0,-17.0,-31.0,124.0,93.0,239.0,93.0,179.0,157.0,187.0,158.0,181.0,162.0,171.0,231.0,186.0,149.0,258.0,208.0,232.0,199.0,287.0,327.0,353.0,322.0,430.0,307.0,490.0,322.0,607.0,620.0,659.0,708.0,838.0,718.0,,,,,,,,,,,,,,,,,,,,,,,,,,,,,,,,,,,,,,,,,,,,,,,,,,,,,,,,,,,,,,,,,,,,,,,,,,,,,,,,,,,,,,,,,,,,
41,24,45,35,41,47,43,46,45,40,53,18,21,9,90,57,168,128,145,144,144,152,171.0,142.0,153.0,75.0,183.0,199.0,189.0,163.0,306.0,287.0,404.0,373.0,392.0,375.0,426.0,393.0,477.0,538.0,542.0,483.0,562.0,547.0,589.0,579.0,490.0,547.0,705.0,707.0,715.0,736.0,729.0,694.0,749.0,753.0,9996.0,9997.0,,,,,,,,,,,,,,,,,,,,,,,,,,,,,,,,,,,,,,,,,,,,,,,,,,,,,,,,,,,,,,,,,,,,,,,,,,,,,,,,,,,,,,,,,,,,,,,,,,,,,,,,,,,,,,,,,,,,
42,26,36,49,37,41,70,45,58,59,57,62,49,48,42,60,62,60,67,63,70,33,54.0,51.0,35.0,44.0,75.0,69.0,104.0,95.0,128.0,115.0,122.0,92.0,106.0,101.0,87.0,108.0,115.0,102.0,124.0,122.0,119.0,111.0,109.0,90.0,115.0,114.0,104.0,110.0,73.0,65.0,77.0,58.0,127.0,84.0,66.0,79.0,109.0,53.0,67.0,0.0,0.0,0.0,-1.0,-14.0,109.0,97.0,157.0,90.0,113.0,111.0,116.0,100.0,102.0,101.0,105.0,99.0,104.0,81.0,104.0,82.0,175.0,166.0,183.0,160.0,172.0,169.0,198.0,182.0,192.0,202.0,190.0,215.0,219.0,218.0,207.0,203.0,200.0,215.0,199.0,195.0,195.0,192.0,195.0,197.0,197.0,162.0,197.0,191.0,187.0,184.0,400.0,402.0,348.0,333.0,335.0,363.0,377.0,481.0,475.0,482.0,509.0,510.0,484.0,463.0,463.0,484.0,438.0,393.0,458.0,454.0,457.0,484.0,454.0,466.0,474.0,290.0,466.0,217.0,248.0,325.0,448.0,423.0,429.0,271.0,418.0,450.0,453.0,462.0,497.0,522.0,636.0,500.0,531.0,535.0,536.0,535.0,537.0,527.0,552.0,537.0,537.0,612.0,879.0,892.0,1139.0,1199.0,1466.0,1514.0,9998.0,9999.0,9999.0,10000.0
43,39,41,33,80,45,64,37,68,1,89,50,92,83,93,82,90,67,87,48,66,23,21.0,4.0,16.0,21.0,60.0,7.0,20.0,0.0,65.0,51.0,52.0,30.0,28.0,25.0,79.0,85.0,85.0,82.0,148.0,123.0,122.0,114.0,169.0,154.0,145.0,117.0,117.0,113.0,120.0,69.0,78.0,50.0,47.0,23.0,33.0,31.0,56.0,23.0,77.0,33.0,103.0,-44.0,62.0,0.0,66.0,55.0,86.0,69.0,188.0,5.0,23.0,0.0,0.0,-105.0,-87.0,-69.0,-73.0,-69.0,-63.0,-66.0,-33.0,-46.0,-20.0,-17.0,-12.0,-39.0,-17.0,-22.0,-12.0,-25.0,-28.0,-47.0,-27.0,-24.0,-16.0,-37.0,-36.0,-23.0,-7.0,-22.0,-13.0,-5.0,-21.0,-42.0,0.0,-1.0,34.0,39.0,100.0,24.0,79.0,94.0,196.0,162.0,291.0,267.0,269.0,243.0,402.0,400.0,447.0,295.0,360.0,351.0,351.0,320.0,593.0,600.0,611.0,630.0,651.0,651.0,637.0,632.0,731.0,714.0,722.0,774.0,797.0,824.0,882.0,757.0,760.0,760.0,762.0,762.0,762.0,767.0,768.0,770.0,770.0,770.0,770.0,771.0,775.0,778.0,783.0,783.0,783.0,784.0,,,,,,,,,,,,
44,22,37,21,69,52,64,49,65,14,10,5,8,9,2,1,11,3,9,-5,8,0,6.0,0.0,0.0,-100.0,-89.0,-85.0,-28.0,-141.0,-108.0,-161.0,-150.0,-211.0,-183.0,-215.0,-177.0,-274.0,-144.0,-192.0,-156.0,-157.0,-106.0,-160.0,-22.0,-205.0,-143.0,-197.0,-108.0,-147.0,-110.0,-137.0,-122.0,-125.0,-62.0,-100.0,-122.0,-121.0,-35.0,-45.0,-12.0,0.0,1.0,-24.0,-13.0,-15.0,-28.0,-55.0,-43.0,-45.0,-11.0,-16.0,0.0,-1.0,0.0,0.0,9.0,2.0,3.0,0.0,0.0,0.0,0.0,0.0,0.0,0.0,0.0,0.0,0.0,,,,,,,,,,,,,,,,,,,,,,,,,,,,,,,,,,,,,,,,,,,,,,,,,,,,,,,,,,,,,,,,,,,,,,,,,,,,,,,,,,,,,
45,39,59,46,51,36,68,50,62,47,60,62,63,54,60,33,45,34,59,56,55,39,50.0,46.0,59.0,66.0,71.0,60.0,60.0,69.0,59.0,72.0,78.0,42.0,89.0,66.0,93.0,35.0,53.0,34.0,47.0,32.0,52.0,66.0,43.0,2.0,25.0,-15.0,20.0,0.0,11.0,-30.0,4.0,-79.0,37.0,27.0,25.0,25.0,287.0,267.0,350.0,488.0,532.0,519.0,623.0,112.0,114.0,93.0,123.0,109.0,139.0,126.0,128.0,125.0,102.0,101.0,190.0,167.0,228.0,151.0,189.0,177.0,283.0,188.0,372.0,293.0,287.0,285.0,344.0,290.0,331.0,296.0,331.0,314.0,368.0,215.0,444.0,517.0,495.0,420.0,480.0,315.0,454.0,209.0,493.0,522.0,509.0,561.0,613.0,-611.0,-612.0,,,,,,,,,,,,,,,,,,,,,,,,,,,,,,,,,,,,,,,,,,,,,,,,,,,,,,,,,,,,,,,
46,36,33,18,63,38,42,46,43,26,23,13,42,-8,-12,13,87,84,72,81,101,69,102.0,60.0,80.0,77.0,98.0,60.0,100.0,68.0,64.0,75.0,72.0,79.0,92.0,0.0,2.0,23.0,94.0,86.0,180.0,179.0,208.0,190.0,189.0,184.0,205.0,174.0,187.0,202.0,231.0,173.0,196.0,220.0,197.0,223.0,248.0,230.0,231.0,195.0,257.0,228.0,204.0,191.0,219.0,55.0,47.0,36.0,28.0,0.0,0.0,-29.0,40.0,26.0,34.0,62.0,148.0,,,,,,,,,,,,,,,,,,,,,,,,,,,,,,,,,,,,,,,,,,,,,,,,,,,,,,,,,,,,,,,,,,,,,,,,,,,,,,,,,,,,,,,,,,,,,,,,,
47,25,23,35,60,49,53,50,47,47,49,26,65,39,62,47,63,66,65,60,65,58,96.0,94.0,99.0,66.0,128.0,120.0,137.0,106.0,107.0,24.0,46.0,33.0,47.0,-50.0,-39.0,-53.0,-58.0,-51.0,0.0,0.0,0.0,-68.0,45.0,-16.0,0.0,-52.0,21.0,12.0,1.0,-99.0,-99.0,-107.0,84.0,47.0,25.0,0.0,116.0,86.0,92.0,84.0,80.0,50.0,62.0,80.0,73.0,24.0,54.0,104.0,50.0,35.0,43.0,45.0,52.0,54.0,38.0,-7.0,72.0,64.0,93.0,77.0,51.0,16.0,42.0,29.0,114.0,63.0,164.0,155.0,193.0,61.0,81.0,63.0,64.0,57.0,66.0,-18.0,0.0,-12.0,0.0,-26.0,-11.0,-41.0,0.0,-45.0,-44.0,-52.0,-56.0,-55.0,-12.0,-402.0,-557.0,-584.0,-683.0,-756.0,-767.0,-737.0,-828.0,-773.0,-447.0,-767.0,-933.0,-1161.0,-1236.0,-1240.0,,,,,,,,,,,,,,,,,,,,,,,,,,,,,,,,,,,,,,,,,,,,,,,,
48,24,38,18,32,55,50,25,25,31,52,40,40,28,35,36,67,36,60,45,62,52,76.0,47.0,50.0,59.0,71.0,75.0,76.0,52.0,159.0,122.0,152.0,140.0,139.0,70.0,87.0,58.0,42.0,46.0,47.0,34.0,75.0,44.0,58.0,21.0,88.0,95.0,104.0,88.0,104.0,82.0,80.0,74.0,98.0,82.0,99.0,85.0,90.0,36.0,46.0,19.0,250.0,302.0,253.0,-25.0,108.0,61.0,345.0,38.0,425.0,468.0,474.0,518.0,528.0,563.0,753.0,582.0,570.0,570.0,569.0,570.0,,,,,,,,,,,,,,,,,,,,,,,,,,,,,,,,,,,,,,,,,,,,,,,,,,,,,,,,,,,,,,,,,,,,,,,,,,,,,,,,,,,,,,,,,,,,
49,20,28,-27,-5,-11,-7,-12,21,31,45,33,38,6,97,62,87,62,94,62,71,64,75.0,95.0,101.0,89.0,119.0,75.0,105.0,65.0,98.0,91.0,95.0,79.0,98.0,96.0,98.0,75.0,79.0,80.0,112.0,73.0,83.0,27.0,38.0,40.0,167.0,-30.0,140.0,-590.0,188.0,184.0,184.0,149.0,140.0,163.0,144.0,187.0,171.0,165.0,247.0,239.0,280.0,226.0,381.0,284.0,625.0,532.0,638.0,639.0,803.0,791.0,930.0,954.0,937.0,1034.0,,,,,,,,,,,,,,,,,,,,,,,,,,,,,,,,,,,,,,,,,,,,,,,,,,,,,,,,,,,,,,,,,,,,,,,,,,,,,,,,,,,,,,,,,,,,,,,,,,
50,18,41,34,65,50,47,36,52,41,54,34,42,29,30,27,43,47,58,50,74,60,85.0,64.0,118.0,59.0,184.0,166.0,165.0,123.0,158.0,93.0,96.0,102.0,95.0,40.0,125.0,85.0,128.0,77.0,100.0,41.0,66.0,72.0,98.0,0.0,74.0,39.0,117.0,55.0,154.0,133.0,270.0,83.0,52.0,50.0,71.0,60.0,59.0,69.0,73.0,51.0,51.0,57.0,28.0,37.0,188.0,24.0,26.0,27.0,20.0,28.0,39.0,44.0,68.0,13.0,1.0,1.0,556.0,550.0,657.0,657.0,,,,,,,,,,,,,,,,,,,,,,,,,,,,,,,,,,,,,,,,,,,,,,,,,,,,,,,,,,,,,,,,,,,,,,,,,,,,,,,,,,,,,,,,,,,,
51,16,36,-26,20,-9,1,-11,38,0,9,15,8,15,26,14,26,-61,-46,-49,-47,-58,-6.0,-24.0,-5.0,-24.0,7.0,12.0,8.0,10.0,112.0,99.0,115.0,14.0,85.0,69.0,162.0,142.0,162.0,137.0,192.0,125.0,132.0,120.0,120.0,108.0,122.0,125.0,165.0,152.0,324.0,190.0,208.0,127.0,210.0,-20.0,-26.0,-14.0,-14.0,-175.0,16.0,-400.0,-421.0,-461.0,-465.0,-459.0,-462.0,-437.0,-444.0,-412.0,-377.0,-505.0,-554.0,-587.0,-417.0,-413.0,-433.0,-477.0,-496.0,-500.0,-500.0,-466.0,-510.0,,,,,,,,,,,,,,,,,,,,,,,,,,,,,,,,,,,,,,,,,,,,,,,,,,,,,,,,,,,,,,,,,,,,,,,,,,,,,,,,,,,,,,,,,,,
52,20,25,33,67,56,34,47,38,41,41,22,36,30,25,23,37,25,19,27,39,24,14.0,-75.0,-57.0,-62.0,-60.0,-71.0,-53.0,-76.0,-73.0,-83.0,-91.0,-128.0,-48.0,-35.0,54.0,68.0,69.0,68.0,76.0,80.0,108.0,-137.0,-103.0,-108.0,54.0,0.0,150.0,-546.0,-512.0,-583.0,-548.0,-610.0,-620.0,-631.0,-646.0,-634.0,-660.0,-663.0,-670.0,-637.0,-639.0,-752.0,-753.0,-771.0,-756.0,-808.0,-792.0,-780.0,-650.0,-674.0,-596.0,-746.0,-682.0,-708.0,-779.0,-940.0,-929.0,-1024.0,-1051.0,-1400.0,,,,,,,,,,,,,,,,,,,,,,,,,,,,,,,,,,,,,,,,,,,,,,,,,,,,,,,,,,,,,,,,,,,,,,,,,,,,,,,,,,,,,,,,,,,,
53,8,53,17,11,-5,11,0,9,-4,-9,-49,0,-46,20,0,7,17,39,20,69,63,71.0,21.0,81.0,81.0,60.0,23.0,107.0,72.0,99.0,83.0,177.0,160.0,201.0,198.0,206.0,75.0,119.0,87.0,105.0,60.0,69.0,52.0,80.0,85.0,77.0,62.0,128.0,85.0,87.0,72.0,99.0,100.0,118.0,114.0,117.0,117.0,114.0,119.0,251.0,288.0,434.0,438.0,700.0,177.0,240.0,174.0,239.0,182.0,389.0,484.0,852.0,807.0,1117.0,1224.0,1279.0,1294.0,,,,,,,,,,,,,,,,,,,,,,,,,,,,,,,,,,,,,,,,,,,,,,,,,,,,,,,,,,,,,,,,,,,,,,,,,,,,,,,,,,,,,,,,,,,,,,,,
54,17,24,25,51,9,23,11,11,24,47,-27,23,24,28,21,33,25,71,65,47,23,32.0,21.0,54.0,25.0,88.0,-32.0,7.0,-51.0,176.0,158.0,204.0,178.0,178.0,107.0,173.0,182.0,175.0,167.0,202.0,200.0,199.0,223.0,217.0,233.0,500.0,669.0,726.0,753.0,706.0,755.0,726.0,768.0,811.0,,,,,,,,,,,,,,,,,,,,,,,,,,,,,,,,,,,,,,,,,,,,,,,,,,,,,,,,,,,,,,,,,,,,,,,,,,,,,,,,,,,,,,,,,,,,,,,,,,,,,,,,,,,,,,,,,,,,,,,
55,27,34,-13,21,17,34,20,28,7,5,13,16,11,17,8,42,11,23,0,0,-11,17.0,-13.0,-24.0,-13.0,5.0,-34.0,-23.0,-32.0,-23.0,-25.0,-18.0,-25.0,55.0,8.0,76.0,46.0,57.0,1.0,189.0,78.0,201.0,141.0,152.0,155.0,183.0,164.0,286.0,300.0,301.0,246.0,390.0,290.0,362.0,349.0,487.0,476.0,660.0,691.0,,,,,,,,,,,,,,,,,,,,,,,,,,,,,,,,,,,,,,,,,,,,,,,,,,,,,,,,,,,,,,,,,,,,,,,,,,,,,,,,,,,,,,,,,,,,,,,,,,,,,,,,,,,,,,,,,,
56,21,48,-29,2,-5,0,-23,5,-12,61,27,20,25,21,16,32,21,32,5,40,14,16.0,23.0,4.0,0.0,0.0,9.0,40.0,14.0,47.0,43.0,68.0,21.0,59.0,13.0,48.0,22.0,35.0,0.0,0.0,-45.0,-23.0,-46.0,-30.0,-28.0,-38.0,-30.0,4.0,-37.0,-11.0,-38.0,-6.0,-27.0,-22.0,-37.0,-37.0,-45.0,-66.0,-66.0,-25.0,-11.0,0.0,-110.0,-103.0,-144.0,-132.0,-185.0,-93.0,-98.0,85.0,-184.0,0.0,-162.0,47.0,27.0,61.0,49.0,120.0,-91.0,0.0,0.0,0.0,0.0,0.0,0.0,0.0,0.0,0.0,-38.0,0.0,0.0,0.0,-35.0,0.0,,,,,,,,,,,,,,,,,,,,,,,,,,,,,,,,,,,,,,,,,,,,,,,,,,,,,,,,,,,,,,,,,,,,,,,,,,,,,,,
57,40,52,51,42,29,40,40,36,25,18,15,32,27,35,20,26,13,23,0,7,12,20.0,15.0,22.0,19.0,16.0,19.0,18.0,8.0,18.0,0.0,45.0,7.0,21.0,-11.0,3.0,0.0,13.0,-13.0,-3.0,-16.0,-16.0,-20.0,-24.0,-19.0,5.0,-9.0,-1.0,-38.0,0.0,-3.0,0.0,-2.0,-2.0,0.0,0.0,0.0,0.0,0.0,0.0,0.0,0.0,0.0,,,,,,,,,,,,,,,,,,,,,,,,,,,,,,,,,,,,,,,,,,,,,,,,,,,,,,,,,,,,,,,,,,,,,,,,,,,,,,,,,,,,,,,,,,,,,,,,,,,,,,,,,,,,,,
58,19,34,31,39,25,46,43,33,28,30,22,25,23,28,35,37,32,33,0,0,0,6.0,12.0,10.0,0.0,35.0,14.0,29.0,22.0,28.0,17.0,26.0,0.0,62.0,65.0,104.0,92.0,126.0,93.0,120.0,94.0,132.0,142.0,151.0,137.0,140.0,133.0,151.0,145.0,143.0,100.0,401.0,146.0,181.0,108.0,128.0,136.0,154.0,81.0,275.0,278.0,275.0,254.0,820.0,810.0,,,,,,,,,,,,,,,,,,,,,,,,,,,,,,,,,,,,,,,,,,,,,,,,,,,,,,,,,,,,,,,,,,,,,,,,,,,,,,,,,,,,,,,,,,,,,,,,,,,,,,,,,,,,
59,26,42,32,42,10,71,51,79,1,11,20,36,30,32,17,15,-18,5,-12,-17,-18,-18.0,-33.0,-18.0,-51.0,-3.0,-22.0,32.0,-5.0,11.0,7.0,28.0,6.0,23.0,43.0,42.0,43.0,52.0,40.0,65.0,4.0,30.0,15.0,25.0,31.0,21.0,16.0,15.0,-2.0,3.0,-11.0,0.0,-11.0,-6.0,-9.0,4.0,-58.0,-58.0,-44.0,-13.0,-62.0,-20.0,-63.0,-11.0,-30.0,-6.0,-21.0,-5.0,-10.0,-13.0,-6.0,-8.0,-51.0,,,,,,,,,,,,,,,,,,,,,,,,,,,,,,,,,,,,,,,,,,,,,,,,,,,,,,,,,,,,,,,,,,,,,,,,,,,,,,,,,,,,,,,,,,,,,,,,,,,,
60,29,31,27,53,22,38,0,39,34,23,26,48,38,24,0,23,15,31,-3,0,-4,10.0,-16.0,-7.0,-11.0,-13.0,-55.0,-12.0,-70.0,-7.0,-8.0,-4.0,-1.0,16.0,-36.0,-28.0,-35.0,-9.0,-34.0,-8.0,-10.0,14.0,19.0,9.0,0.0,3.0,7.0,-12.0,0.0,-11.0,-8.0,53.0,36.0,27.0,27.0,40.0,33.0,105.0,58.0,49.0,17.0,84.0,65.0,150.0,118.0,152.0,46.0,54.0,62.0,72.0,46.0,77.0,21.0,118.0,116.0,99.0,117.0,93.0,106.0,107.0,50.0,75.0,54.0,41.0,0.0,21.0,22.0,123.0,93.0,51.0,56.0,52.0,64.0,44.0,0.0,40.0,77.0,119.0,-26.0,0.0,0.0,0.0,0.0,0.0,-5.0,-52.0,-31.0,-17.0,-22.0,-13.0,-40.0,-8.0,-16.0,-16.0,,,,,,,,,,,,,,,,,,,,,,,,,,,,,,,,,,,,,,,,,,,,,,,,,,,,,,,,,,,
61,26,54,56,55,52,40,35,39,-1,49,36,34,28,33,24,31,40,89,63,98,60,77.0,60.0,71.0,18.0,81.0,69.0,75.0,65.0,72.0,69.0,62.0,61.0,54.0,53.0,65.0,65.0,54.0,72.0,66.0,77.0,65.0,65.0,64.0,46.0,70.0,47.0,71.0,72.0,54.0,18.0,159.0,38.0,73.0,72.0,98.0,29.0,37.0,15.0,24.0,24.0,30.0,-33.0,-23.0,-135.0,-139.0,-158.0,-37.0,-211.0,0.0,-6.0,-16.0,-23.0,-32.0,-34.0,0.0,0.0,0.0,0.0,0.0,0.0,0.0,0.0,0.0,0.0,0.0,0.0,0.0,-8.0,9.0,-14.0,0.0,-7.0,-10.0,-33.0,9.0,10.0,10.0,8.0,10.0,0.0,23.0,27.0,62.0,67.0,132.0,116.0,105.0,67.0,82.0,97.0,250.0,91.0,76.0,23.0,9.0,11.0,194.0,177.0,164.0,438.0,438.0,,,,,,,,,,,,,,,,,,,,,,,,,,,,,,,,,,,,,,,,,,,,,,,,,,,
62,23,38,40,41,13,24,23,28,15,27,9,16,3,8,-5,36,27,25,26,23,35,34.0,27.0,19.0,21.0,77.0,48.0,97.0,28.0,37.0,39.0,60.0,12.0,83.0,14.0,156.0,82.0,102.0,96.0,118.0,82.0,90.0,86.0,80.0,74.0,150.0,107.0,81.0,80.0,89.0,62.0,55.0,44.0,55.0,34.0,51.0,53.0,72.0,36.0,99.0,87.0,84.0,68.0,126.0,30.0,40.0,23.0,44.0,8.0,49.0,9.0,45.0,40.0,33.0,31.0,29.0,11.0,11.0,10.0,10.0,0.0,0.0,0.0,0.0,0.0,0.0,0.0,0.0,0.0,6.0,0.0,0.0,0.0,0.0,0.0,0.0,0.0,0.0,0.0,0.0,0.0,,,,,,,,,,,,,,,,,,,,,,,,,,,,,,,,,,,,,,,,,,,,,,,,,,,,,,,,,,,,,,,,,,,,,,,,
63,13,51,55,45,19,35,20,36,28,22,0,13,7,2,2,36,14,40,10,17,0,0.0,0.0,35.0,-22.0,31.0,35.0,31.0,14.0,29.0,34.0,134.0,70.0,58.0,71.0,76.0,0.0,92.0,45.0,49.0,56.0,230.0,121.0,162.0,149.0,249.0,240.0,250.0,253.0,461.0,442.0,561.0,497.0,603.0,617.0,662.0,634.0,760.0,767.0,863.0,834.0,888.0,960.0,,,,,,,,,,,,,,,,,,,,,,,,,,,,,,,,,,,,,,,,,,,,,,,,,,,,,,,,,,,,,,,,,,,,,,,,,,,,,,,,,,,,,,,,,,,,,,,,,,,,,,,,,,,,,,
64,27,35,35,27,26,48,20,42,29,41,35,32,27,32,26,28,15,20,16,20,5,9.0,-17.0,-9.0,-25.0,-22.0,-24.0,45.0,30.0,27.0,32.0,64.0,32.0,54.0,55.0,46.0,51.0,210.0,213.0,217.0,207.0,209.0,209.0,230.0,235.0,248.0,217.0,235.0,235.0,345.0,355.0,354.0,252.0,376.0,357.0,364.0,398.0,397.0,392.0,406.0,394.0,419.0,372.0,387.0,328.0,337.0,337.0,361.0,269.0,291.0,234.0,302.0,293.0,430.0,466.0,489.0,513.0,505.0,487.0,495.0,501.0,479.0,408.0,411.0,355.0,412.0,380.0,419.0,442.0,417.0,407.0,396.0,432.0,437.0,260.0,470.0,478.0,561.0,551.0,536.0,592.0,591.0,582.0,668.0,702.0,,,,,,,,,,,,,,,,,,,,,,,,,,,,,,,,,,,,,,,,,,,,,,,,,,,,,,,,,,,,,,,,,,,,
65,20,46,18,46,7,34,17,17,25,31,19,42,21,26,34,23,10,33,-9,10,-30,-28.0,-52.0,-27.0,-38.0,-36.0,-45.0,-53.0,-77.0,-60.0,-51.0,-31.0,-50.0,-37.0,-51.0,-29.0,-38.0,-27.0,-52.0,-39.0,-59.0,-44.0,-29.0,-25.0,-62.0,-10.0,0.0,-11.0,-13.0,0.0,-2.0,0.0,-1.0,0.0,-18.0,-9.0,0.0,-18.0,-8.0,15.0,0.0,31.0,10.0,7.0,18.0,12.0,-4.0,-3.0,-8.0,,,,,,,,,,,,,,,,,,,,,,,,,,,,,,,,,,,,,,,,,,,,,,,,,,,,,,,,,,,,,,,,,,,,,,,,,,,,,,,,,,,,,,,,,,,,,,,,,,,,,,,,
66,35,20,29,35,24,42,23,30,30,28,17,24,11,41,27,49,35,36,-34,72,-34,78.0,-99.0,-56.0,-93.0,-99.0,-93.0,-84.0,-92.0,-92.0,-90.0,-88.0,-239.0,-181.0,-148.0,-96.0,-147.0,-112.0,-273.0,-214.0,-307.0,-296.0,-415.0,-343.0,-382.0,-387.0,-423.0,-432.0,-460.0,-323.0,-358.0,-335.0,-455.0,-380.0,-439.0,-383.0,-545.0,-494.0,-482.0,-496.0,-413.0,-437.0,-447.0,-418.0,-534.0,-499.0,-677.0,-674.0,-681.0,-680.0,-687.0,-687.0,-678.0,-677.0,,,,,,,,,,,,,,,,,,,,,,,,,,,,,,,,,,,,,,,,,,,,,,,,,,,,,,,,,,,,,,,,,,,,,,,,,,,,,,,,,,,,,,,,,,,,,,,,,,,
67,27,46,34,41,28,31,20,25,19,24,12,20,26,21,0,23,10,27,25,37,31,37.0,6.0,11.0,-3.0,25.0,-18.0,3.0,-17.0,-15.0,12.0,0.0,0.0,0.0,0.0,0.0,0.0,0.0,0.0,0.0,0.0,0.0,0.0,0.0,0.0,0.0,10.0,0.0,0.0,0.0,0.0,0.0,0.0,0.0,0.0,0.0,0.0,0.0,0.0,0.0,0.0,0.0,,,,,,,,,,,,,,,,,,,,,,,,,,,,,,,,,,,,,,,,,,,,,,,,,,,,,,,,,,,,,,,,,,,,,,,,,,,,,,,,,,,,,,,,,,,,,,,,,,,,,,,,,,,,,,,
68,24,43,21,31,27,39,35,52,30,43,12,47,12,30,13,52,9,13,19,28,0,-1.0,-13.0,-7.0,-12.0,39.0,3.0,16.0,25.0,25.0,7.0,32.0,46.0,46.0,44.0,50.0,42.0,57.0,-7.0,43.0,18.0,14.0,24.0,8.0,0.0,9.0,-16.0,0.0,0.0,0.0,0.0,0.0,0.0,31.0,19.0,19.0,28.0,24.0,25.0,57.0,30.0,36.0,26.0,41.0,24.0,23.0,32.0,51.0,59.0,41.0,37.0,26.0,28.0,29.0,0.0,22.0,30.0,36.0,0.0,80.0,119.0,250.0,242.0,311.0,346.0,336.0,328.0,350.0,395.0,428.0,399.0,468.0,475.0,458.0,334.0,377.0,241.0,265.0,255.0,301.0,163.0,264.0,157.0,347.0,262.0,365.0,437.0,427.0,460.0,446.0,563.0,613.0,155.0,155.0,80.0,64.0,42.0,80.0,71.0,375.0,436.0,535.0,393.0,395.0,260.0,314.0,334.0,287.0,222.0,191.0,193.0,182.0,164.0,226.0,244.0,175.0,299.0,398.0,358.0,369.0,332.0,474.0,561.0,643.0,675.0,682.0,721.0,766.0,749.0,745.0,732.0,727.0,373.0,363.0,352.0,341.0,339.0,338.0,0.0,0.0,0.0,0.0,0.0,,,,,,,,,,
69,38,47,41,37,25,36,34,42,49,63,13,6,-3,32,16,31,10,32,17,29,-17,7.0,-8.0,9.0,6.0,41.0,-10.0,3.0,0.0,43.0,-46.0,-27.0,-53.0,6.0,12.0,15.0,11.0,39.0,-63.0,-64.0,-40.0,-70.0,-65.0,-57.0,-333.0,-353.0,-332.0,-11.0,-117.0,0.0,-1.0,32.0,-193.0,-160.0,-193.0,-151.0,-604.0,-712.0,-719.0,-732.0,-739.0,-761.0,-733.0,-762.0,-765.0,-773.0,,,,,,,,,,,,,,,,,,,,,,,,,,,,,,,,,,,,,,,,,,,,,,,,,,,,,,,,,,,,,,,,,,,,,,,,,,,,,,,,,,,,,,,,,,,,,,,,,,,,,,,,,,,
70,24,46,27,38,27,38,33,55,49,42,36,49,46,51,40,36,36,37,36,35,27,38.0,29.0,30.0,16.0,34.0,22.0,25.0,22.0,34.0,6.0,29.0,32.0,62.0,29.0,20.0,27.0,25.0,0.0,15.0,10.0,9.0,-1.0,0.0,0.0,0.0,0.0,0.0,-6.0,-3.0,-19.0,-22.0,-26.0,-7.0,-25.0,-4.0,0.0,0.0,0.0,0.0,0.0,0.0,0.0,,,,,,,,,,,,,,,,,,,,,,,,,,,,,,,,,,,,,,,,,,,,,,,,,,,,,,,,,,,,,,,,,,,,,,,,,,,,,,,,,,,,,,,,,,,,,,,,,,,,,,,,,,,,,,
71,-11,17,38,23,16,38,11,8,3,23,-9,45,25,45,43,70,43,38,3,0,-5,0.0,-32.0,-19.0,-22.0,-28.0,-25.0,-32.0,-33.0,3.0,-49.0,-21.0,-113.0,-76.0,-145.0,-153.0,-199.0,-190.0,-214.0,-160.0,-160.0,-41.0,-72.0,-50.0,-88.0,-21.0,-94.0,-62.0,-66.0,21.0,-7.0,0.0,-77.0,25.0,5.0,18.0,-154.0,-219.0,-210.0,-254.0,-285.0,-270.0,-320.0,-326.0,-259.0,-276.0,-363.0,-378.0,-427.0,-273.0,-269.0,-269.0,-309.0,-229.0,-619.0,-574.0,-604.0,-612.0,-642.0,-646.0,-656.0,-631.0,-966.0,-1017.0,,,,,,,,,,,,,,,,,,,,,,,,,,,,,,,,,,,,,,,,,,,,,,,,,,,,,,,,,,,,,,,,,,,,,,,,,,,,,,,,,,,,,,,,,
72,28,45,45,40,5,23,11,12,15,18,14,26,6,28,19,31,16,49,35,47,37,35.0,41.0,33.0,28.0,49.0,-18.0,5.0,20.0,67.0,26.0,56.0,36.0,12.0,35.0,8.0,-11.0,-15.0,0.0,4.0,-34.0,1.0,-5.0,69.0,21.0,115.0,71.0,105.0,76.0,102.0,92.0,93.0,56.0,88.0,86.0,98.0,30.0,18.0,15.0,16.0,17.0,36.0,18.0,18.0,40.0,,,,,,,,,,,,,,,,,,,,,,,,,,,,,,,,,,,,,,,,,,,,,,,,,,,,,,,,,,,,,,,,,,,,,,,,,,,,,,,,,,,,,,,,,,,,,,,,,,,,,,,,,,,,
73,36,39,38,44,23,29,22,29,23,31,30,27,5,40,28,22,18,21,6,16,0,17.0,-13.0,55.0,40.0,16.0,17.0,48.0,36.0,33.0,33.0,35.0,29.0,50.0,53.0,55.0,41.0,53.0,39.0,79.0,70.0,72.0,60.0,90.0,78.0,95.0,61.0,42.0,46.0,58.0,46.0,64.0,47.0,61.0,58.0,73.0,57.0,95.0,31.0,41.0,19.0,49.0,55.0,43.0,43.0,50.0,0.0,0.0,0.0,,,,,,,,,,,,,,,,,,,,,,,,,,,,,,,,,,,,,,,,,,,,,,,,,,,,,,,,,,,,,,,,,,,,,,,,,,,,,,,,,,,,,,,,,,,,,,,,,,,,,,,,
74,28,42,24,49,45,57,14,18,22,29,18,40,41,37,16,55,54,96,34,87,70,144.0,38.0,49.0,24.0,41.0,-40.0,-23.0,-56.0,-11.0,-128.0,-117.0,-155.0,-127.0,-135.0,-142.0,-137.0,-138.0,-204.0,-185.0,-288.0,-300.0,-339.0,-350.0,-385.0,-386.0,-409.0,-412.0,-418.0,-398.0,-476.0,-436.0,-459.0,-484.0,-456.0,-442.0,-596.0,-530.0,-603.0,-543.0,-888.0,-692.0,-9998.0,-9999.0,,,,,,,,,,,,,,,,,,,,,,,,,,,,,,,,,,,,,,,,,,,,,,,,,,,,,,,,,,,,,,,,,,,,,,,,,,,,,,,,,,,,,,,,,,,,,,,,,,,,,,,,,,,,,
75,37,55,28,48,13,31,27,28,30,39,25,27,28,14,18,41,20,30,26,43,39,42.0,39.0,43.0,27.0,53.0,24.0,43.0,20.0,24.0,16.0,21.0,-53.0,-17.0,-60.0,-39.0,-44.0,-53.0,-124.0,-73.0,-78.0,-58.0,-108.0,-101.0,-113.0,-109.0,-94.0,-97.0,-111.0,-75.0,-122.0,-59.0,-128.0,-50.0,-67.0,-50.0,-100.0,-58.0,-79.0,-59.0,-62.0,-61.0,-138.0,-129.0,-137.0,-121.0,-117.0,-48.0,-128.0,-52.0,-50.0,-15.0,-14.0,0.0,0.0,0.0,-11.0,-12.0,-135.0,-23.0,-44.0,-46.0,-274.0,-52.0,-133.0,-86.0,-165.0,-97.0,-143.0,-86.0,-75.0,-47.0,-68.0,-42.0,-58.0,-41.0,-51.0,-41.0,-46.0,-49.0,-33.0,-33.0,-88.0,-82.0,-109.0,-111.0,-101.0,-268.0,-369.0,-478.0,-492.0,-512.0,-552.0,-567.0,-549.0,-602.0,-532.0,-696.0,-696.0,-35.0,-26.0,-15.0,-30.0,-24.0,-495.0,-22.0,-22.0,0.0,-446.0,-403.0,-452.0,-471.0,-502.0,-520.0,-520.0,-455.0,-520.0,-582.0,-706.0,-567.0,-535.0,-513.0,-677.0,-771.0,-848.0,-607.0,-634.0,-735.0,-733.0,-735.0,-736.0,-734.0,-742.0,-737.0,-740.0,-770.0,,,,,,,,,,,,,,,,,
76,24,50,42,61,57,77,54,60,52,50,53,51,34,52,45,51,32,25,17,67,7,6.0,0.0,14.0,-32.0,158.0,154.0,221.0,216.0,320.0,150.0,237.0,128.0,150.0,142.0,182.0,144.0,133.0,92.0,97.0,47.0,58.0,86.0,92.0,73.0,132.0,87.0,132.0,134.0,124.0,115.0,168.0,174.0,202.0,149.0,449.0,525.0,564.0,569.0,,,,,,,,,,,,,,,,,,,,,,,,,,,,,,,,,,,,,,,,,,,,,,,,,,,,,,,,,,,,,,,,,,,,,,,,,,,,,,,,,,,,,,,,,,,,,,,,,,,,,,,,,,,,,,,,,,
77,20,33,36,36,12,31,26,54,20,14,-6,-1,8,64,67,50,67,87,61,82,74,91.0,53.0,87.0,41.0,70.0,89.0,73.0,58.0,61.0,27.0,197.0,190.0,197.0,197.0,206.0,225.0,212.0,164.0,195.0,189.0,297.0,287.0,325.0,148.0,341.0,366.0,380.0,375.0,507.0,409.0,449.0,489.0,484.0,533.0,614.0,582.0,640.0,538.0,645.0,422.0,446.0,346.0,370.0,375.0,412.0,371.0,362.0,389.0,367.0,380.0,406.0,422.0,478.0,427.0,481.0,435.0,530.0,314.0,419.0,333.0,331.0,136.0,101.0,67.0,404.0,412.0,406.0,363.0,468.0,109.0,38.0,0.0,,,,,,,,,,,,,,,,,,,,,,,,,,,,,,,,,,,,,,,,,,,,,,,,,,,,,,,,,,,,,,,,,,,,,,,,,,,,,,,,
78,35,32,28,42,27,34,29,31,41,53,36,57,47,55,37,50,38,57,59,66,65,160.0,145.0,203.0,137.0,271.0,288.0,322.0,290.0,355.0,254.0,261.0,268.0,385.0,226.0,227.0,206.0,210.0,180.0,227.0,183.0,292.0,262.0,310.0,323.0,277.0,125.0,406.0,137.0,177.0,73.0,159.0,133.0,140.0,-99.0,-118.0,-125.0,11.0,2.0,1.0,-22.0,0.0,0.0,0.0,0.0,0.0,0.0,0.0,0.0,0.0,0.0,,,,,,,,,,,,,,,,,,,,,,,,,,,,,,,,,,,,,,,,,,,,,,,,,,,,,,,,,,,,,,,,,,,,,,,,,,,,,,,,,,,,,,,,,,,,,,,,,,,,,,
79,16,28,9,12,9,14,-23,4,-19,11,-47,40,33,47,51,65,38,38,20,47,18,22.0,20.0,31.0,32.0,90.0,80.0,123.0,25.0,122.0,6.0,12.0,-8.0,2.0,-53.0,48.0,45.0,29.0,21.0,24.0,23.0,51.0,49.0,47.0,20.0,37.0,33.0,33.0,30.0,0.0,-25.0,-23.0,0.0,3.0,-26.0,11.0,2.0,10.0,26.0,37.0,2.0,1.0,0.0,3.0,-39.0,-30.0,-58.0,-25.0,-32.0,-12.0,-49.0,-17.0,-14.0,0.0,,,,,,,,,,,,,,,,,,,,,,,,,,,,,,,,,,,,,,,,,,,,,,,,,,,,,,,,,,,,,,,,,,,,,,,,,,,,,,,,,,,,,,,,,,,,,,,,,,,
80,28,58,31,33,43,56,52,47,62,73,49,54,35,52,44,47,14,32,15,15,4,10.0,0.0,19.0,12.0,9.0,21.0,41.0,32.0,30.0,-37.0,-18.0,-44.0,-19.0,-67.0,-63.0,-96.0,-46.0,-53.0,-31.0,-40.0,-44.0,-50.0,-41.0,-39.0,-7.0,-20.0,-14.0,-5.0,-11.0,0.0,0.0,-6.0,98.0,25.0,93.0,84.0,199.0,200.0,227.0,150.0,176.0,130.0,111.0,157.0,159.0,103.0,161.0,29.0,20.0,20.0,211.0,275.0,498.0,439.0,457.0,459.0,586.0,556.0,626.0,328.0,368.0,362.0,424.0,339.0,314.0,373.0,524.0,508.0,591.0,572.0,,,,,,,,,,,,,,,,,,,,,,,,,,,,,,,,,,,,,,,,,,,,,,,,,,,,,,,,,,,,,,,,,,,,,,,,,,,,,,,,,,
81,20,37,21,21,12,22,32,43,57,40,24,56,14,12,7,13,-17,48,21,19,4,38.0,32.0,52.0,33.0,33.0,29.0,25.0,25.0,36.0,0.0,0.0,-22.0,14.0,-27.0,-26.0,-21.0,0.0,-60.0,-80.0,-57.0,-70.0,-92.0,-75.0,-109.0,-102.0,-106.0,-26.0,-36.0,111.0,-37.0,150.0,157.0,182.0,180.0,280.0,365.0,424.0,407.0,761.0,495.0,601.0,618.0,762.0,722.0,748.0,800.0,798.0,898.0,983.0,1009.0,,,,,,,,,,,,,,,,,,,,,,,,,,,,,,,,,,,,,,,,,,,,,,,,,,,,,,,,,,,,,,,,,,,,,,,,,,,,,,,,,,,,,,,,,,,,,,,,,,,,,,
82,24,33,22,71,54,58,26,57,39,40,30,33,19,44,36,38,22,31,18,41,34,53.0,36.0,45.0,-4.0,24.0,0.0,18.0,12.0,33.0,8.0,3.0,2.0,12.0,-15.0,0.0,-8.0,-11.0,-12.0,0.0,-8.0,0.0,0.0,0.0,0.0,532.0,648.0,,,,,,,,,,,,,,,,,,,,,,,,,,,,,,,,,,,,,,,,,,,,,,,,,,,,,,,,,,,,,,,,,,,,,,,,,,,,,,,,,,,,,,,,,,,,,,,,,,,,,,,,,,,,,,,,,,,,,,,,,,,,,,
83,36,55,38,45,29,65,20,59,47,76,72,53,43,51,29,45,25,28,15,18,6,19.0,11.0,26.0,17.0,23.0,0.0,4.0,-16.0,4.0,-62.0,-1.0,-53.0,-43.0,-70.0,-58.0,-64.0,-53.0,-65.0,-57.0,-70.0,-20.0,-17.0,-19.0,-40.0,0.0,-7.0,0.0,-14.0,10.0,-123.0,-33.0,-29.0,-17.0,-24.0,-17.0,-37.0,-24.0,-43.0,-25.0,-35.0,-11.0,-26.0,-12.0,-17.0,-10.0,-12.0,4.0,-2.0,7.0,12.0,32.0,31.0,36.0,7.0,4.0,6.0,0.0,-12.0,0.0,0.0,0.0,-46.0,-7.0,-11.0,-11.0,-19.0,0.0,0.0,0.0,0.0,0.0,0.0,0.0,0.0,0.0,0.0,0.0,0.0,0.0,-7.0,0.0,-4.0,0.0,,,,,,,,,,,,,,,,,,,,,,,,,,,,,,,,,,,,,,,,,,,,,,,,,,,,,,,,,,,,,,,,,,,,,
84,21,44,38,38,8,21,21,64,41,37,16,20,12,21,17,34,17,33,26,43,35,40.0,45.0,47.0,36.0,92.0,93.0,102.0,81.0,85.0,80.0,83.0,80.0,108.0,36.0,53.0,47.0,62.0,10.0,33.0,16.0,19.0,20.0,30.0,4.0,19.0,22.0,76.0,37.0,73.0,80.0,88.0,50.0,53.0,-12.0,3.0,0.0,-5.0,0.0,6.0,-150.0,-141.0,-158.0,-140.0,,,,,,,,,,,,,,,,,,,,,,,,,,,,,,,,,,,,,,,,,,,,,,,,,,,,,,,,,,,,,,,,,,,,,,,,,,,,,,,,,,,,,,,,,,,,,,,,,,,,,,,,,,,,,
85,30,39,34,67,3,28,3,16,0,25,16,34,5,23,27,28,10,60,14,32,-4,5.0,-7.0,-1.0,-16.0,3.0,6.0,12.0,0.0,28.0,0.0,4.0,-15.0,0.0,-30.0,22.0,-35.0,-32.0,-31.0,-5.0,-25.0,-23.0,-18.0,-16.0,-25.0,-2.0,-1.0,-12.0,-4.0,0.0,-3.0,0.0,0.0,0.0,0.0,0.0,-15.0,-8.0,-9.0,-6.0,-781.0,-759.0,-735.0,-720.0,-691.0,-724.0,-735.0,-708.0,-711.0,-684.0,-731.0,-749.0,,,,,,,,,,,,,,,,,,,,,,,,,,,,,,,,,,,,,,,,,,,,,,,,,,,,,,,,,,,,,,,,,,,,,,,,,,,,,,,,,,,,,,,,,,,,,,,,,,,,,
86,16,35,28,64,49,53,55,39,42,39,41,42,27,37,25,72,57,86,38,90,75,52.0,56.0,54.0,64.0,162.0,140.0,150.0,56.0,109.0,54.0,160.0,167.0,175.0,192.0,181.0,181.0,231.0,164.0,177.0,186.0,217.0,168.0,181.0,206.0,275.0,221.0,231.0,103.0,393.0,299.0,287.0,320.0,386.0,461.0,479.0,432.0,424.0,418.0,1229.0,1256.0,1393.0,1435.0,,,,,,,,,,,,,,,,,,,,,,,,,,,,,,,,,,,,,,,,,,,,,,,,,,,,,,,,,,,,,,,,,,,,,,,,,,,,,,,,,,,,,,,,,,,,,,,,,,,,,,,,,,,,,,
87,28,31,6,26,-5,15,0,1,5,-8,-26,-11,-37,-31,-46,-4,-44,2,0,0,0,0.0,0.0,0.0,0.0,0.0,0.0,0.0,0.0,0.0,0.0,,,,,,,,,,,,,,,,,,,,,,,,,,,,,,,,,,,,,,,,,,,,,,,,,,,,,,,,,,,,,,,,,,,,,,,,,,,,,,,,,,,,,,,,,,,,,,,,,,,,,,,,,,,,,,,,,,,,,,,,,,,,,,,,,,,,,,,,,,,,,,
88,28,45,37,44,46,59,25,69,11,7,1,21,-8,1,1,1,-31,-7,-106,-17,-128,-68.0,-107.0,-31.0,-21.0,-1.0,-126.0,32.0,3.0,43.0,23.0,23.0,17.0,17.0,0.0,0.0,0.0,28.0,4.0,42.0,33.0,35.0,43.0,47.0,-9.0,48.0,36.0,62.0,41.0,57.0,61.0,169.0,127.0,145.0,144.0,151.0,97.0,105.0,86.0,115.0,52.0,62.0,51.0,65.0,34.0,71.0,35.0,51.0,48.0,47.0,29.0,33.0,38.0,39.0,36.0,169.0,183.0,187.0,232.0,252.0,52.0,87.0,71.0,143.0,107.0,123.0,133.0,136.0,36.0,140.0,8.0,33.0,26.0,58.0,0.0,3.0,2.0,13.0,3.0,3.0,3.0,7.0,2.0,8.0,4.0,10.0,0.0,4.0,0.0,0.0,0.0,7.0,0.0,17.0,8.0,17.0,15.0,8.0,4.0,8.0,0.0,16.0,0.0,0.0,0.0,0.0,-5.0,0.0,0.0,0.0,-5.0,-2.0,0.0,0.0,-14.0,0.0,,,,,,,,,,,,,,,,,,,,,,,,,,,,,,,,,,,,,
89,34,64,43,80,39,59,50,64,29,51,17,18,14,23,18,18,0,0,-16,-5,13,26.0,-72.0,-37.0,-16.0,-43.0,-42.0,-29.0,-19.0,-18.0,-26.0,-19.0,-29.0,-32.0,-55.0,-56.0,-48.0,-41.0,-75.0,-40.0,-76.0,-94.0,-104.0,-53.0,-121.0,-107.0,-145.0,-116.0,-144.0,-58.0,-143.0,-135.0,-166.0,-120.0,-130.0,-104.0,-138.0,-151.0,-166.0,-153.0,-127.0,-77.0,-367.0,-391.0,-453.0,-413.0,-440.0,-384.0,-583.0,-577.0,-628.0,-500.0,-753.0,-882.0,-904.0,-887.0,-2615.0,-2956.0,-9996.0,-9997.0,-9998.0,-9999.0,,,,,,,,,,,,,,,,,,,,,,,,,,,,,,,,,,,,,,,,,,,,,,,,,,,,,,,,,,,,,,,,,,,,,,,,,,,,,,,,,,,,,,,,,,,
90,32,57,-73,-67,-107,-46,-64,-26,-62,-25,-53,-27,-6,3,-23,70,-104,-74,-117,-97,-115,-66.0,-94.0,-92.0,-106.0,-68.0,-66.0,-67.0,-149.0,68.0,38.0,93.0,106.0,199.0,148.0,205.0,151.0,227.0,225.0,276.0,214.0,221.0,239.0,285.0,212.0,304.0,176.0,254.0,181.0,223.0,220.0,226.0,216.0,262.0,145.0,234.0,230.0,440.0,417.0,560.0,436.0,507.0,559.0,553.0,473.0,456.0,510.0,634.0,457.0,544.0,305.0,417.0,362.0,384.0,79.0,35.0,-220.0,-10.0,-155.0,40.0,0.0,0.0,0.0,0.0,-99.0,809.0,35.0,765.0,867.0,,,,,,,,,,,,,,,,,,,,,,,,,,,,,,,,,,,,,,,,,,,,,,,,,,,,,,,,,,,,,,,,,,,,,,,,,,,,,,,,,,,,
91,34,54,41,40,40,54,37,38,35,36,45,32,27,39,26,38,24,77,11,61,1,145.0,54.0,94.0,110.0,150.0,118.0,124.0,124.0,190.0,106.0,140.0,136.0,163.0,169.0,144.0,64.0,181.0,139.0,531.0,530.0,483.0,531.0,545.0,525.0,541.0,507.0,563.0,543.0,657.0,687.0,694.0,679.0,697.0,695.0,,,,,,,,,,,,,,,,,,,,,,,,,,,,,,,,,,,,,,,,,,,,,,,,,,,,,,,,,,,,,,,,,,,,,,,,,,,,,,,,,,,,,,,,,,,,,,,,,,,,,,,,,,,,,,,,,,,,,,
92,23,35,-7,2,5,15,-12,11,1,0,7,14,0,1,0,0,-6,35,19,52,23,66.0,62.0,95.0,38.0,71.0,72.0,77.0,70.0,84.0,71.0,111.0,97.0,135.0,91.0,203.0,175.0,208.0,153.0,213.0,180.0,201.0,171.0,181.0,184.0,140.0,77.0,73.0,43.0,105.0,70.0,87.0,79.0,90.0,51.0,74.0,42.0,43.0,43.0,38.0,38.0,80.0,6.0,26.0,31.0,38.0,51.0,33.0,26.0,58.0,43.0,69.0,49.0,84.0,60.0,64.0,32.0,27.0,48.0,50.0,0.0,87.0,81.0,154.0,-2.0,16.0,10.0,4.0,3.0,0.0,0.0,0.0,0.0,10.0,7.0,9.0,4.0,2.0,0.0,0.0,0.0,0.0,0.0,2.0,0.0,0.0,0.0,10.0,0.0,0.0,0.0,2.0,0.0,0.0,,,,,,,,,,,,,,,,,,,,,,,,,,,,,,,,,,,,,,,,,,,,,,,,,,,,,,,,,,,
93,33,30,13,40,-6,-2,-8,34,0,36,21,33,53,20,18,83,65,100,72,90,1,130.0,52.0,67.0,66.0,164.0,129.0,162.0,142.0,119.0,128.0,156.0,124.0,145.0,23.0,43.0,31.0,24.0,29.0,40.0,13.0,82.0,32.0,19.0,52.0,45.0,44.0,37.0,27.0,116.0,41.0,69.0,-212.0,-187.0,-223.0,-209.0,-237.0,-251.0,-309.0,-142.0,-126.0,-120.0,-174.0,-94.0,-92.0,-138.0,-272.0,-331.0,-428.0,-399.0,-465.0,-382.0,-389.0,-409.0,-409.0,-98.0,-231.0,-152.0,-221.0,-270.0,-307.0,-340.0,-473.0,-550.0,-631.0,-597.0,-631.0,-726.0,-772.0,-223.0,-294.0,-25.0,-18.0,0.0,0.0,0.0,0.0,0.0,-10.0,5.0,1.0,1.0,11.0,4.0,15.0,21.0,23.0,44.0,44.0,44.0,40.0,37.0,36.0,43.0,36.0,37.0,9.0,9.0,,,,,,,,,,,,,,,,,,,,,,,,,,,,,,,,,,,,,,,,,,,,,,,,,,,,,,,
94,23,39,24,29,-29,1,4,28,16,33,10,25,22,20,10,43,25,31,15,40,7,18.0,15.0,40.0,65.0,69.0,45.0,90.0,73.0,60.0,55.0,95.0,75.0,90.0,24.0,47.0,-11.0,35.0,-46.0,-25.0,-14.0,-2.0,-16.0,84.0,40.0,52.0,5.0,38.0,39.0,59.0,64.0,27.0,47.0,200.0,108.0,402.0,332.0,394.0,340.0,395.0,358.0,389.0,278.0,259.0,315.0,315.0,190.0,374.0,332.0,611.0,251.0,413.0,350.0,509.0,381.0,453.0,452.0,430.0,468.0,583.0,444.0,415.0,384.0,415.0,434.0,443.0,519.0,519.0,510.0,510.0,492.0,570.0,623.0,624.0,638.0,626.0,626.0,778.0,652.0,651.0,720.0,776.0,839.0,840.0,590.0,609.0,752.0,768.0,828.0,777.0,858.0,859.0,543.0,861.0,556.0,1026.0,1157.0,1203.0,976.0,1815.0,942.0,841.0,498.0,518.0,515.0,553.0,486.0,494.0,500.0,505.0,517.0,516.0,439.0,439.0,432.0,559.0,601.0,642.0,666.0,9987.0,1269.0,1295.0,1294.0,9997.0,9998.0,,,,,,,,,,,,,,,,,,,,,,,,,,,,
95,8,52,21,21,20,23,28,36,31,75,15,64,58,58,26,56,20,75,55,65,39,95.0,72.0,70.0,43.0,48.0,58.0,101.0,12.0,162.0,165.0,144.0,39.0,129.0,92.0,123.0,0.0,15.0,6.0,0.0,0.0,0.0,-37.0,-4.0,0.0,7.0,0.0,112.0,-116.0,-93.0,-86.0,-111.0,-130.0,-100.0,-151.0,-178.0,-159.0,-39.0,-152.0,-74.0,-74.0,-42.0,-163.0,-122.0,-130.0,-69.0,-96.0,-89.0,-132.0,-123.0,-134.0,-119.0,-135.0,-103.0,-131.0,-108.0,-300.0,-320.0,-319.0,-337.0,-430.0,-324.0,-340.0,-278.0,-253.0,-231.0,-255.0,-194.0,-448.0,-531.0,-767.0,-752.0,-812.0,-816.0,-966.0,-972.0,-1155.0,-1220.0,-1942.0,-1990.0,,,,,,,,,,,,,,,,,,,,,,,,,,,,,,,,,,,,,,,,,,,,,,,,,,,,,,,,,,,,,,,,,,,,,,,,,
96,31,27,24,22,14,30,6,12,12,30,20,39,22,38,16,17,17,20,13,5,-16,16.0,23.0,22.0,14.0,72.0,59.0,69.0,36.0,82.0,80.0,141.0,132.0,142.0,76.0,156.0,51.0,55.0,50.0,61.0,40.0,47.0,60.0,70.0,11.0,0.0,-2.0,30.0,-16.0,0.0,-22.0,-12.0,-14.0,0.0,-31.0,-17.0,-54.0,0.0,-7.0,0.0,0.0,46.0,39.0,137.0,120.0,147.0,75.0,113.0,-50.0,743.0,740.0,,,,,,,,,,,,,,,,,,,,,,,,,,,,,,,,,,,,,,,,,,,,,,,,,,,,,,,,,,,,,,,,,,,,,,,,,,,,,,,,,,,,,,,,,,,,,,,,,,,,,,
97,10,23,14,34,26,37,17,20,31,26,25,33,27,8,18,4,-10,8,12,32,-97,-1.0,0.0,21.0,-5.0,10.0,34.0,131.0,83.0,115.0,97.0,139.0,115.0,122.0,103.0,523.0,550.0,565.0,595.0,570.0,550.0,570.0,581.0,601.0,593.0,616.0,633.0,650.0,671.0,681.0,703.0,695.0,703.0,725.0,832.0,940.0,961.0,967.0,1112.0,,,,,,,,,,,,,,,,,,,,,,,,,,,,,,,,,,,,,,,,,,,,,,,,,,,,,,,,,,,,,,,,,,,,,,,,,,,,,,,,,,,,,,,,,,,,,,,,,,,,,,,,,,,,,,,,,,
98,21,44,29,37,25,40,17,27,23,55,39,67,57,103,84,89,85,102,81,151,28,42.0,-22.0,-14.0,-12.0,-16.0,-37.0,-28.0,-35.0,-35.0,-29.0,12.0,-32.0,-37.0,-45.0,-42.0,-49.0,-35.0,-81.0,0.0,-119.0,0.0,-29.0,-17.0,-33.0,-25.0,-42.0,-33.0,-113.0,-130.0,-105.0,-90.0,-177.0,-153.0,-221.0,-232.0,-227.0,-200.0,-430.0,-412.0,-438.0,-431.0,-408.0,-431.0,-405.0,-467.0,-479.0,-370.0,-398.0,-362.0,-360.0,-401.0,-334.0,-293.0,-307.0,-331.0,-295.0,-336.0,-347.0,-278.0,-348.0,-352.0,-363.0,-390.0,-477.0,-532.0,-551.0,-554.0,-603.0,-568.0,-616.0,-522.0,-627.0,-596.0,-606.0,-617.0,-815.0,-884.0,-879.0,-663.0,-715.0,-681.0,-756.0,-447.0,-788.0,-714.0,-774.0,-827.0,-804.0,-829.0,-829.0,-831.0,-840.0,1500.0,1594.0,,,,,,,,,,,,,,,,,,,,,,,,,,,,,,,,,,,,,,,,,,,,,,,,,,,,,,,,,,
99,19,55,48,82,56,64,60,68,15,20,20,19,16,42,21,18,11,27,11,49,34,37.0,28.0,35.0,-1.0,43.0,18.0,106.0,54.0,152.0,139.0,209.0,225.0,201.0,148.0,184.0,199.0,200.0,198.0,381.0,98.0,85.0,83.0,77.0,69.0,88.0,93.0,95.0,82.0,98.0,91.0,73.0,96.0,133.0,93.0,144.0,86.0,104.0,103.0,101.0,95.0,306.0,275.0,405.0,382.0,515.0,440.0,627.0,289.0,329.0,45.0,23.0,70.0,134.0,114.0,158.0,178.0,261.0,128.0,151.0,155.0,152.0,151.0,172.0,172.0,172.0,171.0,167.0,176.0,171.0,183.0,181.0,152.0,140.0,131.0,141.0,150.0,168.0,127.0,185.0,177.0,183.0,142.0,162.0,162.0,546.0,132.0,514.0,504.0,525.0,517.0,494.0,530.0,538.0,479.0,466.0,0.0,0.0,0.0,0.0,0.0,0.0,0.0,0.0,0.0,0.0,0.0,0.0,0.0,0.0,0.0,0.0,0.0,0.0,0.0,0.0,0.0,0.0,0.0,,,,,,,,,,,,,,,,,,,,,,,,,,,,,,,,,,
100,24,58,27,43,19,43,36,76,39,60,33,36,30,28,23,43,30,39,30,39,22,42.0,30.0,48.0,35.0,27.0,25.0,35.0,35.0,70.0,45.0,80.0,0.0,103.0,90.0,128.0,100.0,171.0,85.0,321.0,160.0,163.0,142.0,160.0,80.0,146.0,94.0,248.0,213.0,219.0,213.0,220.0,158.0,165.0,124.0,687.0,713.0,790.0,823.0,837.0,837.0,,,,,,,,,,,,,,,,,,,,,,,,,,,,,,,,,,,,,,,,,,,,,,,,,,,,,,,,,,,,,,,,,,,,,,,,,,,,,,,,,,,,,,,,,,,,,,,,,,,,,,,,,,,,,,,,
